Status,Date,Start_Time,End_Time,Duration,Alert,Reason,Issue,Comment,id,equipment_name,created_at
INACTIVE,2025-09-17,20:06:37,20:08:12,2,Yes,-,-,-,0006021f-c730-4533-9ac1-2e3679eb9540,IMA E06,2025-10-01 03:24:29.576452+00
INACTIVE,2025-09-20,17:49:13,17:50:18,1,No,-,-,-,002f00b4-b1b9-45a2-b5c8-8fa581e56772,IMA E06,2025-10-01 03:24:30.866611+00
ACTIVE,2025-09-23,08:50:48,08:52:48,2,No,-,-,-,00350f4b-5fd1-4160-a2cb-5e020148c1e0,IMA E06,2025-10-01 03:24:31.310218+00
ACTIVE,2025-09-18,09:28:56,09:48:56,20,No,-,-,-,003889e4-11ec-4cd6-957b-9d3456a5d405,IMA T19,2025-10-01 03:24:23.397716+00
INACTIVE,2025-09-26,21:09:28,21:10:58,2,Yes,Mechanical General,311 Crumpled filter paper,-,003c64cf-0d76-4004-b3f5-ca65d0e1659a,IMA T19,2025-10-01 03:24:26.969994+00
ACTIVE,2025-09-15,06:15:44,06:21:44,6,No,-,-,-,006a1214-766f-4b0f-a128-044778593f8c,IMA E06,2025-10-01 03:24:28.198188+00
ACTIVE,2025-09-22,11:08:23,11:11:23,3,No,-,-,-,00b4448b-8923-4374-998a-8e3546411168,IMA T19,2025-10-01 03:24:25.118773+00
ACTIVE,2025-09-26,13:10:33,13:48:03,38,No,-,-,-,00be27a1-b690-446b-a665-023a485c310a,IMA E06,2025-10-01 03:24:33.059588+00
ACTIVE,2025-09-29,15:39:30,15:45:00,6,No,-,-,-,00cfb284-0247-442e-aa3b-40b4e58b2e31,IMA T19,2025-10-01 03:24:27.585911+00
ACTIVE,2025-09-29,08:21:53,08:25:53,4,No,-,-,-,00d5651e-cc95-485d-b546-bdf57ff76eac,IMA E06,2025-10-01 03:24:33.928006+00
ACTIVE,2025-09-25,22:38:28,22:43:28,5,No,-,-,-,014f58d0-3d8a-4c91-b760-c630efeab227,IMA T19,2025-10-01 03:24:26.172856+00
INACTIVE,2025-09-19,15:10:48,15:23:53,13,Yes,Admin,143 TEA BREAK,-,0155c9d3-12fd-4ce3-ac6c-480f86afde38,IMA E06,2025-10-01 03:24:30.437349+00
ACTIVE,2025-09-17,18:54:25,19:09:25,15,No,-,-,-,0163b888-a400-4723-98cc-4b3ae412ab7e,IMA T19,2025-10-01 03:24:22.877579+00
INACTIVE,2025-09-16,10:47:41,10:50:21,3,No,-,-,-,01c14393-0142-4850-95af-41f0ac99e850,IMA T19,2025-10-01 03:24:22.074365+00
ACTIVE,2025-09-29,12:29:05,12:31:05,2,No,-,-,-,01c46695-33e0-42a6-a190-f3aa6e1bad14,IMA E06,2025-10-01 03:24:33.928006+00
ACTIVE,2025-09-26,03:30:07,03:34:37,4,No,-,-,-,01f0889a-f48f-4f95-85e8-e7fb0114a802,IMA E06,2025-10-01 03:24:33.059588+00
INACTIVE,2025-09-20,22:01:42,22:05:30,4,Yes,Admin,129 Weekly CLIRT,-,0203e3b1-db44-4639-8b16-3e663f84b6c7,IMA T19,2025-10-01 03:24:24.504481+00
ACTIVE,2025-09-19,23:18:12,23:45:42,28,No,-,-,-,02180476-27fa-4766-863d-09d3306466ef,IMA E06,2025-10-01 03:24:30.437349+00
ACTIVE,2025-09-27,06:45:40,07:08:11,23,No,-,-,-,02187b9a-6021-4bef-bf10-2ea4ea77940b,IMA E06,2025-10-01 03:24:33.48849+00
ACTIVE,2025-09-15,17:55:25,17:56:25,1,No,-,-,-,0234ea2c-5685-4f4b-8af1-826cb4ce9d91,IMA T19,2025-10-01 03:24:22.074365+00
INACTIVE,2025-09-29,07:40:11,07:42:45,3,Yes,Breakdown (Unplanned),-,falling alu,027dc38b-b7f7-46e5-b417-505fb599b27f,IMA E06,2025-10-01 03:24:33.928006+00
ACTIVE,2025-09-22,18:42:23,18:44:53,2,No,-,-,-,02960c56-6f81-4e8c-9167-6ab486a8d8de,IMA E06,2025-10-01 03:24:31.310218+00
ACTIVE,2025-09-17,22:59:55,23:15:55,16,No,-,-,-,02c66f38-313a-4cd4-8ec9-1d3861a6f344,IMA T19,2025-10-01 03:24:22.877579+00
INACTIVE,2025-09-29,08:28:27,08:30:54,2,Yes,-,-,-,02f175a6-49b3-4dd8-9cc7-a7fcda9f44e7,IMA E06,2025-10-01 03:24:33.928006+00
INACTIVE,2025-09-18,19:54:47,20:59:18,65,Yes,-,-,-,02f38f1e-436c-4407-bd22-939fd02215f0,IMA T19,2025-10-01 03:24:23.397716+00
ACTIVE,2025-09-19,13:58:16,14:16:46,18,No,-,-,-,0300a600-1953-4935-997a-88561e3e83bd,IMA T19,2025-10-01 03:24:23.908734+00
ACTIVE,2025-09-23,14:55:09,15:15:39,20,No,-,-,-,03173dc8-ab30-4fd7-ad24-2e01b189ffa3,IMA T19,2025-10-01 03:24:25.640136+00
ACTIVE,2025-09-18,07:16:34,07:22:04,6,No,-,-,-,0359bfd9-5546-4c2e-9233-eda5b57b0ff3,IMA T19,2025-10-01 03:24:23.397716+00
INACTIVE,2025-09-18,21:40:16,21:49:21,9,Yes,-,-,-,03834ce9-2d58-4cd9-8859-04ea6ac43e8b,IMA T19,2025-10-01 03:24:23.908734+00
INACTIVE,2025-09-27,21:14:01,21:33:01,19,No,-,-,-,0387a15d-798a-4e82-a6d5-4888556b07c2,IMA E06,2025-10-01 03:24:33.48849+00
ACTIVE,2025-09-17,18:12:48,18:28:48,16,No,-,-,-,038834d0-74ba-49fe-b3f7-e4f648c36f87,IMA E06,2025-10-01 03:24:29.576452+00
INACTIVE,2025-09-24,15:57:58,17:48:05,110,No,-,-,-,03963e38-cd9b-4945-b893-42d1e4fe8f38,IMA E06,2025-10-01 03:24:32.188922+00
ACTIVE,2025-09-23,12:47:19,12:56:49,10,No,-,-,-,03a0009c-db25-4cf8-8432-00f4b081702c,IMA T19,2025-10-01 03:24:25.118773+00
INACTIVE,2025-09-20,13:03:13,15:30:48,148,Yes,Admin,137 Meeting,-,03b9b254-edc9-477e-bcd7-ae0d112de18b,IMA E06,2025-10-01 03:24:30.866611+00
ACTIVE,2025-09-15,13:43:23,14:42:53,60,No,-,-,-,03bb9fd5-4b76-46b5-9b1b-50604df60ebb,IMA T19,2025-10-01 03:24:22.074365+00
ACTIVE,2025-09-23,21:04:12,21:06:42,2,No,-,-,-,03cc23ac-1222-4e81-86c5-6781ab35c15b,IMA T19,2025-10-01 03:24:25.640136+00
ACTIVE,2025-09-22,08:17:31,08:24:31,7,No,-,-,-,03cc69cf-46b3-444c-8513-0bf9544a1010,IMA E06,2025-10-01 03:24:30.866611+00
ACTIVE,2025-09-17,16:56:05,17:10:35,14,No,-,-,-,03dbc99f-e503-429e-ad2f-b76eb835e480,IMA T19,2025-10-01 03:24:22.877579+00
INACTIVE,2025-09-20,22:35:34,23:59:58,84,Yes,Quality / Rework,127 Reworks,-,03e7539c-e58b-4590-bad1-18028ef125ae,IMA T19,2025-10-01 03:24:24.504481+00
ACTIVE,2025-09-24,20:16:06,20:56:06,40,No,-,-,-,03fa4113-ec9d-490a-ab97-2c70b156d5fc,IMA E06,2025-10-01 03:24:32.188922+00
INACTIVE,2025-09-18,19:25:35,19:30:10,5,No,-,-,-,040b9950-1918-4707-97fc-70f18d28e515,IMA E06,2025-10-01 03:24:30.005057+00
ACTIVE,2025-09-25,16:38:40,16:39:40,1,No,-,-,-,041bcb01-87ed-4904-927e-4d8a73cd24ff,IMA T19,2025-10-01 03:24:26.172856+00
INACTIVE,2025-09-29,09:42:12,09:44:22,2,Yes,-,-,-,043cdf1d-022a-4d9e-a98c-3bc75d226c99,IMA E06,2025-10-01 03:24:33.928006+00
INACTIVE,2025-09-19,11:08:26,12:13:00,65,Yes,Admin,142 Break time,-,044a151c-0126-4252-b8b6-dffabe3157da,IMA T19,2025-10-01 03:24:23.908734+00
INACTIVE,2025-09-29,13:23:33,13:24:39,1,Yes,-,-,-,0455184e-c1b3-4da3-95d2-958d83fab5c2,IMA T19,2025-10-01 03:24:27.585911+00
ACTIVE,2025-09-29,08:44:08,08:47:38,4,No,-,-,-,04568345-a5ad-41e7-9c61-0be136ea8679,IMA E06,2025-10-01 03:24:33.928006+00
INACTIVE,2025-09-19,15:03:23,15:04:57,2,No,-,-,-,045be432-6cd0-402b-915a-28aa3b1a8883,IMA E06,2025-10-01 03:24:30.437349+00
ACTIVE,2025-09-23,16:50:57,16:52:27,2,No,-,-,-,046ec5a5-4887-4118-a829-63df51bdb8a5,IMA T19,2025-10-01 03:24:25.640136+00
INACTIVE,2025-09-18,20:54:45,21:56:29,62,Yes,-,-,-,04774672-6142-43bc-a089-f1530ee39da0,IMA E06,2025-10-01 03:24:30.005057+00
ACTIVE,2025-09-29,07:56:26,08:08:56,12,No,-,-,-,048731e5-a9c3-4ea2-ae44-1db32b8b4471,IMA T19,2025-10-01 03:24:27.585911+00
ACTIVE,2025-09-19,15:33:48,15:47:18,14,No,-,-,-,04b02535-fe3b-4a3c-abe2-af8ad3f0e2ff,IMA T19,2025-10-01 03:24:23.908734+00
ACTIVE,2025-09-24,15:41:09,15:44:09,3,No,-,-,-,04cbc87b-c927-4c02-bf53-076e98a818ec,IMA T19,2025-10-01 03:24:25.640136+00
INACTIVE,2025-09-15,13:10:05,13:11:09,1,No,-,-,-,04fba870-b2f4-4d47-90c6-ae01884a4b9a,IMA T19,2025-10-01 03:24:22.074365+00
ACTIVE,2025-09-17,14:07:24,14:27:44,20,No,-,-,-,04fe2aec-fa8b-4431-a601-2c2782f95bbc,IMA T19,2025-10-01 03:24:22.877579+00
INACTIVE,2025-09-26,10:40:10,10:41:15,1,No,-,-,-,0510bd8a-1c1b-439d-91be-b3fb961c5f9c,IMA E06,2025-10-01 03:24:33.059588+00
ACTIVE,2025-09-25,19:53:05,19:54:05,1,No,-,-,-,05138630-dfee-49b0-a4f2-2be1417be93a,IMA T19,2025-10-01 03:24:26.172856+00
INACTIVE,2025-09-19,19:59:58,20:01:08,1,No,-,-,-,0519fbf8-79e1-44d3-887f-385cdfb1d8ff,IMA E06,2025-10-01 03:24:30.437349+00
INACTIVE,2025-09-18,23:22:24,00:00:00,38,No,-,-,-,051c3992-b575-486f-a284-daa632971bea,IMA T19,2025-10-01 03:24:23.908734+00
ACTIVE,2025-09-20,19:50:42,19:54:12,4,No,-,-,-,052f2b18-6c24-47d8-aef3-ee9a43950172,IMA T19,2025-10-01 03:24:24.504481+00
ACTIVE,2025-09-22,18:32:29,19:00:59,28,No,-,-,-,05455102-9c52-40b0-92b6-ae7d3b4db777,IMA T19,2025-10-01 03:24:25.118773+00
ACTIVE,2025-09-27,12:48:35,12:58:35,10,No,-,-,-,05545579-977a-48b5-9ee8-9d51d768c280,IMA T19,2025-10-01 03:24:26.969994+00
ACTIVE,2025-09-27,23:00:08,23:01:38,2,No,-,-,-,05657de6-e538-48ef-8183-03cc7f825a41,IMA E06,2025-10-01 03:24:33.48849+00
ACTIVE,2025-09-20,22:49:35,22:58:35,9,No,-,-,-,05ad42c4-737a-4db5-8875-656a672e60a3,IMA E06,2025-10-01 03:24:30.866611+00
INACTIVE,2025-09-16,05:56:25,06:06:00,10,Yes,Drive & Transmission (Belts/Chains/Gears),639 Rotoy sealer belt damage,This is a test for duplication 103,05b641fc-2da1-4a21-be4a-2713032584a1,IMA E06,2025-10-01 03:24:29.128339+00
ACTIVE,2025-09-17,18:29:04,18:32:34,4,No,-,-,-,06113a35-e5bf-42ca-b798-d1b0494f7823,IMA E06,2025-10-01 03:24:29.576452+00
ACTIVE,2025-09-18,00:32:36,00:46:06,14,No,-,-,-,06168977-4b50-4be1-8efa-e4c6012baea7,IMA E06,2025-10-01 03:24:29.576452+00
ACTIVE,2025-09-24,09:37:17,09:38:47,2,No,-,-,-,06279d4c-531a-4299-a5e9-bde58ac3fcc5,IMA E06,2025-10-01 03:24:32.188922+00
INACTIVE,2025-09-29,13:03:06,13:04:11,1,No,-,-,-,0659823f-5021-422e-8f71-479cb93f60bb,IMA E06,2025-10-01 03:24:33.928006+00
ACTIVE,2025-09-27,13:15:45,14:37:15,82,No,-,-,-,065a4272-9794-41f2-be10-7370ad4d45fe,IMA T19,2025-10-01 03:24:26.969994+00
ACTIVE,2025-09-15,14:27:45,14:49:15,22,No,-,-,-,065a4b73-bf7b-47de-bfaf-9326b2ecbd73,IMA E06,2025-10-01 03:24:28.642092+00
ACTIVE,2025-09-24,00:32:33,00:49:03,16,No,-,-,-,068df662-2e41-4505-b6e6-1037fe0da004,IMA E06,2025-10-01 03:24:31.74892+00
ACTIVE,2025-09-19,08:11:02,08:27:02,16,No,-,-,-,06e210ed-dfaf-4851-91aa-caa35670eaaf,IMA T19,2025-10-01 03:24:23.908734+00
ACTIVE,2025-09-27,01:47:11,01:56:41,10,No,-,-,-,06eba002-5461-480e-9586-530121dc8751,IMA E06,2025-10-01 03:24:33.48849+00
ACTIVE,2025-09-27,08:43:22,08:47:52,4,No,-,-,-,0732edc7-5da2-4d2d-a040-2cacae217c1e,IMA T19,2025-10-01 03:24:26.969994+00
INACTIVE,2025-09-29,16:12:58,16:13:58,1,Yes,-,-,-,0748e5a5-a5bb-4aa3-ae35-ebe5fdd26a22,IMA E06,2025-10-01 03:24:34.339012+00
ACTIVE,2025-09-29,13:25:41,13:33:41,8,No,-,-,-,074c4931-0cbe-437e-adeb-5f933b8dfec5,IMA T19,2025-10-01 03:24:27.585911+00
ACTIVE,2025-09-25,14:06:09,14:53:09,47,No,-,-,-,074ea4ed-79f7-4541-85d6-252e90ddf4db,IMA T19,2025-10-01 03:24:26.172856+00
INACTIVE,2025-09-23,18:05:18,18:07:01,2,Yes,Material Shortage,304 No envelope,-,075ad32d-3d5d-42ef-ada8-32a884527163,IMA E06,2025-10-01 03:24:31.74892+00
ACTIVE,2025-09-20,03:07:07,03:08:07,1,No,-,-,-,076f71b2-98ab-4321-bf96-3bcf61c8b83d,IMA E06,2025-10-01 03:24:30.437349+00
ACTIVE,2025-09-16,06:44:20,07:04:50,20,No,-,-,-,078daabe-6df3-4930-acbb-2fbdde439b16,IMA E06,2025-10-01 03:24:29.128339+00
ACTIVE,2025-09-22,10:04:50,10:44:20,40,No,-,-,-,07930dcd-9977-4b96-84c6-5609b366b29a,IMA T19,2025-10-01 03:24:25.118773+00
ACTIVE,2025-09-22,19:26:54,19:27:54,1,No,-,-,-,079be932-688b-415e-8e80-f06dac8f765c,IMA T19,2025-10-01 03:24:25.118773+00
INACTIVE,2025-09-26,00:00:00,06:10:54,371,Yes,Admin,128 Daily CLIRT,-,07cde6d6-d3a9-4c71-874b-fb1205de52e2,IMA T19,2025-10-01 03:24:26.172856+00
ACTIVE,2025-09-27,12:16:15,12:33:15,17,No,-,-,-,07d205dd-d750-4953-b49b-cce27a65c34d,IMA T19,2025-10-01 03:24:26.969994+00
ACTIVE,2025-09-18,03:15:12,03:23:12,8,No,-,-,-,07e44f39-948b-4ef0-b51b-726fbc1f0cbf,IMA E06,2025-10-01 03:24:29.576452+00
ACTIVE,2025-09-23,17:21:29,17:33:59,12,No,-,-,-,080cc943-66e6-4e61-a2b9-9d2238f393e5,IMA T19,2025-10-01 03:24:25.640136+00
INACTIVE,2025-09-27,21:00:54,21:02:28,2,No,-,-,-,080f1bb9-674d-4ae8-8139-d168a785838f,IMA T19,2025-10-01 03:24:26.969994+00
ACTIVE,2025-09-18,21:56:12,21:58:12,2,No,-,-,-,081bbe59-a8ce-4f1d-916c-454afedf8cf2,IMA T19,2025-10-01 03:24:23.908734+00
ACTIVE,2025-09-23,20:34:14,20:49:14,15,No,-,-,-,082f8852-d234-4db7-be19-20ec5f0d008b,IMA E06,2025-10-01 03:24:31.74892+00
ACTIVE,2025-09-19,20:12:05,20:29:35,18,No,-,-,-,08424af5-4239-4d5f-a4d9-8925d99d7d1b,IMA E06,2025-10-01 03:24:30.437349+00
INACTIVE,2025-09-17,12:47:49,14:29:25,102,No,-,-,-,0843a3c6-ebbe-44ac-a1bf-b510d31e4db8,IMA E06,2025-10-01 03:24:29.128339+00
ACTIVE,2025-09-16,02:40:38,02:55:08,14,No,-,-,-,084ec182-f108-444d-90e2-e43d4761ee09,IMA E06,2025-10-01 03:24:29.128339+00
ACTIVE,2025-09-24,06:57:13,06:59:43,2,No,-,-,-,08643106-7238-44ec-aa9f-8347b9da792b,IMA E06,2025-10-01 03:24:32.188922+00
INACTIVE,2025-09-23,12:34:53,12:35:58,1,Yes,Packaging / Material Issues,349 Tag dettached from teabag,-,0864e7e3-c14f-4dca-bec9-e1b521608445,IMA E06,2025-10-01 03:24:31.74892+00
ACTIVE,2025-09-18,13:13:21,13:18:21,5,No,-,-,-,0865960a-9d61-4643-8873-9660b667837e,IMA T19,2025-10-01 03:24:23.397716+00
ACTIVE,2025-09-19,14:44:14,14:47:14,3,No,-,-,-,08779c59-edc0-4df4-a394-e93cc9aa4d45,IMA T19,2025-10-01 03:24:23.908734+00
INACTIVE,2025-09-25,16:33:21,16:35:55,3,Yes,Admin,128 Daily CLIRT,-,08a3d353-11ab-403c-a8b2-f26e02f207c9,IMA E06,2025-10-01 03:24:32.624437+00
INACTIVE,2025-09-23,05:21:48,05:54:23,33,No,-,-,-,08c2d5de-b86e-4f99-b980-ad03555c1ad2,IMA E06,2025-10-01 03:24:31.310218+00
ACTIVE,2025-09-27,17:57:33,18:00:03,2,No,-,-,-,0900d63e-1cf9-4849-916f-623745f11e9e,IMA T19,2025-10-01 03:24:26.969994+00
ACTIVE,2025-09-27,08:48:20,09:48:50,60,No,-,-,-,09563da2-4c95-47ec-b34f-967268f7cbb3,IMA T19,2025-10-01 03:24:26.969994+00
INACTIVE,2025-09-27,00:33:37,00:34:41,1,No,-,-,-,09603c09-39a8-4c8f-8d69-27e7762a6702,IMA E06,2025-10-01 03:24:33.48849+00
ACTIVE,2025-09-29,10:03:46,10:11:46,8,No,-,-,-,096bb454-0ee3-464a-8b0c-9021da677d2d,IMA E06,2025-10-01 03:24:33.928006+00
ACTIVE,2025-09-22,22:56:17,23:18:47,22,No,-,-,-,09745707-18f5-45b3-887d-7d70fe4aa917,IMA T19,2025-10-01 03:24:25.118773+00
INACTIVE,2025-09-19,08:17:44,08:20:01,2,No,-,-,-,09945b55-1a6c-40c3-9468-6be91515a2a9,IMA E06,2025-10-01 03:24:30.005057+00
ACTIVE,2025-09-26,21:14:53,21:35:23,20,No,-,-,-,09ae49b7-4e4a-4ea9-bfc5-1198e830eae5,IMA T19,2025-10-01 03:24:26.969994+00
ACTIVE,2025-09-19,17:41:50,17:50:20,8,No,-,-,-,09af858f-2857-4ea2-bad6-065ceb44fab6,IMA E06,2025-10-01 03:24:30.437349+00
INACTIVE,2025-09-30,18:32:05,18:33:29,1,No,-,-,-,09ee77c5-1f8c-4cc4-b738-48d8fe48c970,IMA T19,2025-10-01 03:24:28.198188+00
INACTIVE,2025-09-25,02:19:03,02:20:38,2,No,-,-,-,0a06554d-7856-453e-a605-2333399bdfaf,IMA E06,2025-10-01 03:24:32.188922+00
INACTIVE,2025-09-22,15:01:28,15:04:02,3,No,-,-,-,0a25773c-3aa6-450b-ad13-225a087a93b1,IMA T19,2025-10-01 03:24:25.118773+00
INACTIVE,2025-09-25,15:46:47,15:50:03,3,No,-,-,-,0a27bc9a-e804-405c-bf1c-4a32c7349b4a,IMA E06,2025-10-01 03:24:32.624437+00
INACTIVE,2025-09-26,15:10:21,15:12:55,3,Yes,-,-,-,0a3ac19d-64ef-4d0d-ba22-6dac65ff4be5,IMA T19,2025-10-01 03:24:26.172856+00
ACTIVE,2025-09-27,07:10:54,07:14:54,4,No,-,-,-,0aa43bd7-5a2f-41c4-aac2-c66c72d2dc34,IMA E06,2025-10-01 03:24:33.48849+00
ACTIVE,2025-09-29,21:24:38,21:37:38,13,No,-,-,-,0aa9f033-68f2-450f-a006-00f231e6fbb6,IMA T19,2025-10-01 03:24:28.198188+00
INACTIVE,2025-09-23,22:53:39,22:54:44,1,No,-,-,-,0ad98cfb-b065-4129-8162-cab22c506c04,IMA E06,2025-10-01 03:24:31.74892+00
INACTIVE,2025-09-29,13:08:49,13:10:25,2,No,-,-,-,0af07c4e-33ab-408d-a952-4f35cdf9c02e,IMA E06,2025-10-01 03:24:33.928006+00
ACTIVE,2025-09-26,16:08:28,17:08:58,60,No,-,-,-,0afb76e0-3e1f-4655-9c75-46613a1dccc8,IMA T19,2025-10-01 03:24:26.969994+00
INACTIVE,2025-09-25,00:42:37,00:57:11,15,Yes,Mechanical General,885 Sample Making,-,0b0a65bb-a464-4fe3-afdd-849f830f96c8,IMA E06,2025-10-01 03:24:32.188922+00
INACTIVE,2025-09-27,06:49:22,06:50:59,2,Yes,Mechanical General,311 Crumpled filter paper,-,0b22b366-28c7-4bd6-bb84-5c0c4afdaad2,IMA T19,2025-10-01 03:24:26.969994+00
ACTIVE,2025-09-18,08:27:48,08:32:18,4,No,-,-,-,0b3df5e3-11ba-42ad-856e-41f77a363eb9,IMA T19,2025-10-01 03:24:23.397716+00
ACTIVE,2025-09-23,23:46:28,23:48:58,2,No,-,-,-,0b43b15d-142b-4891-a62a-c22098eac22f,IMA E06,2025-10-01 03:24:31.74892+00
ACTIVE,2025-09-16,06:17:14,06:18:14,1,No,-,-,-,0b527b04-3ba9-4672-a6c9-aa62b55f3efd,IMA T19,2025-10-01 03:24:22.074365+00
ACTIVE,2025-09-23,00:00:00,00:19:58,20,No,-,-,-,0b5b15a5-6208-49d7-9959-ca0d21cc09d0,IMA E06,2025-10-01 03:24:31.310218+00
INACTIVE,2025-09-27,01:56:59,02:16:35,20,Yes,Admin,143 TEA BREAK,-,0b6b7c88-9a9d-45b0-b09b-661560f4ac26,IMA E06,2025-10-01 03:24:33.48849+00
ACTIVE,2025-09-23,18:42:20,18:54:50,12,No,-,-,-,0b6ff0d5-cf7b-4e13-af15-b5bb4e065ad0,IMA T19,2025-10-01 03:24:25.640136+00
INACTIVE,2025-09-23,19:51:49,19:53:50,2,No,-,-,-,0b71b733-f863-4ce5-ae05-6f3539fa312c,IMA T19,2025-10-01 03:24:25.640136+00
INACTIVE,2025-09-18,15:56:51,15:58:23,2,No,-,-,-,0b7eda93-6674-4602-a57e-0f015c09c985,IMA T19,2025-10-01 03:24:23.397716+00
ACTIVE,2025-09-30,06:47:03,06:56:03,9,No,-,-,-,0b8bfb7e-940d-4f0d-9689-4889bf377c3a,IMA T19,2025-10-01 03:24:28.198188+00
ACTIVE,2025-09-29,17:16:49,17:21:19,4,No,-,-,-,0be8fae2-d63e-4864-950f-41833e834a7e,IMA T19,2025-10-01 03:24:27.585911+00
INACTIVE,2025-09-24,19:55:18,20:59:18,64,Yes,Admin,142 Break time,break for dinner 🍽️,0c013386-fe6a-4248-9586-ce18a6766fd5,IMA T19,2025-10-01 03:24:26.172856+00
ACTIVE,2025-09-23,17:33:10,17:49:40,16,No,-,-,-,0c13ef8c-d0db-4668-80bc-85d33d1d9f0b,IMA E06,2025-10-01 03:24:31.74892+00
ACTIVE,2025-09-26,17:59:24,18:11:24,12,No,-,-,-,0c21d59e-3e4c-4ca8-a8fd-d732f6d0f2a1,IMA E06,2025-10-01 03:24:33.059588+00
ACTIVE,2025-09-19,21:14:16,22:00:46,46,No,-,-,-,0c27a4c7-bcba-4850-878d-890878a2ba0c,IMA T19,2025-10-01 03:24:24.504481+00
INACTIVE,2025-09-17,19:17:13,19:20:47,4,No,-,-,-,0c6ae998-c534-47d3-9614-863f6c234d00,IMA E06,2025-10-01 03:24:29.576452+00
ACTIVE,2025-09-30,18:52:03,18:53:33,2,No,-,-,-,0c75c84e-f564-4566-8019-31810335aeca,IMA T19,2025-10-01 03:24:28.198188+00
ACTIVE,2025-09-23,14:01:10,14:10:10,9,No,-,-,-,0c884527-8eb9-4ef0-8acd-83579a5bd4b2,IMA T19,2025-10-01 03:24:25.640136+00
ACTIVE,2025-09-15,21:16:46,21:24:46,8,No,-,-,-,0ca5eca4-b429-47fd-8c06-b0c0065333d6,IMA E06,2025-10-01 03:24:28.642092+00
ACTIVE,2025-09-26,06:14:30,06:29:00,14,No,-,-,-,0cb8c891-547e-4593-a963-0142ba2f4c13,IMA T19,2025-10-01 03:24:26.172856+00
ACTIVE,2025-09-26,16:42:31,16:53:31,11,No,-,-,-,0cc725cb-b8df-4351-afa9-cb2d1e7e7aa4,IMA E06,2025-10-01 03:24:33.059588+00
INACTIVE,2025-09-23,22:35:44,22:54:37,19,No,-,-,-,0cdbdba7-bac7-4828-a40d-df00cbf8bc08,IMA T19,2025-10-01 03:24:25.640136+00
ACTIVE,2025-09-18,15:06:02,15:07:32,2,No,-,-,-,0d1d5dd1-f4f2-455b-869f-00e87527d805,IMA T19,2025-10-01 03:24:23.397716+00
ACTIVE,2025-09-29,13:51:38,13:53:08,2,No,-,-,-,0d2a6919-1c22-459d-bb21-dae7a63ddaa8,IMA T19,2025-10-01 03:24:27.585911+00
ACTIVE,2025-09-17,10:51:26,10:59:26,8,No,-,-,-,0d32f1fc-9e8f-42e1-8b37-a23a4f1c4547,IMA T19,2025-10-01 03:24:22.877579+00
INACTIVE,2025-09-26,17:24:10,17:25:39,1,Yes,-,-,-,0d3e2f3c-fdf5-4ba2-a28d-3efc5ba57d6c,IMA T19,2025-10-01 03:24:26.969994+00
ACTIVE,2025-09-19,03:23:12,03:31:12,8,No,-,-,-,0d86b88a-2ac4-4f7d-b0eb-2638a4ee860a,IMA E06,2025-10-01 03:24:30.005057+00
ACTIVE,2025-09-26,13:57:22,13:58:22,1,No,-,-,-,0d9deeab-9249-44cf-be97-9e998a467ab5,IMA T19,2025-10-01 03:24:26.172856+00
ACTIVE,2025-09-29,15:02:34,15:07:04,4,No,-,-,-,0dd432cf-205e-4738-8ce0-3d4207c27558,IMA T19,2025-10-01 03:24:27.585911+00
INACTIVE,2025-09-24,10:46:22,12:21:57,96,Yes,Admin,138 Training,-,0ddd32c2-4575-4c90-bbe8-94e1cc174f08,IMA E06,2025-10-01 03:24:32.188922+00
ACTIVE,2025-09-26,19:13:01,19:19:31,6,No,-,-,-,0dea96b2-b834-4e7e-9be2-78e3fa81a7d6,IMA T19,2025-10-01 03:24:26.969994+00
ACTIVE,2025-09-22,22:26:28,22:34:58,8,No,-,-,-,0dfedca6-985c-40dd-bbce-eb2ebdd7dc60,IMA T19,2025-10-01 03:24:25.118773+00
ACTIVE,2025-09-18,04:15:39,04:29:09,14,No,-,-,-,0e0235ed-75d7-45b1-aecc-01a381a8273b,IMA E06,2025-10-01 03:24:29.576452+00
ACTIVE,2025-09-27,19:17:47,19:20:17,2,No,-,-,-,0e03bead-48dd-412d-99e5-e1e1b5cca938,IMA T19,2025-10-01 03:24:26.969994+00
ACTIVE,2025-09-15,06:40:48,06:43:48,3,No,-,-,-,0e0cbfbf-8320-4f7b-b8b1-74ecd6bc03f5,IMA E06,2025-10-01 03:24:28.642092+00
INACTIVE,2025-09-29,23:29:26,00:00:00,31,No,-,-,-,0e0ee3f4-3ae1-47b3-b3ea-a37dbf3dbcaf,IMA T19,2025-10-01 03:24:28.198188+00
ACTIVE,2025-09-17,10:01:09,10:09:39,8,No,-,-,-,0e26980b-10bf-487f-8962-7fc5b16b6855,IMA T19,2025-10-01 03:24:22.877579+00
INACTIVE,2025-09-18,17:07:13,17:08:48,2,No,-,-,-,0e665b9f-439b-499e-bd22-a68478d7eec3,IMA E06,2025-10-01 03:24:30.005057+00
ACTIVE,2025-09-24,07:19:40,07:21:40,2,No,-,-,-,0e692301-d326-414c-8c53-3f1b0309817d,IMA E06,2025-10-01 03:24:32.188922+00
ACTIVE,2025-09-29,06:31:30,06:32:30,1,No,-,-,-,0e71ff52-5d78-49ce-9028-8ccd43a6c58e,IMA T19,2025-10-01 03:24:26.969994+00
ACTIVE,2025-09-29,07:03:45,07:07:45,4,No,-,-,-,0e747a58-802a-4bc1-ad6c-8672ccd9795a,IMA E06,2025-10-01 03:24:33.928006+00
ACTIVE,2025-09-26,18:26:43,18:27:43,1,No,-,-,-,0e7a63ff-8003-4b69-bdc0-9cd7fa537a49,IMA E06,2025-10-01 03:24:33.059588+00
ACTIVE,2025-09-22,12:30:21,12:38:51,8,No,-,-,-,0e846e1d-77c0-496a-983d-602d93b43855,IMA T19,2025-10-01 03:24:25.118773+00
INACTIVE,2025-09-18,13:37:09,13:38:09,1,No,-,-,-,0e9b3c42-0dc7-414b-9717-88bbf76b230b,IMA T19,2025-10-01 03:24:23.397716+00
INACTIVE,2025-09-26,16:53:47,16:55:33,2,Yes,Mechanical General,400 Excess glue,-,0ea46a6b-cbea-494b-9c34-c1d37d04239b,IMA E06,2025-10-01 03:24:33.059588+00
ACTIVE,2025-09-19,20:01:28,20:11:58,10,No,-,-,-,0eb699f5-2330-4068-93a0-da24c2c7d461,IMA E06,2025-10-01 03:24:30.437349+00
INACTIVE,2025-09-22,10:44:55,10:46:59,2,Yes,-,-,-,0eba3ba7-a244-4deb-8e5a-62eee3ef7cf8,IMA T19,2025-10-01 03:24:25.118773+00
ACTIVE,2025-09-15,12:15:49,12:16:49,1,No,-,-,-,0ebdf307-4174-4ccc-ad02-3ce18d5f823c,IMA T19,2025-10-01 03:24:22.074365+00
ACTIVE,2025-09-30,06:12:29,06:15:59,4,No,-,-,-,0ecdea88-480b-416b-a883-63989d86bcc5,IMA T19,2025-10-01 03:24:28.198188+00
ACTIVE,2025-09-30,09:38:54,09:48:54,10,No,-,-,-,0ed072e6-b198-49a5-befe-fb2d362bef52,IMA T19,2025-10-01 03:24:28.198188+00
ACTIVE,2025-09-25,21:48:35,21:59:05,10,No,-,-,-,0ed47cab-16d7-4468-a778-bc979fc95af2,IMA E06,2025-10-01 03:24:32.624437+00
ACTIVE,2025-09-22,17:28:05,17:42:35,14,No,-,-,-,0f10cdf1-bf9b-441c-a364-7d54c0ff1692,IMA T19,2025-10-01 03:24:25.118773+00
ACTIVE,2025-09-22,14:41:56,14:55:56,14,No,-,-,-,0f4ac7b6-960e-4617-8ca9-0d80ff6729b0,IMA T19,2025-10-01 03:24:25.118773+00
ACTIVE,2025-09-25,10:07:55,10:09:25,2,No,-,-,-,0f57afe1-1d77-4c4d-a084-1538f04af148,IMA E06,2025-10-01 03:24:32.624437+00
INACTIVE,2025-09-20,01:55:45,02:16:19,21,Yes,Admin,143 TEA BREAK,-,0f9f3889-f376-4d29-9a57-027b8f66c953,IMA E06,2025-10-01 03:24:30.437349+00
ACTIVE,2025-09-17,12:22:38,12:36:38,14,No,-,-,-,0fc50cd6-100d-46dc-95ae-2d9b1f7b1922,IMA E06,2025-10-01 03:24:29.128339+00
ACTIVE,2025-09-19,06:18:51,06:21:21,2,No,-,-,-,0fe462c0-3aea-4533-83b6-931b22426b4b,IMA E06,2025-10-01 03:24:30.005057+00
INACTIVE,2025-09-29,15:37:06,15:39:04,2,Yes,-,-,-,102876a4-de37-4d9b-9586-5a2be9b9b43e,IMA T19,2025-10-01 03:24:27.585911+00
ACTIVE,2025-09-23,12:58:22,13:04:22,6,No,-,-,-,102bf16f-052b-495c-a592-d6e1b15ea983,IMA T19,2025-10-01 03:24:25.118773+00
ACTIVE,2025-09-22,12:50:15,12:57:45,8,No,-,-,-,102f5ffc-5350-4b7c-9c46-d1371601e296,IMA E06,2025-10-01 03:24:31.310218+00
ACTIVE,2025-09-27,19:33:14,19:35:14,2,No,-,-,-,10856a9e-618c-4dd3-a4fd-b9c2030c9a5f,IMA T19,2025-10-01 03:24:26.969994+00
ACTIVE,2025-09-15,06:46:19,06:54:49,8,No,-,-,-,1094104b-f8e9-4a81-8b29-c41bde928570,IMA E06,2025-10-01 03:24:28.642092+00
ACTIVE,2025-09-17,18:35:07,18:39:07,4,No,-,-,-,10a47708-03f1-4cd9-9a31-6ca5de94453a,IMA E06,2025-10-01 03:24:29.576452+00
INACTIVE,2025-09-19,19:54:04,21:01:08,67,Yes,Man power,142 Break time,-,10abf90a-a2a2-4231-bef5-189c60f14c77,IMA T19,2025-10-01 03:24:23.908734+00
ACTIVE,2025-09-29,16:42:10,16:48:10,6,No,-,-,-,10aec273-1d9a-4032-afdb-8966f8d454c4,IMA T19,2025-10-01 03:24:27.585911+00
ACTIVE,2025-09-18,00:15:51,00:32:21,16,No,-,-,-,10dc9a90-2da6-402e-a038-2396ebe8e894,IMA E06,2025-10-01 03:24:29.576452+00
ACTIVE,2025-09-20,08:20:34,09:02:34,42,No,-,-,-,10e9862e-4f79-462e-b7fc-f8deea7480be,IMA E06,2025-10-01 03:24:30.437349+00
INACTIVE,2025-09-18,00:13:29,00:15:34,2,No,-,-,-,10f4aa15-ece4-4fc7-8910-c857576ebdd1,IMA E06,2025-10-01 03:24:29.576452+00
INACTIVE,2025-09-30,06:05:25,06:08:25,3,No,-,-,-,11123711-0681-4ff7-8bbb-1952f2b5fcb8,IMA T19,2025-10-01 03:24:28.198188+00
INACTIVE,2025-09-26,20:21:06,20:22:11,1,No,-,-,-,112d4ead-3334-4b03-aaa5-023860e342b2,IMA E06,2025-10-01 03:24:33.059588+00
ACTIVE,2025-09-17,19:35:20,19:55:50,20,No,-,-,-,113cac98-43b8-448d-8576-bead3fb37485,IMA E06,2025-10-01 03:24:29.576452+00
ACTIVE,2025-09-16,05:26:40,05:33:10,6,No,-,-,-,11418197-0ad5-405a-ac78-857959549d34,IMA E06,2025-10-01 03:24:29.128339+00
ACTIVE,2025-09-22,06:58:41,07:01:41,3,No,-,-,-,114902ac-b918-4e83-b5a0-85301809f184,IMA E06,2025-10-01 03:24:30.866611+00
ACTIVE,2025-09-19,01:23:50,01:46:20,22,No,-,-,-,11493150-90f1-4ba2-839f-a4af1477667c,IMA E06,2025-10-01 03:24:30.005057+00
ACTIVE,2025-09-25,01:23:16,01:39:46,16,No,-,-,-,1164f7dc-18fc-4141-ba7b-696e4bee20f2,IMA E06,2025-10-01 03:24:32.188922+00
ACTIVE,2025-09-17,16:34:21,16:41:51,8,No,-,-,-,1172c291-8236-4bcd-be75-b654b683623a,IMA T19,2025-10-01 03:24:22.877579+00
ACTIVE,2025-09-23,16:53:08,17:20:08,27,No,-,-,-,119806b6-12ca-4881-a69a-4ccb7d8f2ceb,IMA T19,2025-10-01 03:24:25.640136+00
ACTIVE,2025-09-29,08:22:25,08:41:55,20,No,-,-,-,11a8a1aa-39ef-4861-b589-a0424a9a7da8,IMA T19,2025-10-01 03:24:27.585911+00
ACTIVE,2025-09-17,10:21:35,10:22:35,1,No,-,-,-,11c4c7f5-84d6-4370-b4a6-2d7bc395cedf,IMA T19,2025-10-01 03:24:22.877579+00
ACTIVE,2025-09-18,20:48:04,20:53:34,6,No,-,-,-,11e682c5-6778-46cc-bed9-3fd0fa964581,IMA E06,2025-10-01 03:24:30.005057+00
INACTIVE,2025-09-23,23:23:38,23:34:46,11,No,-,-,-,12149aa9-59c7-4879-928d-7d4f2de1e86e,IMA T19,2025-10-01 03:24:25.640136+00
INACTIVE,2025-09-29,13:39:55,13:42:30,3,No,-,-,-,12254dfd-462b-4808-855d-5d79cab36585,IMA E06,2025-10-01 03:24:34.339012+00
ACTIVE,2025-09-29,08:56:32,08:57:32,1,No,-,-,-,122af567-9f40-4914-bd4b-a2b89efd4968,IMA E06,2025-10-01 03:24:33.928006+00
ACTIVE,2025-09-20,16:53:48,17:28:18,34,No,-,-,-,122ef1dd-b427-4ccc-8875-177457090abe,IMA E06,2025-10-01 03:24:30.866611+00
ACTIVE,2025-09-27,07:50:23,08:07:53,18,No,-,-,-,125cc68b-b27a-4db5-b49e-bfa5a36af603,IMA E06,2025-10-01 03:24:33.48849+00
INACTIVE,2025-09-29,18:03:38,18:07:00,3,No,-,-,-,1272af0a-7b9d-4765-8f26-f082c51eb89a,IMA T19,2025-10-01 03:24:27.585911+00
INACTIVE,2025-09-19,16:03:54,16:09:20,5,No,-,-,-,128fbbbd-31bf-40d6-8986-61ff1b4f026f,IMA T19,2025-10-01 03:24:23.908734+00
ACTIVE,2025-09-26,20:09:48,20:17:18,8,No,-,-,-,1305d721-8207-4968-bf13-cd2eb2db8528,IMA E06,2025-10-01 03:24:33.059588+00
ACTIVE,2025-09-23,10:46:49,11:08:19,22,No,-,-,-,1314e6f0-952d-4eb7-8c1f-0ab1475159ff,IMA T19,2025-10-01 03:24:25.118773+00
INACTIVE,2025-09-29,08:42:45,08:43:46,1,Yes,-,-,-,1380388a-1927-4944-b9e7-fe3e720f6c27,IMA E06,2025-10-01 03:24:33.928006+00
ACTIVE,2025-09-27,22:54:51,22:57:21,2,No,-,-,-,13825f18-7c34-4d52-ab72-270476c3ea9b,IMA E06,2025-10-01 03:24:33.48849+00
ACTIVE,2025-09-26,17:26:02,18:20:02,54,No,-,-,-,13957559-374f-4916-91fc-28a7efbecb93,IMA T19,2025-10-01 03:24:26.969994+00
ACTIVE,2025-09-24,15:32:14,15:34:44,2,No,-,-,-,13978068-2f6f-4253-bc5f-b518d67f7ad7,IMA E06,2025-10-01 03:24:32.188922+00
ACTIVE,2025-09-23,09:21:24,09:22:54,2,No,-,-,-,13993e52-e994-4cb2-a92f-ea76c7dab9a8,IMA E06,2025-10-01 03:24:31.74892+00
ACTIVE,2025-09-27,19:15:16,19:18:16,3,No,-,-,-,13ad66c7-b40b-4a9d-bde1-001c1e6e3947,IMA E06,2025-10-01 03:24:33.48849+00
ACTIVE,2025-09-24,21:37:48,21:55:18,18,No,-,-,-,13b8c390-0720-476e-a77a-395a45b83cf6,IMA T19,2025-10-01 03:24:26.172856+00
INACTIVE,2025-09-24,20:56:34,21:55:10,59,Yes,Admin,858 BREAK TIME,-,13bf798a-143a-45e0-9996-368d6359ff64,IMA E06,2025-10-01 03:24:32.188922+00
ACTIVE,2025-09-17,20:38:57,20:40:57,2,No,-,-,-,13db706f-fc4f-48ed-9ed7-f95d0d2c8e33,IMA E06,2025-10-01 03:24:29.576452+00
ACTIVE,2025-09-18,09:49:59,10:01:59,12,No,-,-,-,13eeaf1a-cee7-4e0c-824c-3f6153844f3e,IMA T19,2025-10-01 03:24:23.397716+00
ACTIVE,2025-09-29,16:14:27,16:27:57,14,No,-,-,-,13fc2594-d4db-4096-ae0a-301005aecd6d,IMA E06,2025-10-01 03:24:34.339012+00
INACTIVE,2025-09-23,04:52:18,04:53:23,1,No,-,-,-,14051053-edd1-494b-abab-bd0efdb2002b,IMA E06,2025-10-01 03:24:31.310218+00
INACTIVE,2025-09-18,18:12:14,18:14:19,2,No,-,-,-,14054feb-649d-4800-a369-bb1e511e15d6,IMA E06,2025-10-01 03:24:30.005057+00
INACTIVE,2025-09-17,12:36:44,12:38:50,2,No,-,-,-,14276bde-31b4-401e-b4dc-0e2ceb562cae,IMA E06,2025-10-01 03:24:29.128339+00
INACTIVE,2025-09-29,07:29:30,07:36:04,7,Yes,-,-,-,144654bd-98b3-4a56-88ad-8aef2a329b76,IMA T19,2025-10-01 03:24:27.585911+00
ACTIVE,2025-09-19,21:01:10,21:05:10,4,No,-,-,-,14472a53-cef2-4971-a4c5-effe5be4242a,IMA T19,2025-10-01 03:24:23.908734+00
INACTIVE,2025-09-22,13:45:23,14:20:53,36,No,-,-,-,146289ee-1203-401f-b986-20d2e16cf7cd,IMA E06,2025-10-01 03:24:31.310218+00
INACTIVE,2025-09-16,02:55:27,03:04:02,9,Yes,Changeover / Setup,884 Labelling applicator- Machine setup,This is to check the duplicate entry,14650937-49dd-4f01-810c-03ec7b28a9b9,IMA E06,2025-10-01 03:24:29.128339+00
INACTIVE,2025-09-23,05:54:47,05:56:19,2,No,-,-,-,146eb042-b9a6-4788-86f3-c061211cf8d4,IMA E06,2025-10-01 03:24:31.310218+00
ACTIVE,2025-09-19,22:22:36,23:00:36,38,No,-,-,-,148f6855-99f3-48a2-8742-9dbbb235dcac,IMA T19,2025-10-01 03:24:24.504481+00
ACTIVE,2025-09-20,10:02:56,11:10:56,68,No,-,-,-,14a13886-ee90-4d1b-936c-19a5572eb2f1,IMA E06,2025-10-01 03:24:30.866611+00
INACTIVE,2025-09-15,12:17:32,12:19:56,2,No,-,-,-,14c18bfa-0102-4f50-b65a-33881baf8a2d,IMA T19,2025-10-01 03:24:22.074365+00
ACTIVE,2025-09-19,13:52:37,13:57:37,5,No,-,-,-,14f0fd01-e72c-4e3c-bd4d-ac6839e6e7bd,IMA T19,2025-10-01 03:24:23.908734+00
INACTIVE,2025-09-25,10:45:47,10:47:51,2,Yes,Packaging / Material Issues,334 Faulty teabag knot,-,1511baec-9d7d-4152-81a3-fb74225892b0,IMA E06,2025-10-01 03:24:32.624437+00
ACTIVE,2025-09-25,06:21:44,06:52:14,30,No,-,-,-,152d4693-27cd-4bbe-bc47-73fee2140358,IMA T19,2025-10-01 03:24:26.172856+00
ACTIVE,2025-09-20,22:30:26,22:33:26,3,No,-,-,-,153f83ae-b4b5-4b5d-a6e1-3031c5e0429b,IMA T19,2025-10-01 03:24:24.504481+00
ACTIVE,2025-09-27,00:00:00,00:03:42,4,No,-,-,-,15596622-29e6-4095-b30f-577107f1f1d4,IMA E06,2025-10-01 03:24:33.48849+00
ACTIVE,2025-09-27,15:08:33,15:16:03,8,No,-,-,-,156a954c-f5f2-4d61-a348-3b5a3a7f8510,IMA T19,2025-10-01 03:24:26.969994+00
INACTIVE,2025-09-18,06:06:01,06:09:20,3,No,-,-,-,158c9e71-f21c-459e-a2f6-edb84383aeba,IMA E06,2025-10-01 03:24:29.576452+00
INACTIVE,2025-09-24,07:36:11,07:37:15,1,No,-,-,-,159486e1-3da8-43f4-887e-03db82548f5c,IMA E06,2025-10-01 03:24:32.188922+00
ACTIVE,2025-09-23,20:50:56,20:54:26,4,No,-,-,-,15d8a0a1-7dbc-4327-a343-ed9b1f00e8b2,IMA E06,2025-10-01 03:24:31.74892+00
ACTIVE,2025-09-19,07:29:39,07:48:09,18,No,-,-,-,16062aa4-340e-4d33-ba73-8012e9a1630b,IMA T19,2025-10-01 03:24:23.908734+00
INACTIVE,2025-09-23,09:19:31,09:21:20,2,Yes,Mechanical General,894 Print not centered on Envelope,-,16600a4a-bd4a-4f97-97fb-56af6417f1f8,IMA E06,2025-10-01 03:24:31.74892+00
ACTIVE,2025-09-16,03:46:56,04:40:26,54,No,-,-,-,166becb4-cfd3-48e7-909e-1b8134f41ab2,IMA E06,2025-10-01 03:24:29.128339+00
ACTIVE,2025-09-25,17:56:18,18:06:48,10,No,-,-,-,16898380-9bd2-4c44-8794-83d93a2d5fec,IMA E06,2025-10-01 03:24:32.624437+00
ACTIVE,2025-09-16,06:50:39,07:55:09,64,No,-,-,-,16a61b5b-7834-4c06-ac77-556b35a5f9ee,IMA T19,2025-10-01 03:24:22.074365+00
ACTIVE,2025-09-19,22:34:22,22:40:22,6,No,-,-,-,16cf5f49-254f-4723-8052-329ab8e0994f,IMA E06,2025-10-01 03:24:30.437349+00
ACTIVE,2025-09-15,18:05:37,18:28:37,23,No,-,-,-,1704d5b2-5264-41f3-a317-ab9173a09962,IMA E06,2025-10-01 03:24:28.642092+00
INACTIVE,2025-09-19,17:38:27,17:39:56,1,No,-,-,-,171ac480-a2a6-4c7b-adcb-da2e57a8c74f,IMA E06,2025-10-01 03:24:30.437349+00
ACTIVE,2025-09-29,12:14:41,12:25:11,10,No,-,-,-,1726dd72-5c99-4765-8d68-132ae533678d,IMA T19,2025-10-01 03:24:27.585911+00
INACTIVE,2025-09-16,02:33:20,02:39:23,6,No,-,-,-,1728ed32-8fce-4b47-9908-58da99e8447e,IMA E06,2025-10-01 03:24:29.128339+00
INACTIVE,2025-09-26,09:42:47,09:43:52,1,Yes,Mechanical General,342 Thread not in place on chrochet,-,173dfbef-6487-4914-b40e-0deb90e764cf,IMA T19,2025-10-01 03:24:26.172856+00
INACTIVE,2025-09-18,13:29:43,13:30:43,1,No,-,-,-,174cfd0c-6176-4912-b23c-f041979e8b60,IMA T19,2025-10-01 03:24:23.397716+00
ACTIVE,2025-09-29,13:53:14,14:02:44,10,No,-,-,-,174fafef-ff36-4e28-9452-f9716fce067c,IMA T19,2025-10-01 03:24:27.585911+00
ACTIVE,2025-09-19,06:27:00,07:09:30,42,No,-,-,-,17a6d642-7dd4-447f-a869-bea35cfb3628,IMA E06,2025-10-01 03:24:30.005057+00
ACTIVE,2025-09-29,10:45:56,11:02:56,17,No,-,-,-,17be91eb-c84d-4210-bd57-050fe00e3039,IMA T19,2025-10-01 03:24:27.585911+00
ACTIVE,2025-09-24,09:45:01,09:57:31,12,No,-,-,-,17cd0eb3-a5ab-43e0-9d4c-9931def16188,IMA T19,2025-10-01 03:24:25.640136+00
INACTIVE,2025-09-29,09:13:51,09:14:55,1,Yes,-,-,-,17d702f8-2af6-408e-92b8-d6d96b7c6237,IMA E06,2025-10-01 03:24:33.928006+00
ACTIVE,2025-09-18,14:51:53,14:57:53,6,No,-,-,-,17df546f-a978-4b72-a9ab-3425707a35a2,IMA T19,2025-10-01 03:24:23.397716+00
ACTIVE,2025-09-19,21:12:29,21:13:59,2,No,-,-,-,17e9dc72-4433-418d-8206-e03d059e2145,IMA T19,2025-10-01 03:24:24.504481+00
INACTIVE,2025-09-17,16:33:17,16:34:19,1,No,-,-,-,17f55542-46a5-4bf3-9ef0-22d878d89850,IMA T19,2025-10-01 03:24:22.877579+00
INACTIVE,2025-09-27,04:49:41,04:50:41,1,No,-,-,-,17f9f03b-e468-4455-91a5-fc63ad9b0702,IMA E06,2025-10-01 03:24:33.48849+00
INACTIVE,2025-09-27,23:14:30,23:21:04,7,Yes,-,-,-,18869c24-f8b4-40c6-a74a-4281973e0396,IMA E06,2025-10-01 03:24:33.928006+00
INACTIVE,2025-09-17,21:15:02,21:16:07,1,No,-,-,-,1894c301-4e04-434e-8f6e-4108f0628215,IMA T19,2025-10-01 03:24:22.877579+00
ACTIVE,2025-09-29,12:32:57,12:36:57,4,No,-,-,-,18c5a8a1-d142-46f1-a3a2-ca9fa01781a1,IMA T19,2025-10-01 03:24:27.585911+00
ACTIVE,2025-09-19,19:41:45,19:53:45,12,No,-,-,-,18d8bdd6-d94f-4902-912d-c8109fabd6b3,IMA T19,2025-10-01 03:24:23.908734+00
INACTIVE,2025-09-29,06:26:56,06:28:26,2,No,-,-,-,18e09e7f-91a5-440c-940d-9f631974c12f,IMA T19,2025-10-01 03:24:26.969994+00
INACTIVE,2025-09-20,16:34:14,16:35:49,2,Yes,Mechanical General,369 Clogged splicing tape,-,19407ab0-6cfc-4c93-a735-7017b73f66c0,IMA E06,2025-10-01 03:24:30.866611+00
INACTIVE,2025-09-16,08:16:28,08:21:27,5,No,-,-,-,195c7e88-91be-42fb-b033-775c3664b141,IMA E06,2025-10-01 03:24:29.128339+00
INACTIVE,2025-09-23,05:07:06,05:08:41,2,No,-,-,-,19a7f8ef-e7e3-4b82-a446-24f7be48008e,IMA E06,2025-10-01 03:24:31.310218+00
ACTIVE,2025-09-23,15:36:17,16:27:17,51,No,-,-,-,19b1e90a-df6a-4541-bb80-81b5a21737b2,IMA T19,2025-10-01 03:24:25.640136+00
ACTIVE,2025-09-17,21:23:32,21:24:32,1,No,-,-,-,19ed01db-6a3d-4f35-b60e-fd3c74ee29db,IMA T19,2025-10-01 03:24:22.877579+00
ACTIVE,2025-09-22,09:23:40,09:26:10,2,No,-,-,-,1a2accd1-e034-4d6c-af29-6f5263f17bfa,IMA E06,2025-10-01 03:24:30.866611+00
INACTIVE,2025-09-15,19:08:02,19:10:36,3,No,-,-,-,1a2f798b-c007-4108-a7a5-a5c13dffd138,IMA E06,2025-10-01 03:24:28.642092+00
INACTIVE,2025-09-18,06:40:30,06:43:05,3,No,-,-,-,1a6eed34-7f25-4cf2-80a7-92c547dc5c73,IMA E06,2025-10-01 03:24:29.576452+00
ACTIVE,2025-09-15,20:58:45,20:59:45,1,No,-,-,-,1a914c24-6c31-4cd7-a315-c5b0c4535f0d,IMA T19,2025-10-01 03:24:22.074365+00
ACTIVE,2025-09-23,04:49:11,04:52:11,3,No,-,-,-,1aa2adf6-f35c-4e81-943c-335d4a7c23b4,IMA E06,2025-10-01 03:24:31.310218+00
INACTIVE,2025-09-29,15:51:55,15:52:59,1,Yes,-,-,-,1ac7bd39-15fc-402f-87c8-16787843cab1,IMA E06,2025-10-01 03:24:34.339012+00
ACTIVE,2025-09-20,09:03:30,09:09:30,6,No,-,-,-,1acaeb10-c4e3-4ef2-8ce1-072160892681,IMA T19,2025-10-01 03:24:24.504481+00
ACTIVE,2025-09-15,18:51:42,19:07:42,16,No,-,-,-,1afd9d0f-bba1-4846-9925-f00d455386fc,IMA E06,2025-10-01 03:24:28.642092+00
INACTIVE,2025-09-25,11:09:53,12:16:57,67,Yes,Admin,142 Break time,-,1b473f0f-0d74-429f-9b88-2296ac7c37ee,IMA T19,2025-10-01 03:24:26.172856+00
ACTIVE,2025-09-19,08:42:03,09:09:33,28,No,-,-,-,1b77a74a-4412-4fa3-9922-d636cb7aeb58,IMA T19,2025-10-01 03:24:23.908734+00
INACTIVE,2025-09-20,21:36:40,21:39:41,3,Yes,Mechanical General,428 Date code adjustment,-,1b9a6b3d-ef58-4269-a6a4-431d515d8711,IMA E06,2025-10-01 03:24:30.866611+00
ACTIVE,2025-09-20,16:36:10,16:49:10,13,No,-,-,-,1b9be5b4-7c54-4810-adf5-b8b66afe51aa,IMA E06,2025-10-01 03:24:30.866611+00
ACTIVE,2025-09-20,17:02:06,17:07:06,5,No,-,-,-,1ba46b63-a63d-4ba3-865f-fe5539ebfcaf,IMA T19,2025-10-01 03:24:24.504481+00
ACTIVE,2025-09-17,19:22:34,19:26:04,4,No,-,-,-,1bc5eb1d-ac48-4bb4-9105-34c4bbae1090,IMA T19,2025-10-01 03:24:22.877579+00
ACTIVE,2025-09-23,21:42:07,21:45:07,3,No,-,-,-,1bc9dd28-4e37-4c62-9650-b84e3fddc695,IMA T19,2025-10-01 03:24:25.640136+00
ACTIVE,2025-09-15,17:18:08,17:19:08,1,No,-,-,-,1bd27c73-a496-436e-a38f-4b8a00404a66,IMA T19,2025-10-01 03:24:22.074365+00
ACTIVE,2025-09-29,11:03:26,11:09:56,6,No,-,-,-,1bf5cb05-84e0-45f1-bb1a-bc26cacf6819,IMA T19,2025-10-01 03:24:27.585911+00
ACTIVE,2025-09-22,12:39:08,12:47:08,8,No,-,-,-,1bfbda50-5c87-4a32-a1b2-24a34565d0ae,IMA T19,2025-10-01 03:24:25.118773+00
ACTIVE,2025-09-15,12:09:41,12:15:41,6,No,-,-,-,1bfe7865-f23a-4757-b411-a2cd75dc9033,IMA T19,2025-10-01 03:24:22.074365+00
ACTIVE,2025-09-25,22:01:56,22:07:26,6,No,-,-,-,1c039f81-91d8-4933-9127-2e54233ca82e,IMA E06,2025-10-01 03:24:32.624437+00
ACTIVE,2025-09-29,14:25:47,14:26:47,1,No,-,-,-,1c0a0979-6447-44b3-9936-629f259686b7,IMA T19,2025-10-01 03:24:27.585911+00
ACTIVE,2025-09-24,00:30:09,00:31:39,2,No,-,-,-,1c1ecbdc-099e-4180-8ca9-ecc13780e6b3,IMA E06,2025-10-01 03:24:31.74892+00
INACTIVE,2025-09-23,03:02:55,03:04:00,1,Yes,Changeover / Setup,131 Change over,-,1c36f36e-bd95-4b7f-b7e1-8e5891f70606,IMA E06,2025-10-01 03:24:31.310218+00
INACTIVE,2025-09-15,18:46:17,18:47:22,1,No,-,-,-,1c3e4eea-5dc7-4dad-a18b-c790a3e6610f,IMA E06,2025-10-01 03:24:28.642092+00
ACTIVE,2025-09-23,08:27:30,08:35:30,8,No,-,-,-,1c72c72b-936d-4795-a0af-0fd0ce3de832,IMA E06,2025-10-01 03:24:31.310218+00
ACTIVE,2025-09-27,00:06:34,00:10:34,4,No,-,-,-,1cc0d4e1-01ae-49f5-b7ab-f2617955154f,IMA E06,2025-10-01 03:24:33.48849+00
ACTIVE,2025-09-15,07:29:08,07:32:38,4,No,-,-,-,1cd83828-ebf3-4be1-a6dd-dc9baff5da45,IMA T19,2025-10-01 03:24:22.074365+00
ACTIVE,2025-09-22,07:35:24,07:37:24,2,No,-,-,-,1cf3d8db-aa32-4c68-a094-46ef4196c8e0,IMA E06,2025-10-01 03:24:30.866611+00
INACTIVE,2025-09-15,21:58:42,22:02:17,4,No,-,-,-,1d0deb8a-ee5e-4a41-be98-e38e14909981,IMA T19,2025-10-01 03:24:22.074365+00
ACTIVE,2025-09-23,12:40:16,13:34:16,54,No,-,-,-,1d577c20-5b01-41f0-b5e6-77a5182cbe5a,IMA E06,2025-10-01 03:24:31.74892+00
INACTIVE,2025-09-15,16:05:24,16:10:54,6,No,-,-,-,1d7a6d76-6bec-4350-b687-daa1f2fdbe5f,IMA E06,2025-10-01 03:24:28.642092+00
ACTIVE,2025-09-19,08:27:30,08:29:00,2,No,-,-,-,1d9e86b2-661c-43d2-8b0a-52351c2bdad6,IMA T19,2025-10-01 03:24:23.908734+00
ACTIVE,2025-09-16,01:07:21,01:15:51,8,No,-,-,-,1dbcce19-3264-4d48-8b1e-f3038ca1f130,IMA E06,2025-10-01 03:24:29.128339+00
ACTIVE,2025-09-26,22:32:17,22:41:47,10,No,-,-,-,1dc9c83e-57ba-407b-82ba-5207fdcb4c30,IMA E06,2025-10-01 03:24:33.48849+00
INACTIVE,2025-09-23,05:14:05,05:16:51,3,No,-,-,-,1dd8e3e0-0c59-42b7-b653-03a2f0e8d1d7,IMA E06,2025-10-01 03:24:31.310218+00
ACTIVE,2025-09-15,12:21:03,12:35:33,14,No,-,-,-,1de286d1-c9e4-4fe5-92a1-8fd4df995717,IMA T19,2025-10-01 03:24:22.074365+00
ACTIVE,2025-09-26,12:48:54,13:08:54,20,No,-,-,-,1deb294a-e364-41a1-ba1c-324517372b64,IMA E06,2025-10-01 03:24:33.059588+00
ACTIVE,2025-09-19,18:10:14,18:21:44,12,No,-,-,-,1e0aaadd-447c-4303-98f5-cb53266df31c,IMA E06,2025-10-01 03:24:30.437349+00
INACTIVE,2025-09-15,17:19:45,17:20:50,1,No,-,-,-,1e1186e5-4461-4789-818a-c26d5cd11525,IMA E06,2025-10-01 03:24:28.642092+00
ACTIVE,2025-09-29,10:13:58,10:15:58,2,No,-,-,-,1e1bdee5-ea02-4ffb-a1a7-52604c962147,IMA E06,2025-10-01 03:24:33.928006+00
INACTIVE,2025-09-19,19:18:45,19:19:45,1,No,-,-,-,1e4ef97c-b816-4596-a5fb-a306f6d37d32,IMA T19,2025-10-01 03:24:23.908734+00
INACTIVE,2025-09-26,10:41:09,10:46:13,5,Yes,Mechanical General,342 Thread not in place on chrochet,-,1e6c9a0d-09af-4548-88fe-a505970261ac,IMA T19,2025-10-01 03:24:26.172856+00
ACTIVE,2025-09-23,23:38:35,23:42:05,4,No,-,-,-,1e73d206-944c-4a85-8f95-bd9579c00e40,IMA E06,2025-10-01 03:24:31.74892+00
ACTIVE,2025-09-30,17:10:11,18:02:11,52,No,-,-,-,1e7f0790-3d28-4ae6-92c4-a7e5c7d04754,IMA T19,2025-10-01 03:24:28.198188+00
INACTIVE,2025-09-24,01:10:01,01:11:29,1,No,-,-,-,1ea41c91-c655-4381-992c-80ba401c82d7,IMA E06,2025-10-01 03:24:31.74892+00
INACTIVE,2025-09-15,16:22:43,16:25:15,3,No,-,-,-,1eab0643-1034-4fc7-bac0-b1bd5be99b9e,IMA E06,2025-10-01 03:24:28.642092+00
INACTIVE,2025-09-20,02:56:22,02:59:27,3,No,-,-,-,1eb20fda-9056-4e26-a62b-85103525a9d3,IMA E06,2025-10-01 03:24:30.437349+00
ACTIVE,2025-09-16,07:10:10,07:14:10,4,No,-,-,-,1eb7ff1c-3b6d-494c-b4b4-5b0af942de4f,IMA E06,2025-10-01 03:24:29.128339+00
INACTIVE,2025-09-29,12:41:11,12:42:41,2,No,-,-,-,1ebfdc71-686d-4516-bf23-ec118b9a5b84,IMA E06,2025-10-01 03:24:33.928006+00
INACTIVE,2025-09-25,09:00:08,09:30:42,31,No,-,-,-,1f0ba21a-4dc3-483a-94c3-f7e19f99263b,IMA E06,2025-10-01 03:24:32.624437+00
ACTIVE,2025-09-19,09:18:07,09:38:07,20,No,-,-,-,1f2334fb-082a-4baa-b506-a8bc266d4bce,IMA T19,2025-10-01 03:24:23.908734+00
INACTIVE,2025-09-25,10:51:28,10:53:03,2,Yes,Man power,137 Meeting,-,1f8f94b7-9015-4204-b1d9-70254f01293d,IMA E06,2025-10-01 03:24:32.624437+00
ACTIVE,2025-09-22,12:25:44,12:29:14,4,No,-,-,-,1fdcee44-beab-45a9-96b5-91b4a9e2f4cb,IMA E06,2025-10-01 03:24:31.310218+00
ACTIVE,2025-09-20,22:27:40,22:32:10,4,No,-,-,-,20099e42-4a88-4db9-9068-f8b9b0382d80,IMA E06,2025-10-01 03:24:30.866611+00
ACTIVE,2025-09-15,18:32:25,18:45:55,14,No,-,-,-,201cf3bc-4627-4411-b2db-21327b55aa3d,IMA E06,2025-10-01 03:24:28.642092+00
INACTIVE,2025-09-20,17:52:24,17:53:24,1,No,-,-,-,20299847-9175-4b4b-8750-73297b809326,IMA E06,2025-10-01 03:24:30.866611+00
ACTIVE,2025-09-25,16:00:58,16:07:28,6,No,-,-,-,20424cfc-7017-46b2-a10e-255104bf9b60,IMA E06,2025-10-01 03:24:32.624437+00
INACTIVE,2025-09-15,07:41:35,07:45:05,4,No,-,-,-,204b7f27-13b5-4a54-89f0-781509f2fe68,IMA E06,2025-10-01 03:24:28.642092+00
ACTIVE,2025-09-29,13:15:16,13:16:16,1,No,-,-,-,2063f7e8-3f1f-4ee4-a733-9ed83f12f786,IMA E06,2025-10-01 03:24:33.928006+00
ACTIVE,2025-09-25,21:14:33,21:36:33,22,No,-,-,-,20670d21-5b37-469b-85c0-c9e089178760,IMA T19,2025-10-01 03:24:26.172856+00
ACTIVE,2025-09-18,05:27:25,05:55:25,28,No,-,-,-,208159df-690a-4e88-824a-5e197d88f1bf,IMA E06,2025-10-01 03:24:29.576452+00
INACTIVE,2025-09-23,19:22:14,19:24:19,2,No,-,-,-,20a485d9-f414-453d-9426-9e7b36b340d8,IMA T19,2025-10-01 03:24:25.640136+00
ACTIVE,2025-09-29,09:58:39,09:59:39,1,No,-,-,-,20b8f270-3c26-40c2-9f62-da3292a7357a,IMA E06,2025-10-01 03:24:33.928006+00
ACTIVE,2025-09-17,17:18:56,18:04:56,46,No,-,-,-,2111baa4-0ab9-45bc-8ef3-1ff1b17746e0,IMA T19,2025-10-01 03:24:22.877579+00
INACTIVE,2025-09-23,23:40:48,00:00:00,19,No,-,-,-,213aca47-909d-4b51-92ec-94c02391c988,IMA T19,2025-10-01 03:24:25.640136+00
ACTIVE,2025-09-15,06:26:14,06:35:14,9,No,-,-,-,213c8100-5bd5-49fb-9a03-79697926d423,IMA E06,2025-10-01 03:24:28.198188+00
INACTIVE,2025-09-25,23:45:04,23:53:19,8,No,-,-,-,2143d3d7-5323-4ebc-a04c-95f913667f9c,IMA E06,2025-10-01 03:24:32.624437+00
ACTIVE,2025-09-27,22:48:08,22:51:38,4,No,-,-,-,214c104b-d51b-4906-8993-0e77e61ef24c,IMA T19,2025-10-01 03:24:26.969994+00
ACTIVE,2025-09-26,08:33:32,09:21:02,48,No,-,-,-,214d410c-ff62-41ed-b352-b21d4d87319d,IMA T19,2025-10-01 03:24:26.172856+00
ACTIVE,2025-09-19,01:46:39,01:49:09,2,No,-,-,-,219f7c2e-a871-4ed8-836c-96aa9231548a,IMA E06,2025-10-01 03:24:30.005057+00
ACTIVE,2025-09-29,14:38:53,14:43:23,4,No,-,-,-,21cd720b-9fac-4c5f-911f-2c6464fca16e,IMA T19,2025-10-01 03:24:27.585911+00
ACTIVE,2025-09-25,01:40:38,01:56:08,16,No,-,-,-,21dc844e-bedc-40a6-829e-87f0d0a436c2,IMA E06,2025-10-01 03:24:32.188922+00
ACTIVE,2025-09-27,08:15:23,09:06:23,51,No,-,-,-,21dfbca1-040c-4bfe-bdbb-d05fe0e986c7,IMA E06,2025-10-01 03:24:33.48849+00
ACTIVE,2025-09-17,12:51:52,13:08:22,16,No,-,-,-,21e01056-82dd-42b4-a0cb-6bb6e0a29177,IMA T19,2025-10-01 03:24:22.877579+00
ACTIVE,2025-09-24,16:55:39,16:58:09,2,No,-,-,-,2208d52a-fb69-4d44-afa2-6b4650450582,IMA T19,2025-10-01 03:24:25.640136+00
ACTIVE,2025-09-25,21:00:49,21:14:19,14,No,-,-,-,22133cae-2da0-4689-967b-ac3178fc59b4,IMA T19,2025-10-01 03:24:26.172856+00
INACTIVE,2025-09-23,18:54:07,18:55:20,1,No,-,-,-,22144dae-eb1f-4330-89cb-6170c293ec0d,IMA E06,2025-10-01 03:24:31.74892+00
ACTIVE,2025-09-17,08:25:43,09:19:43,54,No,-,-,-,2222a676-35ac-4637-b223-be34424203c2,IMA E06,2025-10-01 03:24:29.128339+00
INACTIVE,2025-09-27,11:11:49,12:15:54,64,Yes,Admin,142 Break time,-,2232481a-023b-4185-82c4-4d2975ee6354,IMA T19,2025-10-01 03:24:26.969994+00
ACTIVE,2025-09-16,08:15:30,08:47:00,32,No,-,-,-,224afb2e-83a6-4ffe-a199-9796be6e4ab3,IMA T19,2025-10-01 03:24:22.074365+00
ACTIVE,2025-09-19,07:20:32,07:29:02,8,No,-,-,-,2273b777-cd42-4655-a46d-741296b0fdd2,IMA T19,2025-10-01 03:24:23.908734+00
ACTIVE,2025-09-23,20:09:46,20:31:46,22,No,-,-,-,22a86a9f-9255-45ea-b790-fe0b93efa382,IMA E06,2025-10-01 03:24:31.74892+00
ACTIVE,2025-09-15,06:44:30,06:45:30,1,No,-,-,-,22a8fdff-3a37-43fe-98bb-b4110326f39e,IMA E06,2025-10-01 03:24:28.642092+00
INACTIVE,2025-09-19,08:43:34,08:45:06,2,No,-,-,-,22b50ff0-4eb2-4cb6-85f4-e285a42384ba,IMA E06,2025-10-01 03:24:30.005057+00
INACTIVE,2025-09-18,07:59:48,08:00:48,1,No,-,-,-,22cb7053-257f-46ce-9dc0-e0caca42f729,IMA T19,2025-10-01 03:24:23.397716+00
ACTIVE,2025-09-23,16:40:32,16:45:02,4,No,-,-,-,22de41bb-c7e9-4bf0-890f-b5c1da26506d,IMA E06,2025-10-01 03:24:31.74892+00
INACTIVE,2025-09-27,00:35:56,00:37:00,1,Yes,Packaging / Material Issues,411 Cleaning box forming unit,-,22e4cd53-26d6-4f5e-a23f-c8be993f6470,IMA E06,2025-10-01 03:24:33.48849+00
ACTIVE,2025-09-26,15:13:01,16:06:31,54,No,-,-,-,230b2e7a-c5f8-45b9-ab4e-14f0b0ec2740,IMA T19,2025-10-01 03:24:26.969994+00
ACTIVE,2025-09-27,00:12:47,00:25:47,13,No,-,-,-,230ff007-36d1-4514-ba67-d6fd9f345283,IMA E06,2025-10-01 03:24:33.48849+00
ACTIVE,2025-09-18,10:49:56,10:53:56,4,No,-,-,-,23163df2-3376-4e38-8575-4ca04a12add6,IMA T19,2025-10-01 03:24:23.397716+00
ACTIVE,2025-09-27,23:09:31,23:11:01,2,No,-,-,-,232edf15-d049-4c45-8409-1f7afbc10ec7,IMA E06,2025-10-01 03:24:33.928006+00
ACTIVE,2025-09-23,16:15:50,16:34:20,18,No,-,-,-,23b82ac4-5cb6-407f-a1a6-a189da2c4828,IMA E06,2025-10-01 03:24:31.74892+00
INACTIVE,2025-09-18,15:40:35,15:42:10,2,No,-,-,-,23c6eb7f-66e1-4e6f-aad4-5a0d2d210887,IMA T19,2025-10-01 03:24:23.397716+00
ACTIVE,2025-09-18,23:16:31,23:21:31,5,No,-,-,-,2408944c-2777-4e91-8f99-0f50d6afc010,IMA T19,2025-10-01 03:24:23.908734+00
ACTIVE,2025-09-24,18:54:11,18:55:11,1,No,-,-,-,24221d52-f365-478e-90df-948d3536cb6d,IMA E06,2025-10-01 03:24:32.188922+00
ACTIVE,2025-09-23,22:34:11,22:35:41,2,No,-,-,-,243bbffe-c0b1-413a-b5a4-b880bea04c2b,IMA T19,2025-10-01 03:24:25.640136+00
ACTIVE,2025-09-25,18:19:45,18:22:15,2,No,-,-,-,2479194d-3f07-4893-9357-0ec3e8115580,IMA E06,2025-10-01 03:24:32.624437+00
ACTIVE,2025-09-17,19:56:25,20:06:25,10,No,-,-,-,2496afdb-0caa-45fc-a9ff-1acedc2a04b1,IMA E06,2025-10-01 03:24:29.576452+00
ACTIVE,2025-09-29,07:49:03,07:52:33,4,No,-,-,-,24c2730a-0a23-4325-bf1a-b6de591102db,IMA E06,2025-10-01 03:24:33.928006+00
ACTIVE,2025-09-25,19:39:38,20:11:08,32,No,-,-,-,251cddb2-421c-4249-9458-5c6630d0c8ac,IMA E06,2025-10-01 03:24:32.624437+00
ACTIVE,2025-09-22,09:55:20,09:59:20,4,No,-,-,-,253cff83-510d-4361-97d1-cac411b10e68,IMA E06,2025-10-01 03:24:31.310218+00
ACTIVE,2025-09-19,07:57:31,07:58:31,1,No,-,-,-,253ecf06-19d2-4355-814a-510e38b16c36,IMA E06,2025-10-01 03:24:30.005057+00
ACTIVE,2025-09-26,01:10:35,01:17:05,6,No,-,-,-,255967fb-5bcd-459d-8d32-7d78046edcb1,IMA E06,2025-10-01 03:24:33.059588+00
ACTIVE,2025-09-19,09:06:05,09:52:05,46,No,-,-,-,255f81e9-4065-441e-aa2d-5c0fde9ec039,IMA E06,2025-10-01 03:24:30.005057+00
ACTIVE,2025-09-17,21:13:48,21:14:48,1,No,-,-,-,258751a4-b447-4ed1-9945-a5153c637508,IMA T19,2025-10-01 03:24:22.877579+00
INACTIVE,2025-09-18,15:17:46,15:24:49,7,Yes,-,-,-,25882d32-ca46-4c15-97aa-bddb824346ea,IMA T19,2025-10-01 03:24:23.397716+00
INACTIVE,2025-09-24,09:57:36,09:58:40,1,No,-,-,-,259df61c-9349-4490-8b0d-f4398215ba36,IMA T19,2025-10-01 03:24:25.640136+00
INACTIVE,2025-09-16,06:12:25,06:13:25,1,No,-,-,-,259fc40b-3b40-45ce-85ae-38bb8b4586c6,IMA T19,2025-10-01 03:24:22.074365+00
INACTIVE,2025-09-18,15:42:39,15:45:13,3,No,-,-,-,25a91d9c-f0c5-4750-b6bd-87f8b1d69239,IMA T19,2025-10-01 03:24:23.397716+00
ACTIVE,2025-09-22,08:15:23,08:16:53,2,No,-,-,-,25bf0de7-dcf8-41ff-b179-452e878e8f32,IMA E06,2025-10-01 03:24:30.866611+00
ACTIVE,2025-09-29,12:39:30,12:57:30,18,No,-,-,-,25c827e3-38fe-4afc-b517-7a1936eb78e3,IMA T19,2025-10-01 03:24:27.585911+00
ACTIVE,2025-09-27,22:08:08,22:25:38,18,No,-,-,-,25d8e9d2-c064-4047-a3e1-f99271e2ad31,IMA T19,2025-10-01 03:24:26.969994+00
INACTIVE,2025-09-29,18:02:20,18:03:20,1,No,-,-,-,25db1072-d334-4cc2-a410-ab35d7e3db46,IMA T19,2025-10-01 03:24:27.585911+00
ACTIVE,2025-09-22,14:56:00,14:58:00,2,No,-,-,-,25e9686a-3543-49d5-86db-db7d45c3a4fc,IMA T19,2025-10-01 03:24:25.118773+00
INACTIVE,2025-09-19,10:27:29,10:28:35,1,No,-,-,-,262fb619-ec66-4508-9887-c5dedeae5a8c,IMA E06,2025-10-01 03:24:30.005057+00
ACTIVE,2025-09-24,16:58:30,17:03:30,5,No,-,-,-,2630f19a-15e6-4c01-a7c9-4b03dac6e297,IMA T19,2025-10-01 03:24:25.640136+00
ACTIVE,2025-09-22,19:05:23,19:52:23,47,No,-,-,-,26454369-82e3-400e-bc7c-79ee4b522753,IMA E06,2025-10-01 03:24:31.310218+00
INACTIVE,2025-09-18,06:07:25,06:09:25,2,No,-,-,-,265bdda9-b047-4b09-8a1e-077b996d77d1,IMA T19,2025-10-01 03:24:22.877579+00
INACTIVE,2025-09-19,15:25:34,15:30:30,5,No,-,-,-,266cf1c2-b083-4788-a6e7-d56cc79f77fb,IMA T19,2025-10-01 03:24:23.908734+00
ACTIVE,2025-09-20,07:17:13,07:52:43,36,No,-,-,-,266feb2c-a6b3-4f7e-9988-59112269b8dc,IMA T19,2025-10-01 03:24:24.504481+00
INACTIVE,2025-09-23,00:20:25,00:22:00,2,Yes,Mechanical General,836 Corner folding issue,-,26af4de3-3047-4532-bb53-d66f78027a4b,IMA E06,2025-10-01 03:24:31.310218+00
ACTIVE,2025-09-23,08:17:29,08:25:29,8,No,-,-,-,26b50512-02a4-40dc-bd28-b7839727fbd1,IMA E06,2025-10-01 03:24:31.310218+00
INACTIVE,2025-09-23,06:22:46,06:23:50,1,Yes,Mechanical General,103 Start up,-,26ec0c12-026e-4fb3-bb51-7f2f8ede62ef,IMA E06,2025-10-01 03:24:31.310218+00
ACTIVE,2025-09-22,19:53:27,19:56:27,3,No,-,-,-,271bb9a2-ca32-42d5-bea4-b76fae8385c4,IMA E06,2025-10-01 03:24:31.310218+00
ACTIVE,2025-09-29,09:22:42,09:41:42,19,No,-,-,-,2734070f-66f4-4d3c-a41d-d5926d7c7d11,IMA E06,2025-10-01 03:24:33.928006+00
ACTIVE,2025-09-27,15:37:33,15:40:03,2,No,-,-,-,27401c40-f851-4569-8588-12d79f0ffd9f,IMA E06,2025-10-01 03:24:33.48849+00
ACTIVE,2025-09-27,14:53:33,14:57:03,4,No,-,-,-,274e1d7b-af01-4f68-b677-61338e6ebf67,IMA T19,2025-10-01 03:24:26.969994+00
ACTIVE,2025-09-29,06:49:17,06:50:47,2,No,-,-,-,278beec0-3f0c-4211-9b53-f425e482bb39,IMA T19,2025-10-01 03:24:27.585911+00
INACTIVE,2025-09-15,11:39:54,11:42:28,3,No,-,-,-,27a071f3-fb63-42d0-9ee9-1c457b47a738,IMA E06,2025-10-01 03:24:28.642092+00
ACTIVE,2025-09-15,20:47:55,21:15:25,28,No,-,-,-,27bfca68-2975-4cbd-bea4-049b245f7606,IMA E06,2025-10-01 03:24:28.642092+00
ACTIVE,2025-09-16,08:07:32,08:16:02,8,No,-,-,-,27c6de89-acb8-4dbc-a538-26a7e3d8d930,IMA E06,2025-10-01 03:24:29.128339+00
ACTIVE,2025-09-19,19:16:17,19:40:47,24,No,-,-,-,2825db79-4e8e-433e-b212-31e8145e813b,IMA E06,2025-10-01 03:24:30.437349+00
ACTIVE,2025-09-26,05:54:41,06:20:41,26,No,-,-,-,282aaac9-8362-4230-9cb2-ee0dd7e6407a,IMA E06,2025-10-01 03:24:33.059588+00
ACTIVE,2025-09-19,04:52:35,04:56:35,4,No,-,-,-,28381498-83c6-495a-b3f7-47b7aa9fafbf,IMA E06,2025-10-01 03:24:30.005057+00
ACTIVE,2025-09-19,09:55:51,09:59:21,4,No,-,-,-,28536842-4fdf-4f4d-bb01-cc28d8f83213,IMA E06,2025-10-01 03:24:30.005057+00
ACTIVE,2025-09-18,18:09:28,18:11:58,2,No,-,-,-,2874fb9f-3a22-48f4-8ba6-9e79e523fad2,IMA E06,2025-10-01 03:24:30.005057+00
INACTIVE,2025-09-15,19:55:53,19:58:28,3,No,-,-,-,287b7964-ab7a-4d72-bfde-a72c0c51cefc,IMA E06,2025-10-01 03:24:28.642092+00
ACTIVE,2025-09-19,14:29:06,14:43:36,14,No,-,-,-,2880b0fd-b848-46e7-84c1-c926ab297495,IMA T19,2025-10-01 03:24:23.908734+00
INACTIVE,2025-09-19,13:01:28,13:02:33,1,No,-,-,-,2880bd9e-d65f-4731-b802-b5fcf571332e,IMA E06,2025-10-01 03:24:30.437349+00
ACTIVE,2025-09-15,07:45:55,08:26:55,41,No,-,-,-,289c3653-613e-4c9a-ad5c-e64ea8702910,IMA E06,2025-10-01 03:24:28.642092+00
ACTIVE,2025-09-25,12:37:18,12:52:48,16,No,-,-,-,28ccea7a-dd0e-462f-9dfb-69d13ce71661,IMA T19,2025-10-01 03:24:26.172856+00
INACTIVE,2025-09-20,03:34:44,03:35:44,1,No,-,-,-,28ed7f54-f074-473f-acb7-fbf057cf94b7,IMA E06,2025-10-01 03:24:30.437349+00
INACTIVE,2025-09-19,06:00:58,06:03:32,3,No,-,-,-,28f6f492-61fe-47f7-8217-9013c48cc795,IMA E06,2025-10-01 03:24:30.005057+00
INACTIVE,2025-09-25,21:37:02,21:38:36,2,Yes,-,-,-,2911d914-8ad5-439e-9adc-e12808127263,IMA T19,2025-10-01 03:24:26.172856+00
ACTIVE,2025-09-18,14:00:19,14:55:19,55,No,-,-,-,292cb03b-d1fb-4d76-94d5-571c4daa2b75,IMA E06,2025-10-01 03:24:30.005057+00
INACTIVE,2025-09-24,17:58:09,18:25:14,27,Yes,Approval,108 Awaiting QC Approval,waiting for sample approval 107.108.109,292dbf32-7836-42a2-a0a3-40a798f139b2,IMA E06,2025-10-01 03:24:32.188922+00
ACTIVE,2025-09-22,16:45:23,17:22:23,37,No,-,-,-,29f0a08c-7e02-4cb8-946b-95680ac241ae,IMA E06,2025-10-01 03:24:31.310218+00
INACTIVE,2025-09-23,16:46:35,16:48:10,2,Yes,Mechanical General,308 Thread  Knot anomaly,-,29f8e612-b22e-4247-a01c-1d0e480f3cd3,IMA E06,2025-10-01 03:24:31.74892+00
INACTIVE,2025-09-15,12:24:56,12:26:01,1,No,-,-,-,2a017bb5-dcca-44f0-a2a0-79ab25ac8c77,IMA E06,2025-10-01 03:24:28.642092+00
INACTIVE,2025-09-18,04:29:30,04:30:35,1,No,-,-,-,2a08bb49-a310-406b-ae3b-beab5a4227ef,IMA E06,2025-10-01 03:24:29.576452+00
ACTIVE,2025-09-18,21:31:20,21:32:20,1,No,-,-,-,2a23f120-81c0-4855-9ab7-562554691610,IMA T19,2025-10-01 03:24:23.908734+00
ACTIVE,2025-09-26,20:06:12,20:07:12,1,No,-,-,-,2a28f854-a57f-46ae-862c-f64142da6702,IMA E06,2025-10-01 03:24:33.059588+00
INACTIVE,2025-09-24,19:00:19,19:02:25,2,No,-,-,-,2a2ad262-2826-4c50-897f-e816a21f3672,IMA E06,2025-10-01 03:24:32.188922+00
INACTIVE,2025-09-23,05:03:55,05:05:55,2,Yes,Approval,108 Awaiting QC Approval,-,2a2f44c5-f1eb-4188-9262-8b01b4f1e10c,IMA E06,2025-10-01 03:24:31.310218+00
INACTIVE,2025-09-25,10:11:50,10:34:25,23,No,-,-,-,2a576435-fa86-48b7-bde9-823e9c447c42,IMA E06,2025-10-01 03:24:32.624437+00
INACTIVE,2025-09-24,08:08:06,08:11:42,4,No,-,-,-,2a6176bf-8c44-4a92-87cc-250f352d50f4,IMA T19,2025-10-01 03:24:25.640136+00
INACTIVE,2025-09-23,14:05:51,14:07:27,2,Yes,Mechanical General,342 Thread not in place on chrochet,-,2a7b84d5-6fd9-4c8d-8769-984022d0e48f,IMA E06,2025-10-01 03:24:31.74892+00
ACTIVE,2025-09-25,13:23:52,13:39:22,16,No,-,-,-,2a94daac-6641-4b17-bcd6-e8bf0ce39063,IMA E06,2025-10-01 03:24:32.624437+00
ACTIVE,2025-09-17,22:54:12,23:16:12,22,No,-,-,-,2aad21db-e85f-4d88-8021-c62748cb426f,IMA E06,2025-10-01 03:24:29.576452+00
INACTIVE,2025-09-27,06:14:07,06:16:11,2,Yes,Material Shortage,304 No envelope,-,2ab796b0-4342-4ec4-a4a0-2d1d455b9a5c,IMA E06,2025-10-01 03:24:33.48849+00
INACTIVE,2025-09-17,22:25:12,22:26:16,1,No,-,-,-,2abfe548-c4d3-45fe-b5a1-299770a56dd1,IMA T19,2025-10-01 03:24:22.877579+00
ACTIVE,2025-09-30,14:04:03,14:05:03,1,No,-,-,-,2b1152df-f0e9-4b36-84bf-6f75d0dc0bcf,IMA T19,2025-10-01 03:24:28.198188+00
INACTIVE,2025-09-16,00:00:00,06:03:48,364,No,-,-,-,2b27dcfd-ac12-4816-a510-290c4f2599ea,IMA T19,2025-10-01 03:24:22.074365+00
INACTIVE,2025-09-15,20:28:02,20:33:37,6,No,-,-,-,2b2d81dc-774e-4463-8883-4607765d5228,IMA E06,2025-10-01 03:24:28.642092+00
ACTIVE,2025-09-15,12:36:21,12:47:51,12,No,-,-,-,2b71c582-7db2-4ba5-8b98-e2e0459ac37a,IMA T19,2025-10-01 03:24:22.074365+00
INACTIVE,2025-09-18,15:11:23,15:31:28,20,Yes,-,-,-,2b8b6514-9537-460a-a7aa-c2b192272e9e,IMA E06,2025-10-01 03:24:30.005057+00
ACTIVE,2025-09-17,09:17:22,09:18:23,1,No,-,-,-,2bd176cf-4808-4284-86d3-7bfc6f695b10,IMA T19,2025-10-01 03:24:22.877579+00
ACTIVE,2025-09-19,08:31:53,08:41:53,10,No,-,-,-,2bfcbfd2-1722-4ab3-8505-f1afa6aa2651,IMA T19,2025-10-01 03:24:23.908734+00
INACTIVE,2025-09-23,09:54:17,09:57:52,4,Yes,Mechanical General,311 Crumpled filter paper,-,2c7d9102-cce4-4183-9dcf-f3c34c2ede85,IMA T19,2025-10-01 03:24:25.118773+00
ACTIVE,2025-09-23,18:54:58,18:58:28,4,No,-,-,-,2c81b51e-9117-4455-8132-a7015e4482f7,IMA T19,2025-10-01 03:24:25.640136+00
ACTIVE,2025-09-24,06:31:58,06:33:28,2,No,-,-,-,2c962d52-43ea-4b26-8d65-b03299929e2d,IMA E06,2025-10-01 03:24:32.188922+00
ACTIVE,2025-09-19,19:14:13,19:18:43,4,No,-,-,-,2ca524a6-0a7d-44c8-94d0-2be160ced177,IMA T19,2025-10-01 03:24:23.908734+00
INACTIVE,2025-09-15,19:54:03,20:58:37,65,Yes,-,-,-,2ca74eeb-b1d4-4047-85ff-4fdd60b2aaa6,IMA T19,2025-10-01 03:24:22.074365+00
ACTIVE,2025-09-23,14:39:09,15:09:39,30,No,-,-,-,2ccb5a35-787b-4e8f-9e32-a5efaef3f676,IMA E06,2025-10-01 03:24:31.74892+00
INACTIVE,2025-09-24,14:37:31,14:38:36,1,No,-,-,-,2cd5efad-4069-490d-9dc4-a4d9140635fa,IMA E06,2025-10-01 03:24:32.188922+00
INACTIVE,2025-09-22,07:04:31,07:05:31,1,No,-,-,-,2ce29551-31c1-461e-95dc-80ca532c9ac8,IMA E06,2025-10-01 03:24:30.866611+00
ACTIVE,2025-09-17,15:28:00,15:29:00,1,No,-,-,-,2cebc670-8007-4f1f-b97a-fd9804ca2c49,IMA T19,2025-10-01 03:24:22.877579+00
ACTIVE,2025-09-20,09:44:50,09:51:50,7,No,-,-,-,2cf44c44-60bc-42c3-af4a-f822e94e7124,IMA T19,2025-10-01 03:24:24.504481+00
INACTIVE,2025-09-19,12:31:34,12:33:04,2,No,-,-,-,2cffeafc-eca1-4d20-82d7-07a0b47e4e9c,IMA E06,2025-10-01 03:24:30.437349+00
ACTIVE,2025-09-26,10:47:44,10:55:44,8,No,-,-,-,2d25e0f5-ee04-46f5-a7cb-d04e632dd1e2,IMA E06,2025-10-01 03:24:33.059588+00
INACTIVE,2025-09-24,07:25:00,07:30:05,5,Yes,Mechanical General,146 Product Exhausted,-,2d484f94-c0a1-4653-bfe6-fc06fd428814,IMA E06,2025-10-01 03:24:32.188922+00
ACTIVE,2025-09-25,10:48:16,10:51:16,3,No,-,-,-,2d4a9715-6055-4d01-9348-3dd0cf79a1e7,IMA E06,2025-10-01 03:24:32.624437+00
ACTIVE,2025-09-24,01:03:02,01:06:32,4,No,-,-,-,2d536d0c-36d0-4828-9039-7faa14024891,IMA E06,2025-10-01 03:24:31.74892+00
ACTIVE,2025-09-19,15:03:33,15:11:33,8,No,-,-,-,2d547338-5571-4d7f-a071-07725064202d,IMA T19,2025-10-01 03:24:23.908734+00
ACTIVE,2025-09-25,19:16:27,19:25:27,9,No,-,-,-,2d567902-3dd6-4424-a524-3675ca2e06db,IMA T19,2025-10-01 03:24:26.172856+00
ACTIVE,2025-09-26,17:49:20,17:50:50,2,No,-,-,-,2d61a957-9e60-44f5-85d3-d30df9533d65,IMA E06,2025-10-01 03:24:33.059588+00
INACTIVE,2025-09-19,16:26:09,16:27:30,1,No,-,-,-,2d621a26-595f-4bfe-9dd2-9a752e27f288,IMA E06,2025-10-01 03:24:30.437349+00
ACTIVE,2025-09-19,12:37:06,12:39:06,2,No,-,-,-,2d796d8a-3a5d-4bb6-9109-77fae0ecaf7d,IMA T19,2025-10-01 03:24:23.908734+00
INACTIVE,2025-09-24,05:50:35,05:52:40,2,Yes,Material Shortage,304 No envelope,-,2d93f0c1-a1cf-4b4b-84d0-06d7f8c6039d,IMA E06,2025-10-01 03:24:32.188922+00
ACTIVE,2025-09-27,18:30:49,18:42:19,12,No,-,-,-,2da31d50-1800-493e-bd0a-0d8eac7aff14,IMA T19,2025-10-01 03:24:26.969994+00
INACTIVE,2025-09-19,10:29:32,10:30:36,1,No,-,-,-,2ddec2c8-36e5-4bc9-968c-8fff62170127,IMA E06,2025-10-01 03:24:30.005057+00
ACTIVE,2025-09-29,15:33:53,15:34:53,1,No,-,-,-,2e04e8f8-0026-4165-abb9-3c9ba6c311cf,IMA T19,2025-10-01 03:24:27.585911+00
ACTIVE,2025-09-17,18:13:48,18:53:48,40,No,-,-,-,2e29d774-90d0-4023-9266-7b2bc02b4045,IMA T19,2025-10-01 03:24:22.877579+00
INACTIVE,2025-09-23,22:25:29,22:31:39,6,No,-,-,-,2e5133ed-8b9c-4bc9-bcd9-bbf8a80d78ef,IMA T19,2025-10-01 03:24:25.640136+00
ACTIVE,2025-09-29,17:01:20,17:09:20,8,No,-,-,-,2e68a6f6-cb16-4017-8f6b-52cb2164ca8b,IMA T19,2025-10-01 03:24:27.585911+00
INACTIVE,2025-09-20,00:00:00,06:07:51,368,No,-,-,-,2e71bcde-d789-4e1e-83d3-2dbb9b2a2d0b,IMA T19,2025-10-01 03:24:24.504481+00
ACTIVE,2025-09-24,12:31:38,12:47:38,16,No,-,-,-,2e73e8aa-e842-4cc7-a042-c5a0e2a09907,IMA E06,2025-10-01 03:24:32.188922+00
ACTIVE,2025-09-23,16:44:58,16:48:28,4,No,-,-,-,2ebf8577-cb11-4c58-b9ce-a089bf92c031,IMA T19,2025-10-01 03:24:25.640136+00
ACTIVE,2025-09-22,13:16:32,13:23:02,6,No,-,-,-,2ecbce36-d2ec-42a5-995b-c0a549d09057,IMA T19,2025-10-01 03:24:25.118773+00
ACTIVE,2025-09-22,10:57:58,10:58:58,1,No,-,-,-,2ecf17c7-6b51-4eab-8f9d-f87d30eb0ffa,IMA E06,2025-10-01 03:24:31.310218+00
INACTIVE,2025-09-25,15:07:52,15:13:34,6,No,-,-,-,2f0ac78c-a3b7-4161-a6c6-a21c371d2b97,IMA E06,2025-10-01 03:24:32.624437+00
INACTIVE,2025-09-22,07:26:10,07:27:45,2,No,-,-,-,2f0f03e7-a147-40bb-a25b-35bf2c0b6906,IMA E06,2025-10-01 03:24:30.866611+00
ACTIVE,2025-09-27,23:13:29,23:14:29,1,No,-,-,-,2f48f070-1440-4565-b797-8db16203aa6d,IMA E06,2025-10-01 03:24:33.928006+00
ACTIVE,2025-09-25,10:53:07,11:09:37,16,No,-,-,-,2f6f14bd-a055-4f5f-af5b-6bf4529e6e4a,IMA T19,2025-10-01 03:24:26.172856+00
ACTIVE,2025-09-24,05:46:28,05:50:28,4,No,-,-,-,2f7a563b-43b0-41ec-8324-57d6f91cd99d,IMA E06,2025-10-01 03:24:32.188922+00
ACTIVE,2025-09-15,23:01:19,23:05:49,4,No,-,-,-,2fafcd44-1e05-4927-ab5e-63a338f57c3e,IMA T19,2025-10-01 03:24:22.074365+00
ACTIVE,2025-09-17,13:28:30,14:07:00,38,No,-,-,-,2fe1afa5-c027-4fbd-96e5-5a886e3fa09c,IMA T19,2025-10-01 03:24:22.877579+00
ACTIVE,2025-09-15,11:43:26,12:24:26,41,No,-,-,-,2ff421a1-5397-4b7c-9486-30bd8a0e80e9,IMA E06,2025-10-01 03:24:28.642092+00
ACTIVE,2025-09-20,16:16:00,16:24:30,8,No,-,-,-,3022c403-aad0-40c8-bc4c-e388627e34b5,IMA T19,2025-10-01 03:24:24.504481+00
ACTIVE,2025-09-23,02:57:54,03:02:54,5,No,-,-,-,305a4ee6-d6ad-4732-ae83-9ec917adf1d6,IMA E06,2025-10-01 03:24:31.310218+00
INACTIVE,2025-09-29,06:30:29,06:31:29,1,No,-,-,-,305df708-e757-4af7-88d6-6a512406cbfb,IMA E06,2025-10-01 03:24:33.928006+00
ACTIVE,2025-09-20,01:26:24,01:55:24,29,No,-,-,-,3074b9c4-81b8-41fe-b635-eeb958b8d7f7,IMA E06,2025-10-01 03:24:30.437349+00
ACTIVE,2025-09-29,07:39:01,07:40:01,1,No,-,-,-,309d8e83-8855-4a39-bfc8-6c84bedfcd27,IMA E06,2025-10-01 03:24:33.928006+00
ACTIVE,2025-09-22,07:28:05,07:29:35,2,No,-,-,-,30d0bf0c-8138-405f-a331-4c0097156d00,IMA E06,2025-10-01 03:24:30.866611+00
INACTIVE,2025-09-29,08:17:31,08:20:03,3,Yes,-,-,-,30f19ca8-6be0-448e-bc65-20b3936e1524,IMA E06,2025-10-01 03:24:33.928006+00
INACTIVE,2025-09-25,15:14:04,15:38:51,25,No,-,-,-,311f36e7-1b38-4484-9b39-030da7641b0b,IMA E06,2025-10-01 03:24:32.624437+00
INACTIVE,2025-09-27,06:12:36,06:13:43,1,No,-,-,-,311fa9d1-5fcb-40c4-bda9-efee782836de,IMA T19,2025-10-01 03:24:26.969994+00
ACTIVE,2025-09-18,22:27:57,22:52:27,24,No,-,-,-,313fa110-3abc-4a6c-b86d-88312bc7dea1,IMA T19,2025-10-01 03:24:23.908734+00
ACTIVE,2025-09-20,16:27:57,16:42:57,15,No,-,-,-,315f9def-d349-4e80-a17d-4df2f3d31bd2,IMA T19,2025-10-01 03:24:24.504481+00
INACTIVE,2025-09-26,22:37:35,22:38:37,1,No,-,-,-,3188ccde-c251-4223-b26a-029bbbb7951f,IMA T19,2025-10-01 03:24:26.969994+00
ACTIVE,2025-09-26,06:21:17,06:32:47,12,No,-,-,-,31978eeb-55d1-44a0-ac1f-5e4690de90c2,IMA E06,2025-10-01 03:24:33.059588+00
ACTIVE,2025-09-18,10:31:04,11:10:34,40,No,-,-,-,31a04d22-ff79-4767-ab22-734030838591,IMA E06,2025-10-01 03:24:29.576452+00
ACTIVE,2025-09-26,17:50:57,17:52:57,2,No,-,-,-,31b9e059-5724-43e7-a002-52e90a1939cf,IMA E06,2025-10-01 03:24:33.059588+00
INACTIVE,2025-09-25,00:36:56,00:39:01,2,Yes,Changeover / Setup,131 Change over,-,31c8aeec-277f-47b4-a738-20f75f33115c,IMA E06,2025-10-01 03:24:32.188922+00
ACTIVE,2025-09-27,18:56:45,19:03:45,7,No,-,-,-,31f43bf4-c00d-47e1-b6a1-cd0cb00dedf2,IMA T19,2025-10-01 03:24:26.969994+00
INACTIVE,2025-09-20,23:21:38,23:25:38,4,Yes,Changeover / Setup,131 Change over,-,31f57580-359a-4fea-bfc4-d7a5f40eeae2,IMA E06,2025-10-01 03:24:30.866611+00
INACTIVE,2025-09-23,04:55:01,04:56:31,2,No,-,-,-,32593755-fbab-45e0-a9d1-bb7020c518ea,IMA E06,2025-10-01 03:24:31.310218+00
ACTIVE,2025-09-15,22:43:15,22:58:15,15,No,-,-,-,326dcb1f-18d7-4f70-a355-cd4c75bdc4b1,IMA T19,2025-10-01 03:24:22.074365+00
ACTIVE,2025-09-29,17:09:21,17:11:21,2,No,-,-,-,3287ffab-fa71-481c-bea4-420504dcf781,IMA E06,2025-10-01 03:24:34.339012+00
ACTIVE,2025-09-19,16:09:50,16:14:20,4,No,-,-,-,329c76cc-2093-4ff6-a5fe-03435be29e6e,IMA T19,2025-10-01 03:24:23.908734+00
ACTIVE,2025-09-25,18:22:29,18:25:59,4,No,-,-,-,32ccce87-1013-4c52-829b-1305a696166d,IMA E06,2025-10-01 03:24:32.624437+00
ACTIVE,2025-09-25,17:12:15,17:14:15,2,No,-,-,-,32d216d2-a6e3-42ef-a9ea-9cd97c7271e6,IMA T19,2025-10-01 03:24:26.172856+00
ACTIVE,2025-09-27,21:03:34,21:20:34,17,No,-,-,-,32d6cce0-3a5e-4d6e-a290-441040ba5c96,IMA T19,2025-10-01 03:24:26.969994+00
ACTIVE,2025-09-22,09:26:26,09:44:56,18,No,-,-,-,33053007-c27c-4d18-9969-8bd54e89ac52,IMA E06,2025-10-01 03:24:30.866611+00
ACTIVE,2025-09-15,21:47:55,21:49:55,2,No,-,-,-,3328f206-1bf3-4564-bdf6-415d4eb3935c,IMA T19,2025-10-01 03:24:22.074365+00
ACTIVE,2025-09-30,19:10:31,19:17:01,6,No,-,-,-,3334ee84-407d-44ca-92ba-5c79c959347e,IMA T19,2025-10-01 03:24:28.198188+00
ACTIVE,2025-09-27,13:22:55,13:52:55,30,No,-,-,-,337bd696-ddfa-433f-84e7-db51c16776f9,IMA E06,2025-10-01 03:24:33.48849+00
ACTIVE,2025-09-20,15:43:44,16:15:44,32,No,-,-,-,33877736-14b5-42ad-a973-6a2a3c3da4dd,IMA T19,2025-10-01 03:24:24.504481+00
INACTIVE,2025-09-29,08:48:01,08:51:05,3,Yes,-,-,-,338b3aef-1f73-47eb-9bac-50ffcf81e556,IMA E06,2025-10-01 03:24:33.928006+00
INACTIVE,2025-09-27,01:27:25,01:28:55,2,Yes,Packaging / Material Issues,411 Cleaning box forming unit,-,3399d278-2dea-42af-9bae-aff94058d238,IMA E06,2025-10-01 03:24:33.48849+00
INACTIVE,2025-09-23,03:04:11,04:33:02,89,No,-,-,-,33c18b2f-b2b0-44e8-b914-a0646d2fa65d,IMA E06,2025-10-01 03:24:31.310218+00
ACTIVE,2025-09-26,09:23:41,09:29:41,6,No,-,-,-,33c2d521-780f-401c-92c1-7a0fdd41e869,IMA E06,2025-10-01 03:24:33.059588+00
ACTIVE,2025-09-25,19:37:04,19:38:04,1,No,-,-,-,33db6051-0a83-4fe8-bb20-348c7d9916bd,IMA E06,2025-10-01 03:24:32.624437+00
ACTIVE,2025-09-19,13:56:20,14:11:20,15,No,-,-,-,33dcbe1e-5002-4d5d-9e40-df733a913e72,IMA E06,2025-10-01 03:24:30.437349+00
ACTIVE,2025-09-24,16:49:55,16:55:25,6,No,-,-,-,34333878-6061-47a4-9fec-08d1bdfca8dc,IMA T19,2025-10-01 03:24:25.640136+00
INACTIVE,2025-09-19,09:59:30,10:04:35,5,Yes,Planned Maintenance,145 Machine cleaning,sealers cleaning,344c28ec-9498-48ad-bc92-8b67b0ea90c2,IMA E06,2025-10-01 03:24:30.005057+00
ACTIVE,2025-09-15,18:47:39,18:50:39,3,No,-,-,-,345706aa-9df3-439c-85cd-63c5135b386f,IMA E06,2025-10-01 03:24:28.642092+00
INACTIVE,2025-09-18,21:55:06,21:56:10,1,No,-,-,-,34632ffa-6706-4532-a2f4-01f6ec073c4b,IMA T19,2025-10-01 03:24:23.908734+00
ACTIVE,2025-09-18,13:34:21,13:36:51,2,No,-,-,-,3469bd66-1af1-4fc6-8212-8768187898ad,IMA T19,2025-10-01 03:24:23.397716+00
ACTIVE,2025-09-18,12:33:31,12:45:31,12,No,-,-,-,348902f6-5957-4d91-a7d7-6caafbc645e6,IMA E06,2025-10-01 03:24:30.005057+00
ACTIVE,2025-09-23,15:56:35,15:59:35,3,No,-,-,-,34aefb11-fdf7-4ea7-ab4f-5a3375543192,IMA E06,2025-10-01 03:24:31.74892+00
ACTIVE,2025-09-16,05:37:53,05:41:23,4,No,-,-,-,34c966f5-6a8c-4790-b6fa-765299ec0941,IMA E06,2025-10-01 03:24:29.128339+00
INACTIVE,2025-09-24,15:40:08,15:41:08,1,No,-,-,-,34dbc207-de87-4e7c-87b2-5810f0d1b340,IMA T19,2025-10-01 03:24:25.640136+00
INACTIVE,2025-09-27,16:02:31,16:04:07,2,Yes,Material Shortage,304 No envelope,-,34f4f701-489c-46ee-853e-56ab5f21e330,IMA E06,2025-10-01 03:24:33.48849+00
ACTIVE,2025-09-16,09:33:05,10:04:05,31,No,-,-,-,34f630bc-bc81-40cf-9d58-5027453eadfa,IMA E06,2025-10-01 03:24:29.128339+00
INACTIVE,2025-09-15,10:50:33,10:52:36,2,No,-,-,-,351b21ae-76f4-4a29-b821-bf38136bfcf0,IMA E06,2025-10-01 03:24:28.642092+00
ACTIVE,2025-09-20,22:18:14,22:20:44,2,No,-,-,-,352fef90-de17-4c25-be27-9492b18f1cdb,IMA E06,2025-10-01 03:24:30.866611+00
ACTIVE,2025-09-22,13:08:28,13:11:58,4,No,-,-,-,353623c2-2f39-4d32-ba3c-c65f2575ec7d,IMA E06,2025-10-01 03:24:31.310218+00
ACTIVE,2025-09-18,12:20:07,12:25:07,5,No,-,-,-,353b73f3-b4a5-45e8-9d2a-f77f071ad052,IMA T19,2025-10-01 03:24:23.397716+00
INACTIVE,2025-09-16,07:55:17,07:57:53,3,No,-,-,-,35526641-6d45-441f-8059-a06d16d54a70,IMA T19,2025-10-01 03:24:22.074365+00
INACTIVE,2025-09-15,07:06:57,07:08:32,2,No,-,-,-,3571c217-55f3-4c9a-b505-a16d32f5ced2,IMA T19,2025-10-01 03:24:22.074365+00
INACTIVE,2025-09-22,12:58:00,12:59:30,2,No,-,-,-,35804666-4167-4b3e-b8cd-4f442483258d,IMA E06,2025-10-01 03:24:31.310218+00
INACTIVE,2025-09-23,08:14:51,08:16:55,2,Yes,Packaging / Material Issues,349 Tag dettached from teabag,-,35a411ce-6f74-485a-a739-28223fd817a9,IMA E06,2025-10-01 03:24:31.310218+00
ACTIVE,2025-09-18,20:38:58,20:39:58,1,No,-,-,-,35c09ff0-3c9d-4313-8fd9-479614eec3a8,IMA E06,2025-10-01 03:24:30.005057+00
ACTIVE,2025-09-16,10:50:48,10:58:48,8,No,-,-,-,35f2677c-c908-4f54-8b8d-2f7c12246109,IMA T19,2025-10-01 03:24:22.074365+00
ACTIVE,2025-09-25,03:21:48,03:22:48,1,No,-,-,-,35fdab93-a849-4722-8c92-11162d2ef0c7,IMA E06,2025-10-01 03:24:32.188922+00
INACTIVE,2025-09-20,10:33:38,10:35:43,2,Yes,Planned Maintenance,145 Machine cleaning,sealer cleaning,36182f42-2bd8-4531-8b43-5f9114fdd31d,IMA T19,2025-10-01 03:24:24.504481+00
INACTIVE,2025-09-19,00:18:47,00:20:18,2,No,-,-,-,362ed60c-70c1-434f-9d50-305878512dca,IMA E06,2025-10-01 03:24:30.005057+00
ACTIVE,2025-09-27,06:16:19,06:43:49,28,No,-,-,-,3633cbfd-250f-439a-93dd-cdeddb179fe1,IMA E06,2025-10-01 03:24:33.48849+00
INACTIVE,2025-09-17,12:18:24,12:19:29,1,No,-,-,-,36547c8f-e86a-45fc-8c40-934bfce51c29,IMA T19,2025-10-01 03:24:22.877579+00
ACTIVE,2025-09-22,18:08:40,18:40:40,32,No,-,-,-,36567b13-0832-4e39-99f2-153f6881c2ff,IMA E06,2025-10-01 03:24:31.310218+00
ACTIVE,2025-09-17,19:29:42,19:31:12,2,No,-,-,-,3661d273-2f90-4113-8308-89417d628651,IMA E06,2025-10-01 03:24:29.576452+00
INACTIVE,2025-09-29,17:11:48,17:12:53,1,Yes,-,-,-,3661f138-6996-4cff-918e-b74fea9abcef,IMA E06,2025-10-01 03:24:34.339012+00
ACTIVE,2025-09-24,04:52:49,05:19:49,27,No,-,-,-,36643370-9b52-4d44-8d02-c779b991a065,IMA E06,2025-10-01 03:24:31.74892+00
INACTIVE,2025-09-19,12:30:26,12:33:42,3,No,-,-,-,3689fe7a-da79-4c97-a2ec-7318bae1c2c9,IMA T19,2025-10-01 03:24:23.908734+00
ACTIVE,2025-09-27,05:01:45,05:30:45,29,No,-,-,-,36be5d07-f690-423b-bea3-d1a95777d09b,IMA E06,2025-10-01 03:24:33.48849+00
ACTIVE,2025-09-25,18:30:27,18:46:57,16,No,-,-,-,36c0f781-5539-41c8-99db-d0ed67fcf5ec,IMA E06,2025-10-01 03:24:32.624437+00
INACTIVE,2025-09-23,22:57:13,23:20:59,24,No,-,-,-,36eb0bff-2851-4696-b2f6-54cbd3a96a66,IMA T19,2025-10-01 03:24:25.640136+00
ACTIVE,2025-09-30,11:22:03,11:23:03,1,No,-,-,-,3710f831-0a6a-408d-9600-a35710c41913,IMA T19,2025-10-01 03:24:28.198188+00
INACTIVE,2025-09-29,15:03:28,15:05:03,2,Yes,-,-,-,3762a39a-d966-47e7-8d77-6e2be76c1a7b,IMA E06,2025-10-01 03:24:34.339012+00
INACTIVE,2025-09-23,15:30:00,15:34:32,5,Yes,Breakdown (Unplanned),311 Crumpled filter paper,-,3772240c-a7f5-4d92-8ef6-3032ba8a5da9,IMA T19,2025-10-01 03:24:25.640136+00
ACTIVE,2025-09-23,14:09:09,14:10:09,1,No,-,-,-,377ecb1b-d751-4c1a-88ab-063786d41d9e,IMA E06,2025-10-01 03:24:31.74892+00
ACTIVE,2025-09-25,22:08:37,22:09:37,1,No,-,-,-,37e662cd-69fd-4397-b97a-5b26453f835e,IMA E06,2025-10-01 03:24:32.624437+00
INACTIVE,2025-09-22,14:40:24,14:41:24,1,No,-,-,-,37f31c91-8be2-425c-9ae8-af45cfde9e35,IMA T19,2025-10-01 03:24:25.118773+00
ACTIVE,2025-09-23,07:02:39,07:07:39,5,No,-,-,-,37f54f5c-1a64-44fa-9773-e4ac03b39b28,IMA E06,2025-10-01 03:24:31.310218+00
ACTIVE,2025-09-19,10:14:53,11:08:23,54,No,-,-,-,38067ce7-90b8-4b52-b4fc-b29ae643b64a,IMA T19,2025-10-01 03:24:23.908734+00
INACTIVE,2025-09-15,07:51:13,07:53:13,2,No,-,-,-,381f2820-b768-4720-ad19-3f9cbc05059e,IMA T19,2025-10-01 03:24:22.074365+00
INACTIVE,2025-09-23,18:58:51,18:59:51,1,No,-,-,-,3830afad-17ba-438c-8229-efaeca2d8ba3,IMA T19,2025-10-01 03:24:25.640136+00
INACTIVE,2025-09-26,11:25:10,12:29:47,65,Yes,-,-,-,38663f8e-55c2-4850-bc2b-f3a194c4532c,IMA T19,2025-10-01 03:24:26.172856+00
INACTIVE,2025-09-25,13:06:51,13:09:35,3,Yes,Packaging / Material Issues,334 Faulty teabag knot,-,3892d125-f870-4541-8cdb-bb6dda2a1a63,IMA E06,2025-10-01 03:24:32.624437+00
INACTIVE,2025-09-26,18:27:51,18:28:51,1,No,-,-,-,38d99d8b-9cbe-491e-908f-1d3acf86524f,IMA E06,2025-10-01 03:24:33.059588+00
INACTIVE,2025-09-29,10:54:37,10:55:37,1,No,-,-,-,391f9ec2-4d91-41f1-8e0a-4d0bd1e37764,IMA E06,2025-10-01 03:24:33.928006+00
INACTIVE,2025-09-19,22:15:22,22:16:53,2,No,-,-,-,3923db40-dac2-42ca-aa70-6ddf81355618,IMA T19,2025-10-01 03:24:24.504481+00
ACTIVE,2025-09-26,10:11:53,10:39:53,28,No,-,-,-,393b702a-46e7-420e-8588-dc21cc9de936,IMA E06,2025-10-01 03:24:33.059588+00
ACTIVE,2025-09-18,16:58:50,17:09:20,10,No,-,-,-,39470843-b504-4c68-bd9b-a477afafc992,IMA T19,2025-10-01 03:24:23.397716+00
ACTIVE,2025-09-27,16:04:26,16:06:56,2,No,-,-,-,394e6234-561c-41ef-aec5-980395820bba,IMA E06,2025-10-01 03:24:33.48849+00
ACTIVE,2025-09-23,07:42:31,08:26:31,44,No,-,-,-,3952fda1-b976-4ad2-8820-6d2f499900f1,IMA T19,2025-10-01 03:24:25.118773+00
ACTIVE,2025-09-22,18:47:19,19:05:19,18,No,-,-,-,3956fcbc-ee83-49ce-a93d-80903a1cf47c,IMA E06,2025-10-01 03:24:31.310218+00
ACTIVE,2025-09-18,22:04:34,22:08:04,4,No,-,-,-,399c17b5-10e9-4357-968e-343e34c16d87,IMA E06,2025-10-01 03:24:30.005057+00
ACTIVE,2025-09-26,19:22:47,19:47:47,25,No,-,-,-,399cc740-4713-461f-bdbb-d91484a25516,IMA T19,2025-10-01 03:24:26.969994+00
INACTIVE,2025-09-25,10:02:40,10:03:45,1,No,-,-,-,39a92712-aa5f-48e2-b534-a16e1d7c1ce6,IMA E06,2025-10-01 03:24:32.624437+00
ACTIVE,2025-09-29,06:43:55,06:58:55,15,No,-,-,-,39b19276-aabf-4ce5-897c-0cc13393eca1,IMA E06,2025-10-01 03:24:33.928006+00
INACTIVE,2025-09-20,09:50:27,09:54:32,4,Yes,Planned Maintenance,145 Machine cleaning,sealer cleaning air blow heavy dust,39b2feeb-5a5d-4e54-a225-4cd00b897fbf,IMA E06,2025-10-01 03:24:30.866611+00
ACTIVE,2025-09-23,01:19:03,01:56:03,37,No,-,-,-,39f95ff9-86a0-43fa-b067-ec5d00b2ef93,IMA E06,2025-10-01 03:24:31.310218+00
ACTIVE,2025-09-18,19:37:11,19:45:41,8,No,-,-,-,39fcc072-5a7e-4a5e-8435-eb9f6158b4fd,IMA T19,2025-10-01 03:24:23.397716+00
ACTIVE,2025-09-18,21:22:17,21:23:47,2,No,-,-,-,3a135a4d-3fef-49fa-9e90-4c21c915015c,IMA T19,2025-10-01 03:24:23.397716+00
ACTIVE,2025-09-22,16:01:14,16:15:14,14,No,-,-,-,3a258fed-5f13-4900-9494-4a7ada6e3efa,IMA T19,2025-10-01 03:24:25.118773+00
ACTIVE,2025-09-19,23:10:07,23:20:37,10,No,-,-,-,3a7676d1-e92c-4948-ad81-77c488a0abc5,IMA T19,2025-10-01 03:24:24.504481+00
INACTIVE,2025-09-18,01:55:10,02:18:14,23,No,-,-,-,3a7b42dc-7eb8-4038-8784-e296475ea0f1,IMA E06,2025-10-01 03:24:29.576452+00
INACTIVE,2025-09-15,19:12:17,19:13:22,1,No,-,-,-,3a81a30f-b3e1-4a0a-ab0d-fe2c40d15a55,IMA E06,2025-10-01 03:24:28.642092+00
ACTIVE,2025-09-26,14:37:17,15:07:17,30,No,-,-,-,3a86d9b0-cd37-4c32-a913-3b0a1a5cc18a,IMA E06,2025-10-01 03:24:33.059588+00
INACTIVE,2025-09-27,00:10:41,00:11:45,1,No,-,-,-,3a8af372-44c7-424a-bcae-a4efc41370bb,IMA E06,2025-10-01 03:24:33.48849+00
ACTIVE,2025-09-29,12:42:42,12:52:12,10,No,-,-,-,3ab0d273-feac-45ce-9dc7-38df93bea995,IMA E06,2025-10-01 03:24:33.928006+00
INACTIVE,2025-09-17,11:10:16,12:16:02,66,No,-,-,-,3ace3ee8-47a2-48c8-8349-273334f7069a,IMA E06,2025-10-01 03:24:29.128339+00
ACTIVE,2025-09-16,05:22:54,05:25:54,3,No,-,-,-,3af6dcbe-21bc-4d02-b95f-7d3eb3f17e17,IMA E06,2025-10-01 03:24:29.128339+00
ACTIVE,2025-09-17,09:41:54,10:00:54,19,No,-,-,-,3af886b5-c28f-46df-a72a-e2d74ee74972,IMA T19,2025-10-01 03:24:22.877579+00
INACTIVE,2025-09-15,14:21:49,14:23:19,2,No,-,-,-,3b0bf4e0-7dba-42e9-99ce-44726fc5cabf,IMA E06,2025-10-01 03:24:28.642092+00
INACTIVE,2025-09-18,08:45:39,08:48:43,3,No,-,-,-,3b148f6c-9141-48bf-9d01-c716fdd0bc9f,IMA E06,2025-10-01 03:24:29.576452+00
ACTIVE,2025-09-27,04:02:02,04:17:02,15,No,-,-,-,3b248c67-ca6d-429f-9d2c-dad13ff83ce8,IMA E06,2025-10-01 03:24:33.48849+00
ACTIVE,2025-09-25,10:57:10,10:58:10,1,No,-,-,-,3b325906-2d4b-40f6-908e-8e63092f7975,IMA E06,2025-10-01 03:24:32.624437+00
ACTIVE,2025-09-29,13:59:11,14:00:41,2,No,-,-,-,3b448b58-d920-4979-a7f5-ca7d8168360f,IMA E06,2025-10-01 03:24:34.339012+00
ACTIVE,2025-09-29,07:53:20,07:59:50,6,No,-,-,-,3b4e1302-6560-41bb-9e29-b8f43b3ccbd3,IMA E06,2025-10-01 03:24:33.928006+00
ACTIVE,2025-09-18,14:59:52,15:11:22,12,No,-,-,-,3b54f11e-84c0-4731-b27a-f9c93f951f71,IMA E06,2025-10-01 03:24:30.005057+00
ACTIVE,2025-09-27,07:19:30,07:27:00,8,No,-,-,-,3b63ecae-c4bf-4846-8746-c44e597c3053,IMA E06,2025-10-01 03:24:33.48849+00
ACTIVE,2025-09-22,19:11:50,19:22:50,11,No,-,-,-,3b83f3a4-9703-49ce-96bb-4cc7a771ca23,IMA T19,2025-10-01 03:24:25.118773+00
ACTIVE,2025-09-19,06:24:34,06:32:04,8,No,-,-,-,3b870d58-c92a-4412-a0f3-1c606f42c0d3,IMA T19,2025-10-01 03:24:23.908734+00
ACTIVE,2025-09-24,21:56:32,21:58:02,2,No,-,-,-,3b9caf50-f1cb-42e6-a5f4-b51ef3a2448d,IMA T19,2025-10-01 03:24:26.172856+00
ACTIVE,2025-09-22,18:01:27,18:14:27,13,No,-,-,-,3ba83980-c26b-4d4c-854b-2957d115589b,IMA T19,2025-10-01 03:24:25.118773+00
ACTIVE,2025-09-16,05:33:29,05:37:29,4,No,-,-,-,3bc23d26-6ebc-499b-af7a-637def281237,IMA E06,2025-10-01 03:24:29.128339+00
ACTIVE,2025-09-26,05:28:56,05:52:56,24,No,-,-,-,3c1f0dc4-f748-4f1b-a603-589019f559b2,IMA E06,2025-10-01 03:24:33.059588+00
INACTIVE,2025-09-15,06:13:56,06:15:25,1,No,-,-,-,3c3958ce-9c52-4746-9216-037c6ff7b95d,IMA E06,2025-10-01 03:24:28.198188+00
INACTIVE,2025-09-26,11:02:55,11:04:31,2,Yes,Material Shortage,312 No tea bag on centre wheel,-,3c63e96c-e7a4-4f1e-aa67-b1deb73625aa,IMA T19,2025-10-01 03:24:26.172856+00
ACTIVE,2025-09-27,19:25:19,19:28:49,4,No,-,-,-,3c867cc9-1e01-44cd-bbe6-a70b3eb9ba13,IMA T19,2025-10-01 03:24:26.969994+00
INACTIVE,2025-09-22,08:49:46,08:51:16,2,Yes,Mechanical General,311 Crumpled filter paper,-,3c8f0583-f260-4d04-b0c1-9169767d4e36,IMA T19,2025-10-01 03:24:24.504481+00
ACTIVE,2025-09-23,18:09:21,18:11:21,2,No,-,-,-,3cc1c5ef-9710-4760-9d07-f9b18e2d047b,IMA T19,2025-10-01 03:24:25.640136+00
ACTIVE,2025-09-23,02:17:02,02:38:32,22,No,-,-,-,3d016158-b9b8-460d-a575-30bcced964e2,IMA E06,2025-10-01 03:24:31.310218+00
ACTIVE,2025-09-16,06:18:56,06:50:26,32,No,-,-,-,3d238d38-6f76-4931-a9aa-a8dccd26861a,IMA T19,2025-10-01 03:24:22.074365+00
INACTIVE,2025-09-23,11:03:12,11:05:17,2,Yes,Material Shortage,304 No envelope,-,3d72b150-5e91-4813-9e44-c6e6888e6908,IMA E06,2025-10-01 03:24:31.74892+00
ACTIVE,2025-09-24,18:25:57,18:41:27,16,No,-,-,-,3d8c583f-7c93-48b2-92f8-7c489502e4fe,IMA E06,2025-10-01 03:24:32.188922+00
INACTIVE,2025-09-27,00:53:06,00:54:06,1,No,-,-,-,3db0380e-8afa-4bb2-a39e-16cb13ad41b2,IMA E06,2025-10-01 03:24:33.48849+00
INACTIVE,2025-09-20,03:28:48,03:29:52,1,No,-,-,-,3de5d4d7-d29b-4042-b497-37aa5b27c927,IMA E06,2025-10-01 03:24:30.437349+00
ACTIVE,2025-09-29,13:31:54,13:33:24,2,No,-,-,-,3deb2afa-fe92-48bd-aa7e-b319a31947fc,IMA E06,2025-10-01 03:24:33.928006+00
ACTIVE,2025-09-15,16:15:19,16:17:49,2,No,-,-,-,3e0957a7-eb9e-4d27-ae9f-36bb44d86cbe,IMA E06,2025-10-01 03:24:28.642092+00
INACTIVE,2025-09-24,17:49:00,17:54:38,6,No,-,-,-,3e0a18b7-b500-42f5-a175-6ca42d1f9e23,IMA E06,2025-10-01 03:24:32.188922+00
INACTIVE,2025-09-20,17:44:19,17:59:50,16,Yes,Admin,137 Meeting,-,3e405755-98cb-4ab4-ab42-182cc7f67520,IMA T19,2025-10-01 03:24:24.504481+00
INACTIVE,2025-09-20,03:20:40,03:21:45,1,No,-,-,-,3e4f2700-f960-4587-8a5e-1c422393f62f,IMA E06,2025-10-01 03:24:30.437349+00
ACTIVE,2025-09-25,12:18:09,12:37:09,19,No,-,-,-,3e53aa75-30e3-40ba-b064-c76e4a6e548e,IMA T19,2025-10-01 03:24:26.172856+00
ACTIVE,2025-09-27,00:56:53,01:00:53,4,No,-,-,-,3e6e917a-4975-4797-b016-75d30e24e048,IMA E06,2025-10-01 03:24:33.48849+00
ACTIVE,2025-09-15,17:08:59,17:19:29,10,No,-,-,-,3e72abf0-3438-4f61-940c-93e8072aabf0,IMA E06,2025-10-01 03:24:28.642092+00
ACTIVE,2025-09-26,22:01:39,22:16:39,15,No,-,-,-,3e97ccfc-1cbc-4f45-82d4-250438222230,IMA E06,2025-10-01 03:24:33.48849+00
INACTIVE,2025-09-16,06:06:49,06:07:54,1,No,-,-,-,3eb6c5cc-4d00-4182-bc7a-ff690986d846,IMA E06,2025-10-01 03:24:29.128339+00
INACTIVE,2025-09-18,04:31:28,04:52:43,21,No,-,-,-,3ecd0ea4-49d7-4642-9274-33b568c8f5d5,IMA E06,2025-10-01 03:24:29.576452+00
INACTIVE,2025-09-18,19:05:54,19:07:28,2,No,-,-,-,3ed1e34e-761d-4053-84c3-ee8fcd276ecb,IMA E06,2025-10-01 03:24:30.005057+00
ACTIVE,2025-09-20,10:25:26,10:27:26,2,No,-,-,-,3ed25f5f-5b35-4317-8c18-3650b9ed274e,IMA T19,2025-10-01 03:24:24.504481+00
ACTIVE,2025-09-26,17:21:27,17:23:27,2,No,-,-,-,3f01db92-b232-47a3-8af3-c76b10226b26,IMA T19,2025-10-01 03:24:26.969994+00
INACTIVE,2025-09-27,18:38:55,18:49:52,11,Yes,Packaging / Material Issues,332 Pin hole in Tea bag,-,3f19d1ff-e7ec-423a-bdc1-c60dbe8c9044,IMA E06,2025-10-01 03:24:33.48849+00
INACTIVE,2025-09-25,04:11:33,04:20:33,9,No,-,-,-,3f1cf293-9a17-4d30-8826-a8de7c2cf530,IMA E06,2025-10-01 03:24:32.188922+00
ACTIVE,2025-09-30,09:24:55,09:38:25,14,No,-,-,-,3f320918-3c23-4d69-b5f7-2e3022864630,IMA T19,2025-10-01 03:24:28.198188+00
ACTIVE,2025-09-27,11:02:23,11:11:23,9,No,-,-,-,3f363bde-84f8-4fc5-89ba-46fe799643b6,IMA T19,2025-10-01 03:24:26.969994+00
INACTIVE,2025-09-25,15:51:12,15:54:38,3,No,-,-,-,3fb6fc9e-3f8f-4a27-8ffb-e5b01c045616,IMA E06,2025-10-01 03:24:32.624437+00
INACTIVE,2025-09-19,19:58:05,19:59:40,2,No,-,-,-,40977985-3b90-4928-a3f5-f8bf8870a677,IMA E06,2025-10-01 03:24:30.437349+00
ACTIVE,2025-09-27,00:37:15,00:52:45,16,No,-,-,-,40a33617-17b6-46d8-9cc6-ee397954411a,IMA E06,2025-10-01 03:24:33.48849+00
ACTIVE,2025-09-19,19:26:23,19:41:23,15,No,-,-,-,40ab0691-b112-4e24-92a7-f93471b7836f,IMA T19,2025-10-01 03:24:23.908734+00
ACTIVE,2025-09-18,03:37:31,03:43:31,6,No,-,-,-,40f0ace7-93ab-4735-b44e-d51d9260c74b,IMA E06,2025-10-01 03:24:29.576452+00
ACTIVE,2025-09-22,12:49:27,13:16:27,27,No,-,-,-,40f1a06c-b983-4ca3-a061-357948c9ba2b,IMA T19,2025-10-01 03:24:25.118773+00
ACTIVE,2025-09-25,18:58:07,19:03:07,5,No,-,-,-,416254a0-c593-4e09-ad68-1cf61cbda8e2,IMA T19,2025-10-01 03:24:26.172856+00
ACTIVE,2025-09-27,07:28:12,07:40:12,12,No,-,-,-,4170078b-aa55-41ce-b740-3ed97edf169a,IMA E06,2025-10-01 03:24:33.48849+00
ACTIVE,2025-09-19,22:07:24,22:33:24,26,No,-,-,-,418d913b-ba04-4b77-8722-41e653b2f490,IMA E06,2025-10-01 03:24:30.437349+00
ACTIVE,2025-09-19,14:23:51,14:28:51,5,No,-,-,-,41abab50-2c82-4c60-8a34-42fb452f6021,IMA T19,2025-10-01 03:24:23.908734+00
ACTIVE,2025-09-22,14:18:37,14:39:37,21,No,-,-,-,41dbcf0a-971e-4ed0-9a0b-a06869c9719b,IMA T19,2025-10-01 03:24:25.118773+00
ACTIVE,2025-09-26,18:29:21,18:41:51,12,No,-,-,-,41eb7267-5fec-40f4-a3ff-4e02222796e0,IMA E06,2025-10-01 03:24:33.059588+00
ACTIVE,2025-09-27,18:00:18,18:22:48,22,No,-,-,-,42274289-3f31-44c2-be03-ae6589d45959,IMA T19,2025-10-01 03:24:26.969994+00
ACTIVE,2025-09-23,09:45:32,10:12:32,27,No,-,-,-,423fb7d0-e872-446e-89b5-2074d05ea292,IMA E06,2025-10-01 03:24:31.74892+00
ACTIVE,2025-09-23,06:24:33,06:53:03,28,No,-,-,-,425d85a9-bacd-4a77-885f-010c97d4a0f5,IMA E06,2025-10-01 03:24:31.310218+00
INACTIVE,2025-09-26,18:11:43,18:13:18,2,Yes,Mechanical General,103 Start up,-,42642153-7b91-4823-9894-556799603b5b,IMA E06,2025-10-01 03:24:33.059588+00
ACTIVE,2025-09-19,17:38:53,18:32:23,54,No,-,-,-,4275e825-6d8a-4771-9219-2f6fd1983659,IMA T19,2025-10-01 03:24:23.908734+00
ACTIVE,2025-09-24,22:33:52,22:39:52,6,No,-,-,-,4286e7a7-0e1c-43e9-944a-7125d8d5637f,IMA T19,2025-10-01 03:24:26.172856+00
INACTIVE,2025-09-19,18:32:44,18:36:06,3,No,-,-,-,4287e75d-5830-4631-ae35-0410c0ccd4f6,IMA T19,2025-10-01 03:24:23.908734+00
INACTIVE,2025-09-25,00:59:28,01:17:11,18,No,-,-,-,42b69fc5-e3fe-4179-8174-61f53d729978,IMA E06,2025-10-01 03:24:32.188922+00
INACTIVE,2025-09-25,12:53:02,12:55:06,2,No,-,-,-,42be2bd5-fc4c-4d87-8957-9bc736b639f7,IMA E06,2025-10-01 03:24:32.624437+00
ACTIVE,2025-09-18,18:29:56,18:38:56,9,No,-,-,-,42dd3608-bf47-4aaa-b560-5e6e0bff3b15,IMA T19,2025-10-01 03:24:23.397716+00
INACTIVE,2025-09-29,13:41:17,13:42:17,1,No,-,-,-,42ea910c-bac3-4558-bc68-f9a527a8b3eb,IMA T19,2025-10-01 03:24:27.585911+00
ACTIVE,2025-09-29,13:52:50,13:54:50,2,No,-,-,-,4301bea7-4900-4b76-8499-ed0ed6618b5c,IMA E06,2025-10-01 03:24:34.339012+00
ACTIVE,2025-09-18,08:43:24,08:45:24,2,No,-,-,-,430e861f-203f-42d1-9798-ba84f4b85c30,IMA E06,2025-10-01 03:24:29.576452+00
INACTIVE,2025-09-25,17:18:19,17:52:25,34,No,-,-,-,43134ddc-aed1-448c-aa3e-0012a614cb16,IMA E06,2025-10-01 03:24:32.624437+00
ACTIVE,2025-09-30,08:35:38,08:54:38,19,No,-,-,-,433325a0-7d24-4e72-b590-5fc52ff0b2df,IMA T19,2025-10-01 03:24:28.198188+00
INACTIVE,2025-09-30,18:28:22,18:29:57,2,No,-,-,-,433f9adb-65f8-4d90-af89-42b1783f71cf,IMA T19,2025-10-01 03:24:28.198188+00
ACTIVE,2025-09-19,04:57:00,05:26:30,30,No,-,-,-,43448ef7-dc26-4e2e-8652-d6d6d00496cc,IMA E06,2025-10-01 03:24:30.005057+00
INACTIVE,2025-09-24,23:30:36,00:00:00,29,No,-,-,-,439f25fb-00dc-4728-950e-0b6306f5e421,IMA T19,2025-10-01 03:24:26.172856+00
ACTIVE,2025-09-29,18:51:33,18:57:33,6,No,-,-,-,43ab34ef-95f6-4f47-8bdc-95c694b6f3b0,IMA T19,2025-10-01 03:24:27.585911+00
ACTIVE,2025-09-29,19:53:23,20:08:53,16,No,-,-,-,43ad4886-c32f-4b09-a9b1-86326308a2ca,IMA T19,2025-10-01 03:24:27.585911+00
INACTIVE,2025-09-23,10:31:31,10:38:36,7,Yes,Mechanical General,415 Misalligned date code,-,43c1b2ce-c65e-4b39-8fdd-ffec164ceb73,IMA T19,2025-10-01 03:24:25.118773+00
ACTIVE,2025-09-17,09:20:24,10:31:24,71,No,-,-,-,43cc63da-07f4-4e51-9c72-353340aa7269,IMA E06,2025-10-01 03:24:29.128339+00
ACTIVE,2025-09-27,15:17:03,15:59:33,42,No,-,-,-,43d50750-6289-4d83-afc7-d9dd07f1035f,IMA T19,2025-10-01 03:24:26.969994+00
INACTIVE,2025-09-24,01:06:56,01:08:01,1,Yes,Packaging / Material Issues,374 Bag Stack Rotation Overload,-,43d89897-7b29-4847-98d6-05eee75ced9f,IMA E06,2025-10-01 03:24:31.74892+00
INACTIVE,2025-09-17,08:17:57,08:23:31,6,No,-,-,-,43f64412-5301-4b3e-9733-426317592b2e,IMA E06,2025-10-01 03:24:29.128339+00
ACTIVE,2025-09-17,15:09:05,15:11:35,2,No,-,-,-,4410b36b-7bf6-453e-b918-323b1d51eff8,IMA E06,2025-10-01 03:24:29.128339+00
INACTIVE,2025-09-22,07:44:20,07:46:25,2,No,-,-,-,4422d528-e8da-4ef9-85d5-acbff86c910f,IMA E06,2025-10-01 03:24:30.866611+00
ACTIVE,2025-09-22,08:07:47,08:09:47,2,No,-,-,-,444a892b-0a8e-496d-b776-0cbc620d08e6,IMA E06,2025-10-01 03:24:30.866611+00
ACTIVE,2025-09-19,06:41:01,06:51:31,10,No,-,-,-,4472ae5b-ac06-400e-be30-6f55e9a87bf7,IMA T19,2025-10-01 03:24:23.908734+00
ACTIVE,2025-09-25,12:55:11,12:58:41,4,No,-,-,-,449043fe-aa79-4bf3-b885-44ad27e77311,IMA E06,2025-10-01 03:24:32.624437+00
INACTIVE,2025-09-27,00:00:00,06:10:34,371,Yes,Admin,128 Daily CLIRT,-,44937416-5d7f-4c3a-8b95-7694899d1bf4,IMA T19,2025-10-01 03:24:26.969994+00
ACTIVE,2025-09-19,00:17:34,00:18:34,1,No,-,-,-,44a51321-4155-4f5c-b79e-9c1bad11eb9e,IMA E06,2025-10-01 03:24:30.005057+00
INACTIVE,2025-09-17,10:45:51,10:49:25,4,No,-,-,-,44bcd307-b930-4452-8271-a1006e533885,IMA T19,2025-10-01 03:24:22.877579+00
ACTIVE,2025-09-19,13:16:37,13:48:37,32,No,-,-,-,44d5a544-ff1d-4472-80fe-cecd0d8ebbab,IMA T19,2025-10-01 03:24:23.908734+00
INACTIVE,2025-09-17,14:36:03,14:37:03,1,No,-,-,-,44d6e2c0-14e5-4a09-b693-58226b596284,IMA E06,2025-10-01 03:24:29.128339+00
INACTIVE,2025-09-29,17:07:56,17:09:01,1,No,-,-,-,44f977ae-8e66-44ba-9e5c-b66910aa5ea1,IMA E06,2025-10-01 03:24:34.339012+00
ACTIVE,2025-09-24,23:48:38,00:00:00,11,No,-,-,-,44fa8a16-b287-4c30-88cc-73c8f334dd48,IMA E06,2025-10-01 03:24:32.188922+00
ACTIVE,2025-09-29,12:26:54,12:30:54,4,No,-,-,-,45043dbd-11d0-4de3-b93e-85367a20abca,IMA T19,2025-10-01 03:24:27.585911+00
ACTIVE,2025-09-20,15:40:53,15:42:23,2,No,-,-,-,45296ee9-8ca4-4d03-8aff-3fc63fbeabff,IMA T19,2025-10-01 03:24:24.504481+00
INACTIVE,2025-09-29,12:31:17,12:32:48,2,No,-,-,-,452fbd48-0cce-4919-977d-f0647a090547,IMA E06,2025-10-01 03:24:33.928006+00
ACTIVE,2025-09-17,10:38:28,10:39:28,1,No,-,-,-,4532c57a-0f12-48a3-aac4-1025b8fe968e,IMA T19,2025-10-01 03:24:22.877579+00
ACTIVE,2025-09-18,17:30:51,17:32:21,2,No,-,-,-,453fd8b6-cd0b-4450-9a42-299bd80aa5c4,IMA T19,2025-10-01 03:24:23.397716+00
ACTIVE,2025-09-24,17:20:10,17:41:10,21,No,-,-,-,45491c65-887e-436a-9c81-c02b65154753,IMA T19,2025-10-01 03:24:25.640136+00
ACTIVE,2025-09-30,14:51:04,14:55:04,4,No,-,-,-,45563de7-a81d-478f-881e-02ca3b9336ae,IMA T19,2025-10-01 03:24:28.198188+00
ACTIVE,2025-09-25,15:54:46,15:55:46,1,No,-,-,-,45622cb9-49fc-4529-a34a-7c0d970407d9,IMA E06,2025-10-01 03:24:32.624437+00
INACTIVE,2025-09-22,11:11:27,12:18:02,67,Yes,Admin,142 Break time,-,4567ae82-0064-4807-af5e-6370b86fb5fa,IMA T19,2025-10-01 03:24:25.118773+00
INACTIVE,2025-09-23,12:36:41,12:39:57,3,No,-,-,-,456fb605-8f4d-406e-84da-cb15948006bd,IMA E06,2025-10-01 03:24:31.74892+00
ACTIVE,2025-09-18,10:47:13,10:49:13,2,No,-,-,-,45adc64c-e7d3-4744-86d5-c0b64c6c4797,IMA T19,2025-10-01 03:24:23.397716+00
ACTIVE,2025-09-25,00:39:04,00:41:34,2,No,-,-,-,45c2f0e3-1815-4f95-9dda-9ae922671b97,IMA E06,2025-10-01 03:24:32.188922+00
INACTIVE,2025-09-25,19:25:37,19:28:40,3,Yes,Mechanical General,-,Seam guide lifting piston failure,45cdb313-7f40-49b7-9a5b-e2095cb46ab3,IMA T19,2025-10-01 03:24:26.172856+00
ACTIVE,2025-09-19,10:05:00,10:25:30,20,No,-,-,-,45d35122-0bfa-4cb3-8139-0d15fed51040,IMA E06,2025-10-01 03:24:30.005057+00
ACTIVE,2025-09-18,17:33:06,18:13:06,40,No,-,-,-,46063b1f-9b13-4d2c-9505-6a2cd483f83c,IMA T19,2025-10-01 03:24:23.397716+00
INACTIVE,2025-09-19,17:20:29,17:22:26,2,No,-,-,-,462e0aa4-a542-4062-a059-f25d8483fe8b,IMA E06,2025-10-01 03:24:30.437349+00
INACTIVE,2025-09-20,15:35:10,15:38:12,3,No,-,-,-,4645cd27-43cf-48d8-b73e-ecb5cdce3180,IMA E06,2025-10-01 03:24:30.866611+00
ACTIVE,2025-09-22,15:11:09,15:28:09,17,No,-,-,-,4658ea60-7154-4c6b-b6c8-014214b8c979,IMA T19,2025-10-01 03:24:25.118773+00
INACTIVE,2025-09-23,08:25:51,08:26:55,1,Yes,Packaging / Material Issues,349 Tag dettached from teabag,-,46616cfa-78b2-4afd-a94e-be8472b232ce,IMA E06,2025-10-01 03:24:31.310218+00
INACTIVE,2025-09-29,14:00:44,14:02:47,2,No,-,-,-,46872fd0-b199-4cad-8ff3-f9dd60cc59d9,IMA E06,2025-10-01 03:24:34.339012+00
ACTIVE,2025-09-17,15:42:29,16:09:29,27,No,-,-,-,46971833-e0eb-4049-a4d3-32e7f8e3b9d8,IMA T19,2025-10-01 03:24:22.877579+00
INACTIVE,2025-09-22,17:22:48,17:23:48,1,No,-,-,-,46983e9f-ed1b-4217-b010-6c817c05526e,IMA E06,2025-10-01 03:24:31.310218+00
ACTIVE,2025-09-24,12:29:25,14:08:25,99,No,-,-,-,46be7c38-3497-47d1-bcdd-2ae22250a48d,IMA T19,2025-10-01 03:24:25.640136+00
INACTIVE,2025-09-27,06:42:57,06:47:06,4,Yes,Mechanical General,311 Crumpled filter paper,-,473cd925-c789-4d44-9578-f04a6f70ba08,IMA T19,2025-10-01 03:24:26.969994+00
INACTIVE,2025-09-23,15:10:16,15:12:36,2,Yes,Man power,143 TEA BREAK,-,473cf784-690a-4737-9285-d91f242b8f0b,IMA E06,2025-10-01 03:24:31.74892+00
ACTIVE,2025-09-23,21:27:17,21:30:17,3,No,-,-,-,475eb748-fde7-4097-b77a-2668f08390ee,IMA T19,2025-10-01 03:24:25.640136+00
ACTIVE,2025-09-30,18:33:47,18:37:47,4,No,-,-,-,4771e1fd-a051-4f62-a995-1b3362cb4d5a,IMA T19,2025-10-01 03:24:28.198188+00
INACTIVE,2025-09-15,22:28:11,22:29:45,2,No,-,-,-,4772a975-8493-45f4-a742-2c8a541fbe5b,IMA T19,2025-10-01 03:24:22.074365+00
ACTIVE,2025-09-18,06:29:47,06:36:47,7,No,-,-,-,47bfbef5-0f29-466b-981c-ac57beb629d9,IMA T19,2025-10-01 03:24:22.877579+00
INACTIVE,2025-09-29,08:51:28,08:52:43,1,No,-,-,-,47ccce02-30bc-4451-9d93-550c33a752e0,IMA E06,2025-10-01 03:24:33.928006+00
ACTIVE,2025-09-30,10:26:24,10:52:24,26,No,-,-,-,47cde6c6-77d2-48e4-af89-31dda62051d8,IMA T19,2025-10-01 03:24:28.198188+00
ACTIVE,2025-09-18,03:43:39,04:01:39,18,No,-,-,-,47ceb11d-00da-48ab-9dc0-90d681fa8fa5,IMA E06,2025-10-01 03:24:29.576452+00
INACTIVE,2025-09-18,08:41:45,08:43:04,1,No,-,-,-,47e76423-5a0f-4904-b11c-c8056e710634,IMA E06,2025-10-01 03:24:29.576452+00
INACTIVE,2025-09-26,16:41:18,16:42:22,1,No,-,-,-,4806e24f-d837-47f2-96fe-a42834c7f9bd,IMA E06,2025-10-01 03:24:33.059588+00
ACTIVE,2025-09-18,02:40:11,03:01:41,22,No,-,-,-,481636a7-8dca-4d21-b92f-fddaf76bc7c3,IMA E06,2025-10-01 03:24:29.576452+00
INACTIVE,2025-09-27,03:31:06,03:49:09,18,Yes,Packaging / Material Issues,411 Cleaning box forming unit,-,482fb4c8-7cb7-4911-bfd1-5653f7f7d65c,IMA E06,2025-10-01 03:24:33.48849+00
INACTIVE,2025-09-18,21:11:44,21:22:16,11,Yes,-,-,-,486fac73-e15d-4f88-a140-5b205a22c3f7,IMA T19,2025-10-01 03:24:23.397716+00
ACTIVE,2025-09-23,18:58:30,19:18:00,20,No,-,-,-,48a8c36b-053d-4fd1-99b6-3d4d21db9c54,IMA E06,2025-10-01 03:24:31.74892+00
INACTIVE,2025-09-18,13:56:42,13:58:54,2,No,-,-,-,48c4102e-d9c0-4182-9750-e43aa1b4643d,IMA T19,2025-10-01 03:24:23.397716+00
ACTIVE,2025-09-17,18:33:23,18:34:53,2,No,-,-,-,48cef527-852d-4246-bbec-9e2fe9ac0c8e,IMA E06,2025-10-01 03:24:29.576452+00
ACTIVE,2025-09-29,17:13:16,17:16:16,3,No,-,-,-,48f57dea-d07f-4b74-aaaf-602667697830,IMA E06,2025-10-01 03:24:34.339012+00
ACTIVE,2025-09-25,20:31:22,20:41:22,10,No,-,-,-,492a2027-aa54-48cc-b3d1-035b6001a8dc,IMA E06,2025-10-01 03:24:32.624437+00
INACTIVE,2025-09-15,23:31:48,00:00:00,28,No,-,-,-,49559343-4e96-4df5-a1b9-0ff010bdf68f,IMA T19,2025-10-01 03:24:22.074365+00
ACTIVE,2025-09-19,07:13:44,07:20:14,6,No,-,-,-,4956b4f8-7baf-4325-8a17-d68217116238,IMA T19,2025-10-01 03:24:23.908734+00
ACTIVE,2025-09-18,08:33:38,08:47:38,14,No,-,-,-,4967414d-e12e-4e09-903b-bdf887ec9fa1,IMA T19,2025-10-01 03:24:23.397716+00
ACTIVE,2025-09-19,14:17:02,14:23:32,6,No,-,-,-,4973e03c-21f6-4488-8f7e-9511f6e43b51,IMA T19,2025-10-01 03:24:23.908734+00
ACTIVE,2025-09-20,22:08:23,22:13:23,5,No,-,-,-,498a9b6a-71b3-4309-8cdf-1145d282def9,IMA T19,2025-10-01 03:24:24.504481+00
ACTIVE,2025-09-26,18:20:39,19:12:39,52,No,-,-,-,4a04d946-5793-4674-ac63-c743045fd4c4,IMA T19,2025-10-01 03:24:26.969994+00
ACTIVE,2025-09-22,09:08:03,09:21:03,13,No,-,-,-,4a224381-2a25-45bb-a585-e198dab23a49,IMA E06,2025-10-01 03:24:30.866611+00
INACTIVE,2025-09-18,15:35:54,15:38:30,3,No,-,-,-,4a66f3a4-08cc-4d90-ae00-2c18bcad0d0d,IMA T19,2025-10-01 03:24:23.397716+00
ACTIVE,2025-09-30,09:09:14,09:24:44,16,No,-,-,-,4a9602c2-a541-4ecc-a20c-9744539659e4,IMA T19,2025-10-01 03:24:28.198188+00
ACTIVE,2025-09-29,14:52:23,14:55:23,3,No,-,-,-,4aaaadcf-233b-444e-bfd3-1d711a4ca28e,IMA E06,2025-10-01 03:24:34.339012+00
INACTIVE,2025-09-25,15:55:52,16:00:51,5,No,-,-,-,4ab64157-7dca-4120-96af-5193e4591a79,IMA E06,2025-10-01 03:24:32.624437+00
ACTIVE,2025-09-29,13:38:18,13:39:48,2,No,-,-,-,4ad332f9-ca18-4429-8255-e6bbb78887c9,IMA E06,2025-10-01 03:24:34.339012+00
INACTIVE,2025-09-29,06:25:05,06:26:40,2,No,-,-,-,4ad85815-1973-4b64-ba2e-37856ee2f57c,IMA E06,2025-10-01 03:24:33.928006+00
ACTIVE,2025-09-24,00:49:45,00:59:15,10,No,-,-,-,4ae1b635-7d60-43af-8bee-beafd92db38f,IMA E06,2025-10-01 03:24:31.74892+00
INACTIVE,2025-09-19,18:08:05,18:10:02,2,No,-,-,-,4ae38d5a-079b-414b-a4a1-7b2a803114d6,IMA E06,2025-10-01 03:24:30.437349+00
ACTIVE,2025-09-26,04:01:00,04:14:30,14,No,-,-,-,4aed4bf6-e0ed-4f33-a9d5-ee302627bf7d,IMA E06,2025-10-01 03:24:33.059588+00
ACTIVE,2025-09-19,17:22:02,17:23:32,2,No,-,-,-,4b018b3d-eff7-492b-9738-0ab9d7f9be51,IMA T19,2025-10-01 03:24:23.908734+00
INACTIVE,2025-09-20,17:00:42,17:01:44,1,Yes,Mechanical General,311 Crumpled filter paper,-,4b09b3f1-aa4d-4b25-90c0-1adc01be35f2,IMA T19,2025-10-01 03:24:24.504481+00
ACTIVE,2025-09-18,09:24:54,10:27:54,63,No,-,-,-,4b27ec5e-c33f-4b88-b554-7e5f912bced5,IMA E06,2025-10-01 03:24:29.576452+00
ACTIVE,2025-09-29,08:14:07,08:22:07,8,No,-,-,-,4b47d43b-5e8a-40c0-b4ce-9c6f73048b35,IMA T19,2025-10-01 03:24:27.585911+00
ACTIVE,2025-09-20,22:25:17,22:28:47,4,No,-,-,-,4b6ed14e-1846-4637-b10a-57e21e3309a6,IMA T19,2025-10-01 03:24:24.504481+00
ACTIVE,2025-09-18,21:33:35,21:35:05,2,No,-,-,-,4b93c863-e3f6-43f4-a015-9a6acf91a297,IMA T19,2025-10-01 03:24:23.908734+00
ACTIVE,2025-09-29,22:14:04,22:42:34,28,No,-,-,-,4c174e02-014e-496a-84bb-59f2f7965f10,IMA T19,2025-10-01 03:24:28.198188+00
ACTIVE,2025-09-20,19:14:22,19:24:52,10,No,-,-,-,4c604824-a02d-4885-863e-451fa87ef1a4,IMA T19,2025-10-01 03:24:24.504481+00
ACTIVE,2025-09-29,19:50:49,19:51:49,1,No,-,-,-,4c606ef2-e56f-4536-baa3-55f2b5a2b005,IMA T19,2025-10-01 03:24:27.585911+00
ACTIVE,2025-09-25,13:50:27,14:18:27,28,No,-,-,-,4c7c3cfc-8a00-4116-a1c6-05fab355db6d,IMA E06,2025-10-01 03:24:32.624437+00
INACTIVE,2025-09-29,11:09:03,12:28:38,80,Yes,-,-,-,4c8d9f1c-84e4-4d8c-baba-d318442881f9,IMA E06,2025-10-01 03:24:33.928006+00
ACTIVE,2025-09-18,09:14:12,09:24:42,10,No,-,-,-,4c9babc2-7141-44af-9f4e-5c994e59e773,IMA T19,2025-10-01 03:24:23.397716+00
ACTIVE,2025-09-20,22:35:43,22:38:13,2,No,-,-,-,4ca3ccad-1319-400d-8344-39c76f6c14ec,IMA E06,2025-10-01 03:24:30.866611+00
ACTIVE,2025-09-24,15:09:47,15:10:47,1,No,-,-,-,4cb6938f-b87c-49df-82b8-54a2d81471ad,IMA T19,2025-10-01 03:24:25.640136+00
INACTIVE,2025-09-29,12:34:39,12:37:39,3,Yes,-,-,-,4cda7ba8-72fb-4d42-b086-41d4d10a60fa,IMA E06,2025-10-01 03:24:33.928006+00
INACTIVE,2025-09-22,09:04:48,09:07:24,3,Yes,Packaging / Material Issues,349 Tag dettached from teabag,-,4cec789f-9c1d-4dbb-bd40-3483899e8e6b,IMA E06,2025-10-01 03:24:30.866611+00
ACTIVE,2025-09-22,12:19:38,12:30:08,10,No,-,-,-,4d45f5e7-b1d6-4442-9536-c6dd914c092d,IMA T19,2025-10-01 03:24:25.118773+00
INACTIVE,2025-09-17,12:47:39,12:48:39,1,No,-,-,-,4d47cc57-e1a2-4643-bcd2-adb7bc6d49b6,IMA T19,2025-10-01 03:24:22.877579+00
ACTIVE,2025-09-18,13:59:33,14:49:33,50,No,-,-,-,4d7c9d52-7eda-41ff-ae9b-073e389fa4f6,IMA T19,2025-10-01 03:24:23.397716+00
INACTIVE,2025-09-25,21:45:46,21:47:21,2,No,-,-,-,4d8aeb3b-17d7-425a-8639-b3368786e243,IMA E06,2025-10-01 03:24:32.624437+00
ACTIVE,2025-09-29,06:36:10,06:37:40,2,No,-,-,-,4d92734d-1cbf-4a6f-aa84-75f5baf3cc73,IMA T19,2025-10-01 03:24:27.585911+00
ACTIVE,2025-09-18,03:08:15,03:14:15,6,No,-,-,-,4d9f46db-43e6-4aa6-b805-4accdefe0a54,IMA E06,2025-10-01 03:24:29.576452+00
ACTIVE,2025-09-27,19:04:07,19:16:37,12,No,-,-,-,4da9cedf-9145-4c82-877a-4e8cf8c98b8b,IMA T19,2025-10-01 03:24:26.969994+00
ACTIVE,2025-09-20,09:51:57,10:10:27,18,No,-,-,-,4dbdf96b-18f7-4a18-9542-9cd328ab51a5,IMA T19,2025-10-01 03:24:24.504481+00
ACTIVE,2025-09-15,17:44:14,17:52:14,8,No,-,-,-,4dbf0f6d-dd0f-47a5-9b0a-b3306f1a8f37,IMA T19,2025-10-01 03:24:22.074365+00
INACTIVE,2025-09-19,13:52:47,13:55:52,3,No,-,-,-,4dc5e5ea-72bf-4e64-8094-7a7cd46cc51d,IMA E06,2025-10-01 03:24:30.437349+00
INACTIVE,2025-09-17,20:41:06,21:41:11,60,No,-,-,-,4dd07640-1497-43f0-812b-0ef84b2520ce,IMA E06,2025-10-01 03:24:29.576452+00
ACTIVE,2025-09-27,09:09:33,11:09:33,120,No,-,-,-,4de8f9c9-9d22-46f9-b708-ea57dee8caa1,IMA E06,2025-10-01 03:24:33.48849+00
INACTIVE,2025-09-24,21:07:04,21:08:35,2,No,-,-,-,4dea3fd6-12cf-40c7-9b8a-2ed13ee2dd50,IMA T19,2025-10-01 03:24:26.172856+00
ACTIVE,2025-09-30,18:59:15,19:07:15,8,No,-,-,-,4e0310a4-3739-4b5c-ae0a-247bbd7262bd,IMA T19,2025-10-01 03:24:28.198188+00
ACTIVE,2025-09-20,23:17:18,23:21:18,4,No,-,-,-,4e2f1c42-3873-499c-9629-ecd3f579aa9d,IMA E06,2025-10-01 03:24:30.866611+00
ACTIVE,2025-09-15,08:26:47,08:31:17,4,No,-,-,-,4e38779a-5330-426b-af3b-1476d5c7700d,IMA T19,2025-10-01 03:24:22.074365+00
INACTIVE,2025-09-29,16:32:09,16:34:14,2,Yes,-,-,-,4e4d2c14-14a2-4425-a4f5-774f336dd60b,IMA E06,2025-10-01 03:24:34.339012+00
ACTIVE,2025-09-20,21:54:37,22:01:37,7,No,-,-,-,4e90aa6c-afe5-482a-9af6-ef2156919d6e,IMA T19,2025-10-01 03:24:24.504481+00
ACTIVE,2025-09-19,02:26:51,03:22:21,56,No,-,-,-,4e90d665-f472-40fc-a16a-3ebe36772573,IMA E06,2025-10-01 03:24:30.005057+00
ACTIVE,2025-09-26,17:31:47,17:48:47,17,No,-,-,-,4ea72141-4644-4ad8-b007-3e02e3503703,IMA E06,2025-10-01 03:24:33.059588+00
ACTIVE,2025-09-23,07:10:04,07:23:04,13,No,-,-,-,4eb79fd0-dc0e-41f4-b9eb-37e78e6c1506,IMA E06,2025-10-01 03:24:31.310218+00
INACTIVE,2025-09-30,09:53:20,09:55:19,2,No,-,-,-,4ec4bf73-1bf2-4322-be76-8baadc86e96c,IMA T19,2025-10-01 03:24:28.198188+00
ACTIVE,2025-09-16,04:40:37,04:46:07,6,No,-,-,-,4ed3e831-641f-4411-86ea-18b29ebff0dd,IMA E06,2025-10-01 03:24:29.128339+00
ACTIVE,2025-09-22,07:22:38,07:37:08,14,No,-,-,-,4ed736f1-a6c7-48e0-81eb-c721d133b47d,IMA T19,2025-10-01 03:24:24.504481+00
ACTIVE,2025-09-24,01:00:35,01:01:35,1,No,-,-,-,4ee19164-60f8-4da8-ac6a-5bc37df85065,IMA E06,2025-10-01 03:24:31.74892+00
INACTIVE,2025-09-26,17:09:56,17:11:31,2,Yes,Mechanical General,400 Excess glue,-,4eeb3718-0756-4e6e-aaef-81aa74cf6e9a,IMA E06,2025-10-01 03:24:33.059588+00
INACTIVE,2025-09-29,07:37:32,07:38:32,1,No,-,-,-,4ef1946a-e875-4b3b-be7f-687cd26dc061,IMA E06,2025-10-01 03:24:33.928006+00
ACTIVE,2025-09-17,19:37:31,19:41:31,4,No,-,-,-,4f2fec38-e779-4c59-9d3c-f99942e2cbdd,IMA T19,2025-10-01 03:24:22.877579+00
ACTIVE,2025-09-20,17:08:21,17:10:51,2,No,-,-,-,4f329ea7-dc15-4b36-84b0-41b36cf3538f,IMA T19,2025-10-01 03:24:24.504481+00
ACTIVE,2025-09-18,21:50:30,21:55:00,4,No,-,-,-,4f7e8691-95c6-4753-8a5a-25650eb0f344,IMA T19,2025-10-01 03:24:23.908734+00
INACTIVE,2025-09-29,10:32:05,10:33:08,1,No,-,-,-,4f821136-4861-4c1c-a3d8-da4acd335386,IMA E06,2025-10-01 03:24:33.928006+00
INACTIVE,2025-09-15,10:19:07,10:22:07,3,No,-,-,-,4f8b4ba4-ff60-4aea-a600-d39ce4ad5d7e,IMA E06,2025-10-01 03:24:28.642092+00
INACTIVE,2025-09-23,05:01:25,05:02:29,1,No,-,-,-,4f990313-ed5c-4d83-acf4-c4c7e683dffd,IMA E06,2025-10-01 03:24:31.310218+00
INACTIVE,2025-09-16,00:57:27,01:02:32,5,No,-,-,-,4fdccdc9-6441-46ca-83df-781c2e92307b,IMA E06,2025-10-01 03:24:29.128339+00
INACTIVE,2025-09-29,13:11:34,13:14:39,3,No,-,-,-,4ff81509-32ff-4e53-86fd-9de1c9bcedf6,IMA E06,2025-10-01 03:24:33.928006+00
ACTIVE,2025-09-26,23:35:03,23:54:03,19,No,-,-,-,5007b411-d712-4297-8b1d-86129eac5509,IMA E06,2025-10-01 03:24:33.48849+00
INACTIVE,2025-09-23,14:16:58,14:29:02,12,No,-,-,-,5009fa21-581c-49d1-8848-39a836fba562,IMA E06,2025-10-01 03:24:31.74892+00
INACTIVE,2025-09-24,12:49:19,12:52:02,3,Yes,Material Shortage,304 No envelope,-,50564c1a-6dc5-4a8e-94af-af4857aded05,IMA E06,2025-10-01 03:24:32.188922+00
INACTIVE,2025-09-22,05:18:46,06:17:32,59,No,-,-,-,50594129-c266-4fb7-8b2d-1d977b99b3c4,IMA E06,2025-10-01 03:24:30.866611+00
INACTIVE,2025-09-18,06:36:49,06:49:10,12,No,-,-,-,506ff10e-14a4-4218-bb76-b5a21d9d19f2,IMA T19,2025-10-01 03:24:23.397716+00
INACTIVE,2025-09-16,07:20:21,07:21:26,1,No,-,-,-,507a54ec-37e8-4d01-9e55-2b6b928bc016,IMA E06,2025-10-01 03:24:29.128339+00
ACTIVE,2025-09-26,23:56:42,00:00:00,3,No,-,-,-,5080a615-5fde-4ddc-ae95-561419c1e60a,IMA E06,2025-10-01 03:24:33.48849+00
ACTIVE,2025-09-15,09:54:38,10:29:08,34,No,-,-,-,508cac73-264b-44ec-a358-a20eae93f258,IMA T19,2025-10-01 03:24:22.074365+00
ACTIVE,2025-09-30,14:05:42,14:34:12,28,No,-,-,-,509cac2a-af35-4ef9-9f56-68ff57e1bba3,IMA T19,2025-10-01 03:24:28.198188+00
INACTIVE,2025-09-27,23:06:13,23:08:47,3,No,-,-,-,50ac53c7-35b1-4c79-97ac-0e6839040a03,IMA E06,2025-10-01 03:24:33.928006+00
INACTIVE,2025-09-25,05:37:09,06:23:47,47,No,-,-,-,50faf096-82cc-4aa4-8af7-cd18cf514c4a,IMA E06,2025-10-01 03:24:32.624437+00
ACTIVE,2025-09-20,22:06:05,22:07:35,2,No,-,-,-,50ff35cd-7675-4d20-8473-75877771f4c1,IMA T19,2025-10-01 03:24:24.504481+00
ACTIVE,2025-09-23,00:57:51,01:06:51,9,No,-,-,-,512e439b-e097-4b72-9e09-043abac00c53,IMA E06,2025-10-01 03:24:31.310218+00
ACTIVE,2025-09-29,09:44:08,10:26:08,42,No,-,-,-,5131d880-3f68-4828-96a6-561d1a00f112,IMA T19,2025-10-01 03:24:27.585911+00
INACTIVE,2025-09-29,15:35:24,15:36:29,1,No,-,-,-,51463ed8-e966-4f28-8b1b-3463ebd798d6,IMA T19,2025-10-01 03:24:27.585911+00
INACTIVE,2025-09-26,05:27:26,05:28:31,1,No,-,-,-,514a9f0c-eaa3-4dc9-b9d2-f627bd1e7f0a,IMA E06,2025-10-01 03:24:33.059588+00
ACTIVE,2025-09-16,05:19:01,05:22:31,4,No,-,-,-,5158f444-947b-4542-a16c-30970f20ea14,IMA E06,2025-10-01 03:24:29.128339+00
ACTIVE,2025-09-20,12:15:52,12:39:22,24,No,-,-,-,51754641-fffb-41fe-804a-ae067167bf03,IMA T19,2025-10-01 03:24:24.504481+00
INACTIVE,2025-09-20,22:13:53,22:17:57,4,No,-,-,-,518f3e78-dc27-45e4-a40f-980ec2dbd517,IMA E06,2025-10-01 03:24:30.866611+00
INACTIVE,2025-09-17,15:45:37,15:49:10,4,No,-,-,-,51ac23b3-a21a-44ae-bd2e-86dc243fac7f,IMA E06,2025-10-01 03:24:29.128339+00
ACTIVE,2025-09-29,15:07:22,15:09:22,2,No,-,-,-,51b625fe-2b7c-4a84-9585-e585f177ad07,IMA T19,2025-10-01 03:24:27.585911+00
ACTIVE,2025-09-23,09:16:41,09:31:41,15,No,-,-,-,51c9f31d-716d-4d65-8a9c-230cc9e95939,IMA T19,2025-10-01 03:24:25.118773+00
ACTIVE,2025-09-18,09:20:35,09:24:05,4,No,-,-,-,51ccb98d-bc9c-4b09-a8f6-ee2a2df320ea,IMA E06,2025-10-01 03:24:29.576452+00
ACTIVE,2025-09-23,21:57:33,22:26:33,29,No,-,-,-,52459172-885b-4bf0-b225-37008426394f,IMA E06,2025-10-01 03:24:31.74892+00
INACTIVE,2025-09-15,15:03:18,15:11:14,8,Yes,Changeover / Setup,131 Change over,-,525f8330-4255-4137-af18-95fe19df4c82,IMA E06,2025-10-01 03:24:28.642092+00
ACTIVE,2025-09-27,06:47:46,06:49:16,2,No,-,-,-,52613e66-671d-4ad2-a224-9489b620283f,IMA T19,2025-10-01 03:24:26.969994+00
ACTIVE,2025-09-29,10:55:54,11:08:54,13,No,-,-,-,5282fbcd-7811-499d-906c-d38c20cfe058,IMA E06,2025-10-01 03:24:33.928006+00
INACTIVE,2025-09-19,18:51:24,18:54:38,3,No,-,-,-,52878e77-15ea-46b7-9675-626bf111a673,IMA T19,2025-10-01 03:24:23.908734+00
ACTIVE,2025-09-24,08:12:11,08:13:41,2,No,-,-,-,528bdcfb-dc7c-42f3-899a-d44ff9ae8bf2,IMA T19,2025-10-01 03:24:25.640136+00
INACTIVE,2025-09-18,15:04:43,15:05:43,1,No,-,-,-,52914ef5-8ac5-4823-ad28-22f4fc5e93fe,IMA T19,2025-10-01 03:24:23.397716+00
ACTIVE,2025-09-19,16:53:55,17:11:25,18,No,-,-,-,529a8f67-936f-4c47-b9be-35d08e8d0175,IMA T19,2025-10-01 03:24:23.908734+00
ACTIVE,2025-09-29,16:34:29,16:38:59,4,No,-,-,-,529c09e9-d102-4749-b4da-1f348307ec24,IMA E06,2025-10-01 03:24:34.339012+00
ACTIVE,2025-09-29,13:17:13,13:26:13,9,No,-,-,-,529da4ee-c6fc-4711-8a1d-d557e855fc07,IMA E06,2025-10-01 03:24:33.928006+00
INACTIVE,2025-09-26,20:55:13,21:57:18,62,Yes,Material Shortage,304 No envelope,-,52a26dfe-71d6-4b87-a74f-a1f16ae9fd78,IMA E06,2025-10-01 03:24:33.059588+00
ACTIVE,2025-09-25,16:09:38,16:10:38,1,No,-,-,-,52e2ad66-f4b6-4603-b0bf-d15b20203a70,IMA E06,2025-10-01 03:24:32.624437+00
INACTIVE,2025-09-23,09:40:06,09:41:41,2,No,-,-,-,5355132e-cd5b-4982-a312-0e7aa6f3aacd,IMA E06,2025-10-01 03:24:31.74892+00
ACTIVE,2025-09-26,12:29:55,12:34:25,4,No,-,-,-,535d42e4-b1c8-415b-ad77-d5506c9349ce,IMA T19,2025-10-01 03:24:26.172856+00
INACTIVE,2025-09-17,20:37:05,20:38:08,1,No,-,-,-,53cbef26-0aeb-4444-9d27-e2d75cbdcb68,IMA E06,2025-10-01 03:24:29.576452+00
INACTIVE,2025-09-20,23:12:07,23:13:43,2,No,-,-,-,54007195-7aeb-4ff0-8da2-30679d3f3042,IMA E06,2025-10-01 03:24:30.866611+00
INACTIVE,2025-09-25,01:56:26,02:15:01,19,Yes,Admin,143 TEA BREAK,-,54aec634-06b9-42ba-87ec-04cd3142d26c,IMA E06,2025-10-01 03:24:32.188922+00
INACTIVE,2025-09-20,03:03:56,03:04:59,1,No,-,-,-,54af731a-8bad-466e-b977-48460995902b,IMA E06,2025-10-01 03:24:30.437349+00
INACTIVE,2025-09-20,22:32:36,22:34:05,1,No,-,-,-,54bb6a27-a314-4801-9af4-e37cd88470f9,IMA E06,2025-10-01 03:24:30.866611+00
ACTIVE,2025-09-29,10:22:35,10:31:35,9,No,-,-,-,54d830a2-d831-4c94-abd8-6ca41d7a4c74,IMA E06,2025-10-01 03:24:33.928006+00
INACTIVE,2025-09-18,22:08:18,22:15:53,8,No,-,-,-,54e63adc-7faf-4575-8412-fed0d51699ea,IMA E06,2025-10-01 03:24:30.005057+00
ACTIVE,2025-09-22,16:54:13,16:55:13,1,No,-,-,-,54fd6194-cc06-44dd-87be-fdcae0ee07f9,IMA T19,2025-10-01 03:24:25.118773+00
ACTIVE,2025-09-23,12:15:34,12:33:04,18,No,-,-,-,55110259-05a9-4079-9af6-a031d6d8bbb0,IMA E06,2025-10-01 03:24:31.74892+00
INACTIVE,2025-09-25,10:04:05,10:05:40,2,Yes,Mechanical General,352 Knot in thread,-,55689551-74ad-472f-92f5-0225c01e0952,IMA E06,2025-10-01 03:24:32.624437+00
INACTIVE,2025-09-30,06:16:25,06:18:30,2,Yes,Mechanical General,103 Start up,-,556c142c-6dea-4d07-931d-c0dc0a919a65,IMA T19,2025-10-01 03:24:28.198188+00
ACTIVE,2025-09-29,17:30:42,17:32:42,2,No,-,-,-,55ad857b-3d73-47d3-a807-e6568cdb64b9,IMA E06,2025-10-01 03:24:34.339012+00
ACTIVE,2025-09-15,21:06:51,21:10:51,4,No,-,-,-,55c700d8-1f34-48bc-8159-ee15a62cd9d3,IMA T19,2025-10-01 03:24:22.074365+00
ACTIVE,2025-09-22,22:36:33,22:45:33,9,No,-,-,-,55dc98b1-3572-42ea-890e-667140940ab2,IMA T19,2025-10-01 03:24:25.118773+00
INACTIVE,2025-09-23,08:57:37,09:02:42,5,No,-,-,-,55fb6398-59aa-4a19-a60d-9540fa09a487,IMA E06,2025-10-01 03:24:31.310218+00
ACTIVE,2025-09-15,21:39:55,21:42:25,2,No,-,-,-,56054ee2-7e66-4d80-a473-e9bf17d75ce4,IMA T19,2025-10-01 03:24:22.074365+00
INACTIVE,2025-09-20,23:13:56,23:14:58,1,No,-,-,-,564d4500-7755-4719-89d6-9712f01e5d3c,IMA E06,2025-10-01 03:24:30.866611+00
ACTIVE,2025-09-23,14:13:07,14:26:37,14,No,-,-,-,565477b7-8e11-4c41-a68e-af357b2fb170,IMA T19,2025-10-01 03:24:25.640136+00
ACTIVE,2025-09-20,06:01:26,06:05:26,4,No,-,-,-,566b77ce-c028-4839-bdfb-55c7662ccea4,IMA E06,2025-10-01 03:24:30.437349+00
ACTIVE,2025-09-16,12:32:48,13:19:18,46,No,-,-,-,56c2cb6d-3422-4775-a1d6-2bbd7198fb40,IMA E06,2025-10-01 03:24:29.128339+00
ACTIVE,2025-09-25,21:39:06,22:35:06,56,No,-,-,-,56e39745-16bd-4b2e-b029-cf171a119d34,IMA T19,2025-10-01 03:24:26.172856+00
INACTIVE,2025-09-26,20:07:25,20:08:34,1,No,-,-,-,5709cd70-2e72-4a2c-ac90-fbdfe1253f27,IMA E06,2025-10-01 03:24:33.059588+00
ACTIVE,2025-09-24,22:25:33,23:21:33,56,No,-,-,-,57316df3-89d9-44aa-9566-70d0c5b82a02,IMA E06,2025-10-01 03:24:32.188922+00
ACTIVE,2025-09-15,07:14:40,07:18:10,4,No,-,-,-,5738ff5b-e722-42ad-990e-cf1bd340cf94,IMA E06,2025-10-01 03:24:28.642092+00
INACTIVE,2025-09-22,18:41:03,18:42:08,1,No,-,-,-,573946e2-5a00-4591-9fbe-f110ccffa998,IMA E06,2025-10-01 03:24:31.310218+00
ACTIVE,2025-09-29,06:46:56,06:48:56,2,No,-,-,-,575124a2-21b3-42ca-a96f-142be3ae293a,IMA T19,2025-10-01 03:24:27.585911+00
INACTIVE,2025-09-17,10:39:59,10:43:49,4,No,-,-,-,576b571f-2860-4ab1-ae73-683c72e15b58,IMA T19,2025-10-01 03:24:22.877579+00
INACTIVE,2025-09-15,06:12:13,06:17:06,5,No,-,-,-,57baed22-efb4-40cc-aeac-3057e0feab5e,IMA T19,2025-10-01 03:24:22.074365+00
INACTIVE,2025-09-17,16:53:12,16:54:47,2,No,-,-,-,57e49d9b-64fc-486e-919c-949c5fd697c5,IMA T19,2025-10-01 03:24:22.877579+00
ACTIVE,2025-09-22,12:29:17,12:45:17,16,No,-,-,-,57fb73e5-854a-4f66-b029-480937c89e33,IMA E06,2025-10-01 03:24:31.310218+00
INACTIVE,2025-09-16,06:15:58,06:16:58,1,No,-,-,-,58165776-acd0-42ac-a97a-ac796cc745bc,IMA T19,2025-10-01 03:24:22.074365+00
INACTIVE,2025-09-18,10:10:21,10:20:25,10,No,-,-,-,58330986-ff3e-41d9-bb88-e72e909358bb,IMA T19,2025-10-01 03:24:23.397716+00
INACTIVE,2025-09-27,19:08:40,19:12:59,4,Yes,Packaging / Material Issues,332 Pin hole in Tea bag,-,5851758c-00d7-4f14-ad29-0fa042946ffe,IMA E06,2025-10-01 03:24:33.48849+00
INACTIVE,2025-09-17,22:53:10,22:54:10,1,No,-,-,-,586aabd3-6180-466a-9b69-f92e19009204,IMA E06,2025-10-01 03:24:29.576452+00
ACTIVE,2025-09-30,09:57:58,10:09:28,12,No,-,-,-,58c6c047-71c3-4267-9766-8c7411aeede6,IMA T19,2025-10-01 03:24:28.198188+00
INACTIVE,2025-09-15,21:47:04,21:49:39,3,No,-,-,-,58d90dd4-ba31-44e1-aaaa-c4004b33e0f3,IMA E06,2025-10-01 03:24:28.642092+00
INACTIVE,2025-09-18,18:27:13,18:31:18,4,No,-,-,-,58fdae32-08b8-4a3b-bb51-1eb3094fd483,IMA E06,2025-10-01 03:24:30.005057+00
INACTIVE,2025-09-24,09:45:25,10:21:30,36,No,-,-,-,592d3c76-485a-4fcd-9b76-2e9622a204ef,IMA E06,2025-10-01 03:24:32.188922+00
ACTIVE,2025-09-20,07:01:56,08:13:26,72,No,-,-,-,593def97-6400-43f5-aad2-e7727408b6a8,IMA E06,2025-10-01 03:24:30.437349+00
INACTIVE,2025-09-27,17:18:23,17:19:25,1,No,-,-,-,5947c8a5-d574-4a87-893f-10be8bedbd40,IMA T19,2025-10-01 03:24:26.969994+00
ACTIVE,2025-09-15,07:32:54,07:48:54,16,No,-,-,-,594a62bf-552a-45cf-a76b-23777bf2a45b,IMA T19,2025-10-01 03:24:22.074365+00
ACTIVE,2025-09-25,20:15:31,20:17:31,2,No,-,-,-,595072f4-d7ff-403c-a236-4cd36e2b92b5,IMA E06,2025-10-01 03:24:32.624437+00
INACTIVE,2025-09-29,07:12:38,07:20:13,8,No,-,-,-,5965e504-e091-49ae-aac7-0960b9b0aa5e,IMA T19,2025-10-01 03:24:27.585911+00
INACTIVE,2025-09-19,04:51:16,04:52:16,1,No,-,-,-,59adf00b-939f-43ba-9ce8-8926a5e493ab,IMA E06,2025-10-01 03:24:30.005057+00
ACTIVE,2025-09-16,06:06:22,06:12:22,6,No,-,-,-,59c67813-6800-4ec8-9950-ce2fbccd8579,IMA T19,2025-10-01 03:24:22.074365+00
INACTIVE,2025-09-18,15:10:28,15:11:28,1,No,-,-,-,59d0b8e6-ba30-4dbd-bf06-810631774a12,IMA T19,2025-10-01 03:24:23.397716+00
INACTIVE,2025-09-23,05:09:48,05:10:53,1,No,-,-,-,59e2e08f-ec00-489b-8b63-ed65fe15425e,IMA E06,2025-10-01 03:24:31.310218+00
ACTIVE,2025-09-22,16:58:16,16:59:16,1,No,-,-,-,59f53f03-b6f0-4b41-b77d-611eb907333d,IMA T19,2025-10-01 03:24:25.118773+00
ACTIVE,2025-09-17,16:22:36,16:52:06,30,No,-,-,-,5a1055c0-8eac-490c-9201-248a51e9b220,IMA E06,2025-10-01 03:24:29.576452+00
INACTIVE,2025-09-27,17:10:47,17:49:56,39,No,-,-,-,5a1686e8-ede5-4fee-ba3a-9f33f3a737d0,IMA E06,2025-10-01 03:24:33.48849+00
INACTIVE,2025-09-24,03:02:38,03:03:42,1,No,-,-,-,5a42e7e8-aefd-4d9c-a48a-baa4f6ab9cc6,IMA E06,2025-10-01 03:24:31.74892+00
ACTIVE,2025-09-22,12:45:57,12:48:27,2,No,-,-,-,5a4bf3b0-ec4d-4654-872f-ab07ccca88be,IMA E06,2025-10-01 03:24:31.310218+00
INACTIVE,2025-09-20,00:20:07,00:21:09,1,No,-,-,-,5a4e7e9a-6b89-4f52-8cbc-630328b50916,IMA E06,2025-10-01 03:24:30.437349+00
INACTIVE,2025-09-22,17:17:33,17:18:38,1,No,-,-,-,5a61bdd1-2ef7-44b4-8324-efadde7cef98,IMA T19,2025-10-01 03:24:25.118773+00
INACTIVE,2025-09-29,09:57:30,09:58:35,1,No,-,-,-,5a8baa10-34ea-4a59-92ea-737f5aa367d1,IMA E06,2025-10-01 03:24:33.928006+00
INACTIVE,2025-09-19,18:21:53,18:22:57,1,No,-,-,-,5a9ec1c4-17f5-494d-8973-fd5a49e20abb,IMA E06,2025-10-01 03:24:30.437349+00
INACTIVE,2025-09-17,22:49:18,22:50:48,2,No,-,-,-,5aa6f013-dd88-4261-bb02-3745c58e0241,IMA E06,2025-10-01 03:24:29.576452+00
ACTIVE,2025-09-30,09:00:02,09:08:02,8,No,-,-,-,5ac641ce-5f8d-486d-ace0-3552f80e89b8,IMA T19,2025-10-01 03:24:28.198188+00
INACTIVE,2025-09-20,16:52:28,16:53:29,1,No,-,-,-,5adc5b56-8c4d-44a2-b5da-6845d8a02251,IMA E06,2025-10-01 03:24:30.866611+00
ACTIVE,2025-09-15,06:37:26,06:39:26,2,No,-,-,-,5af89640-2283-40c4-9b3a-97ad57bcf9f4,IMA E06,2025-10-01 03:24:28.642092+00
ACTIVE,2025-09-29,08:09:11,08:13:41,4,No,-,-,-,5afc23c3-2b42-4b30-8297-a2bef3869569,IMA T19,2025-10-01 03:24:27.585911+00
ACTIVE,2025-09-27,07:00:59,07:32:59,32,No,-,-,-,5b8a8e06-d5f5-4494-ab4c-5c736dceb4af,IMA T19,2025-10-01 03:24:26.969994+00
INACTIVE,2025-09-29,13:33:32,13:34:37,1,No,-,-,-,5bb8b3e4-21b8-4ca8-b014-6d8d4fec46ab,IMA E06,2025-10-01 03:24:33.928006+00
ACTIVE,2025-09-19,17:51:40,17:54:40,3,No,-,-,-,5c007302-68fb-4713-8ac3-0d7ce195f0b3,IMA E06,2025-10-01 03:24:30.437349+00
INACTIVE,2025-09-29,13:26:14,13:27:39,1,No,-,-,-,5c18c951-00c9-443b-94b5-9c66481f0926,IMA E06,2025-10-01 03:24:33.928006+00
INACTIVE,2025-09-27,09:06:33,09:09:07,3,Yes,Packaging / Material Issues,406 Box not pick up,-,5c1f44bd-7f39-4120-80ab-4379eba94ae9,IMA E06,2025-10-01 03:24:33.48849+00
INACTIVE,2025-09-25,09:41:39,09:43:24,2,Yes,Material Shortage,304 No envelope,-,5c37b2d5-da62-4c7a-8467-c1b63dd37e79,IMA E06,2025-10-01 03:24:32.624437+00
ACTIVE,2025-09-19,12:13:08,12:19:38,6,No,-,-,-,5c40e0ad-0d70-44df-b9cd-464813484557,IMA T19,2025-10-01 03:24:23.908734+00
INACTIVE,2025-09-29,13:36:20,13:37:49,1,Yes,-,-,-,5c5ed173-6c70-49da-a782-f272257c2f39,IMA E06,2025-10-01 03:24:34.339012+00
ACTIVE,2025-09-23,21:06:59,21:20:29,14,No,-,-,-,5c735785-e9d7-45af-bf37-22b5f0d4a1a1,IMA T19,2025-10-01 03:24:25.640136+00
ACTIVE,2025-09-17,20:08:25,20:23:25,15,No,-,-,-,5c93bc7c-1a9f-4b00-bbf9-064d43d1ac17,IMA E06,2025-10-01 03:24:29.576452+00
ACTIVE,2025-09-19,19:43:08,19:57:08,14,No,-,-,-,5d03fdd3-0bea-4d56-9fd3-8a776374dfbe,IMA E06,2025-10-01 03:24:30.437349+00
ACTIVE,2025-09-16,12:12:05,12:13:05,1,No,-,-,-,5d0dc9a9-5f33-4537-8142-199ecad074f0,IMA T19,2025-10-01 03:24:22.074365+00
INACTIVE,2025-09-18,14:55:48,14:59:23,4,No,-,-,-,5d2e530e-874c-41ed-958c-4052d54ce310,IMA E06,2025-10-01 03:24:30.005057+00
ACTIVE,2025-09-23,22:27:29,22:30:59,4,No,-,-,-,5d321f3d-bbb5-4206-a45e-a9d20a711465,IMA E06,2025-10-01 03:24:31.74892+00
ACTIVE,2025-09-15,22:32:41,22:35:41,3,No,-,-,-,5d9603ed-1a91-4853-a93b-12d9b0415f42,IMA T19,2025-10-01 03:24:22.074365+00
INACTIVE,2025-09-29,05:40:38,06:13:36,33,No,-,-,-,5d9abe84-c90e-4958-9fb2-cfdb0aa4d150,IMA E06,2025-10-01 03:24:33.928006+00
ACTIVE,2025-09-24,01:16:37,01:20:07,4,No,-,-,-,5d9ee22a-ce67-4dcb-8049-66617301f5f1,IMA E06,2025-10-01 03:24:31.74892+00
ACTIVE,2025-09-18,16:15:35,16:29:05,14,No,-,-,-,5da16553-70ee-41d6-86fe-a3a17bb79c0b,IMA T19,2025-10-01 03:24:23.397716+00
ACTIVE,2025-09-24,09:38:00,09:44:00,6,No,-,-,-,5dbdc565-dd65-45d9-b4c3-3bfad62056ae,IMA T19,2025-10-01 03:24:25.640136+00
INACTIVE,2025-09-19,14:57:33,14:58:34,1,No,-,-,-,5dc2efac-21b9-40e1-9b7f-e2057306e6cb,IMA T19,2025-10-01 03:24:23.908734+00
INACTIVE,2025-09-17,16:42:02,16:47:06,5,No,-,-,-,5dd887cd-f12d-4691-8496-38f3ee52ed0a,IMA T19,2025-10-01 03:24:22.877579+00
INACTIVE,2025-09-29,07:08:10,07:22:14,14,Yes,-,-,overflow tag cut,5de642e2-c12b-4818-afce-005c96cf0960,IMA E06,2025-10-01 03:24:33.928006+00
ACTIVE,2025-09-15,14:50:26,14:54:26,4,No,-,-,-,5e277565-65ed-404f-bf5f-3ceed8e36fac,IMA E06,2025-10-01 03:24:28.642092+00
INACTIVE,2025-09-19,00:15:07,00:17:10,2,No,-,-,-,5e36774c-764e-45ff-b39d-1e820e3e772b,IMA E06,2025-10-01 03:24:30.005057+00
INACTIVE,2025-09-29,09:59:58,10:01:04,1,Yes,-,-,-,5e46187c-6ac8-4ed9-979d-34958a7cc554,IMA E06,2025-10-01 03:24:33.928006+00
ACTIVE,2025-09-23,23:11:55,23:37:25,26,No,-,-,-,5e55935a-9f87-4cf9-bb38-e7ef8af66319,IMA E06,2025-10-01 03:24:31.74892+00
INACTIVE,2025-09-18,00:00:00,06:02:26,362,No,-,-,-,5e77044d-7800-4c9e-b9f5-9c646dcc6c7a,IMA T19,2025-10-01 03:24:22.877579+00
INACTIVE,2025-09-16,05:15:05,05:16:05,1,No,-,-,-,5eb5e1eb-a7f7-4479-a7a1-e98a35205893,IMA E06,2025-10-01 03:24:29.128339+00
INACTIVE,2025-09-26,15:11:01,15:22:36,12,Yes,Admin,143 TEA BREAK,-,5ecf49b6-5518-45ce-8e57-cc273d7d9808,IMA E06,2025-10-01 03:24:33.059588+00
ACTIVE,2025-09-29,16:49:15,17:04:15,15,No,-,-,-,5edab8bf-727b-4766-9bb5-3f685fcb0648,IMA E06,2025-10-01 03:24:34.339012+00
ACTIVE,2025-09-27,22:26:09,22:42:09,16,No,-,-,-,5f583eb7-3cfa-4039-ab0e-3a5219045e5e,IMA T19,2025-10-01 03:24:26.969994+00
ACTIVE,2025-09-24,02:15:18,02:17:18,2,No,-,-,-,5f5db261-ffa6-45d2-9e9e-053cccd9f73a,IMA E06,2025-10-01 03:24:31.74892+00
ACTIVE,2025-09-29,13:34:47,13:36:17,2,No,-,-,-,5f5e5bd9-4b60-4ac6-ab85-b37eb73b5448,IMA E06,2025-10-01 03:24:34.339012+00
ACTIVE,2025-09-22,15:56:25,16:00:25,4,No,-,-,-,5f8f54ac-0717-445c-9009-c5751dceb057,IMA T19,2025-10-01 03:24:25.118773+00
ACTIVE,2025-09-29,10:18:36,10:20:36,2,No,-,-,-,5fd163ec-48b4-4bb9-8b8e-d7ecb16b7791,IMA E06,2025-10-01 03:24:33.928006+00
ACTIVE,2025-09-17,15:50:39,16:10:09,20,No,-,-,-,5fe767bf-25ab-487c-81e6-f00b899fc850,IMA E06,2025-10-01 03:24:29.576452+00
INACTIVE,2025-09-29,14:55:47,14:56:47,1,No,-,-,-,5ff079dc-07b9-401c-a413-ffdf887412d4,IMA E06,2025-10-01 03:24:34.339012+00
INACTIVE,2025-09-23,14:51:53,14:54:58,3,No,-,-,-,602d07c1-2eb6-4af3-80ef-46cd30a195d9,IMA T19,2025-10-01 03:24:25.640136+00
ACTIVE,2025-09-19,01:09:06,01:21:36,12,No,-,-,-,60381a75-461d-472c-ab1c-a711548f50e1,IMA E06,2025-10-01 03:24:30.005057+00
ACTIVE,2025-09-29,17:23:07,17:47:37,24,No,-,-,-,60754219-8aef-47aa-87f4-ad373cd95281,IMA T19,2025-10-01 03:24:27.585911+00
ACTIVE,2025-09-20,21:02:48,21:13:48,11,No,-,-,-,60962bbf-eec1-44e6-8cdc-5ac01d14c7b1,IMA T19,2025-10-01 03:24:24.504481+00
INACTIVE,2025-09-30,08:56:28,08:58:44,2,Yes,Mechanical General,317 Crumpled Tag,-,60cf7267-e50b-42a3-9470-730d816e248e,IMA T19,2025-10-01 03:24:28.198188+00
ACTIVE,2025-09-15,23:06:09,23:27:09,21,No,-,-,-,60fd2014-333e-44c1-8eb5-e43a02f7ba42,IMA T19,2025-10-01 03:24:22.074365+00
ACTIVE,2025-09-15,11:35:01,11:39:31,4,No,-,-,-,61586b05-a4e0-42f8-9576-940a60f2b9d3,IMA E06,2025-10-01 03:24:28.642092+00
ACTIVE,2025-09-16,00:23:45,00:24:45,1,No,-,-,-,616408ae-9078-441a-b4dd-1609116000d6,IMA E06,2025-10-01 03:24:28.642092+00
ACTIVE,2025-09-20,06:09:29,06:59:29,50,No,-,-,-,6174acca-54a6-49c2-8918-74809df3993c,IMA T19,2025-10-01 03:24:24.504481+00
ACTIVE,2025-09-22,08:10:45,08:13:15,2,No,-,-,-,6186bfb6-f66d-4371-98e1-0a119d15b66c,IMA E06,2025-10-01 03:24:30.866611+00
INACTIVE,2025-09-17,18:39:24,18:41:25,2,No,-,-,-,61963050-06d2-4ff7-b211-0a27558a0522,IMA E06,2025-10-01 03:24:29.576452+00
ACTIVE,2025-09-24,07:30:24,07:31:54,2,No,-,-,-,61a0007f-30c9-493a-b008-d4dd11872989,IMA E06,2025-10-01 03:24:32.188922+00
ACTIVE,2025-09-23,13:24:26,13:52:56,28,No,-,-,-,61e1c2dc-d7f4-4a5b-bc01-8d43ab48c161,IMA T19,2025-10-01 03:24:25.640136+00
ACTIVE,2025-09-26,20:40:27,20:54:57,14,No,-,-,-,61efa84b-9c8e-4708-ab9f-1d5e5f7a875f,IMA E06,2025-10-01 03:24:33.059588+00
ACTIVE,2025-09-16,14:10:42,14:15:42,5,No,-,-,-,61efeb18-d928-4b63-a160-99eae0dfa3ba,IMA T19,2025-10-01 03:24:22.877579+00
ACTIVE,2025-09-20,15:57:44,16:16:44,19,No,-,-,-,620eb92c-a4b2-41c7-8b7d-0275b4bcdc3e,IMA E06,2025-10-01 03:24:30.866611+00
ACTIVE,2025-09-26,20:59:08,21:09:08,10,No,-,-,-,62223edf-fd1f-4b6c-b4ee-23a9e4b5a572,IMA T19,2025-10-01 03:24:26.969994+00
ACTIVE,2025-09-25,06:10:08,06:21:38,12,No,-,-,-,623a1c79-343b-4298-b071-31528f55969b,IMA T19,2025-10-01 03:24:26.172856+00
INACTIVE,2025-09-18,10:43:08,10:44:08,1,No,-,-,-,62673cd0-c3bf-4195-a071-8786ad3b6e51,IMA T19,2025-10-01 03:24:23.397716+00
INACTIVE,2025-09-25,18:59:59,19:01:05,1,Yes,Packaging / Material Issues,410 Damage IC at box exit unit,-,626749da-8ad8-495c-b2dd-065ff8ce03ae,IMA E06,2025-10-01 03:24:32.624437+00
ACTIVE,2025-09-25,09:31:11,09:38:41,8,No,-,-,-,62687c30-b72a-4c49-9faa-c615e30c1d80,IMA E06,2025-10-01 03:24:32.624437+00
INACTIVE,2025-09-24,19:40:36,19:42:11,2,Yes,Mechanical General,300 Envelope splicing failed,-,62aa891b-a9a3-4594-8f2d-6a2c00fb8cd7,IMA E06,2025-10-01 03:24:32.188922+00
INACTIVE,2025-09-15,22:08:01,22:13:35,6,No,-,-,-,62c2db93-17dc-474a-bbfa-fd5bf78d1e53,IMA T19,2025-10-01 03:24:22.074365+00
INACTIVE,2025-09-29,12:30:55,12:32:54,2,No,-,-,-,62c94412-1cc5-443f-83ea-65bb76cb99c4,IMA T19,2025-10-01 03:24:27.585911+00
ACTIVE,2025-09-29,09:15:14,09:17:14,2,No,-,-,-,62e0f479-c08e-48bc-bf9c-cb380bb401bd,IMA E06,2025-10-01 03:24:33.928006+00
ACTIVE,2025-09-20,21:00:18,21:02:18,2,No,-,-,-,62eea13c-a3a7-4bfe-a08c-3896b547dd66,IMA T19,2025-10-01 03:24:24.504481+00
ACTIVE,2025-09-20,10:27:53,10:28:53,1,No,-,-,-,63143524-ea95-46e5-85ab-e779eeb04fd3,IMA T19,2025-10-01 03:24:24.504481+00
ACTIVE,2025-09-22,06:38:06,06:45:06,7,No,-,-,-,63272a9b-18e9-4961-b38a-13ae30ae2840,IMA E06,2025-10-01 03:24:30.866611+00
INACTIVE,2025-09-22,19:49:10,19:50:13,1,No,-,-,-,633a52f3-f81e-42b9-afac-2e26f7182d54,IMA T19,2025-10-01 03:24:25.118773+00
ACTIVE,2025-09-17,00:00:00,08:03:47,484,No,-,-,-,635ece39-0895-4ece-b40b-73b7b92a264b,IMA T19,2025-10-01 03:24:22.877579+00
ACTIVE,2025-09-23,16:48:34,16:52:04,4,No,-,-,-,6364dd2a-7341-4430-83c0-9027d966fcb3,IMA E06,2025-10-01 03:24:31.74892+00
INACTIVE,2025-09-16,14:04:36,14:10:41,6,Yes,Admin,128 Daily CLIRT,-,6366676c-f124-43c4-8ac7-4125afef623e,IMA T19,2025-10-01 03:24:22.877579+00
INACTIVE,2025-09-23,14:12:38,14:16:29,4,No,-,-,-,6371197e-c6d7-4f0f-8d2a-dfe1aff7dd14,IMA E06,2025-10-01 03:24:31.74892+00
INACTIVE,2025-09-17,12:28:10,12:45:40,18,No,-,-,-,63df5ae1-69f4-4239-99ce-5de96fb43bec,IMA T19,2025-10-01 03:24:22.877579+00
ACTIVE,2025-09-17,15:37:51,15:39:51,2,No,-,-,-,6404712e-c6fd-4007-ae45-610de778d1fd,IMA T19,2025-10-01 03:24:22.877579+00
ACTIVE,2025-09-16,01:02:47,01:06:47,4,No,-,-,-,641394ed-f499-4d7f-9215-dbca086595e6,IMA E06,2025-10-01 03:24:29.128339+00
ACTIVE,2025-09-18,15:00:47,15:04:17,4,No,-,-,-,6424ce0c-91d4-4e17-b0f1-3cef178b8ebb,IMA T19,2025-10-01 03:24:23.397716+00
ACTIVE,2025-09-26,02:16:12,02:27:12,11,No,-,-,-,643b3b64-c840-4a88-b0d5-8379a48decd2,IMA E06,2025-10-01 03:24:33.059588+00
ACTIVE,2025-09-16,10:04:26,10:47:26,43,No,-,-,-,644f9c72-c5f7-4e7f-953d-3b63d2a7d245,IMA E06,2025-10-01 03:24:29.128339+00
ACTIVE,2025-09-29,07:20:22,07:23:52,4,No,-,-,-,64586fa2-3b4a-4408-9a4e-ac7b4337fcfd,IMA T19,2025-10-01 03:24:27.585911+00
ACTIVE,2025-09-25,12:53:20,13:01:20,8,No,-,-,-,64697c6e-319f-4565-a674-baf1eb4684f6,IMA T19,2025-10-01 03:24:26.172856+00
ACTIVE,2025-09-29,14:21:02,14:25:02,4,No,-,-,-,646a2c0d-a351-4239-a808-5aeef09c4887,IMA T19,2025-10-01 03:24:27.585911+00
ACTIVE,2025-09-22,19:28:05,19:48:35,20,No,-,-,-,648f1a16-ce9a-4a8b-83e4-7c8d497542d5,IMA T19,2025-10-01 03:24:25.118773+00
INACTIVE,2025-09-15,22:23:02,00:00:00,97,No,-,-,-,64b7ddc9-32e8-4508-94c0-799cf356b799,IMA E06,2025-10-01 03:24:28.642092+00
ACTIVE,2025-09-27,07:41:10,08:43:10,62,No,-,-,-,64d02146-de4d-4e1f-b0fb-f530030fba9c,IMA T19,2025-10-01 03:24:26.969994+00
ACTIVE,2025-09-18,18:42:57,19:18:57,36,No,-,-,-,64d47c01-0632-43fe-8595-21a8b60edfe1,IMA T19,2025-10-01 03:24:23.397716+00
ACTIVE,2025-09-18,13:11:25,13:12:55,2,No,-,-,-,64e4a342-7058-4f2e-a8c4-f2fa960afeb1,IMA T19,2025-10-01 03:24:23.397716+00
INACTIVE,2025-09-30,14:34:23,14:38:55,5,Yes,Admin,128 Daily CLIRT,-,650a0732-b2ca-4453-8190-19c0913d2cac,IMA T19,2025-10-01 03:24:28.198188+00
ACTIVE,2025-09-18,10:28:39,10:30:09,2,No,-,-,-,65253a36-5dd4-4a45-97aa-f113f7b98bb7,IMA E06,2025-10-01 03:24:29.576452+00
INACTIVE,2025-09-29,06:43:36,06:46:30,3,Yes,Packaging / Material Issues,310 Tea bag Falling,-,655811c1-08a1-4023-9396-f0201c292102,IMA T19,2025-10-01 03:24:27.585911+00
INACTIVE,2025-09-30,06:08:55,06:11:00,2,No,-,-,-,6570fc45-e7c0-4e28-ad52-de3046d39b0f,IMA T19,2025-10-01 03:24:28.198188+00
INACTIVE,2025-09-20,22:20:54,22:22:26,2,Yes,Packaging / Material Issues,310 Tea bag Falling,-,658062c2-25ce-4502-af98-057213758e44,IMA E06,2025-10-01 03:24:30.866611+00
ACTIVE,2025-09-20,22:28:53,22:29:53,1,No,-,-,-,658f7fa5-0e34-4805-a504-3dca480dde81,IMA T19,2025-10-01 03:24:24.504481+00
INACTIVE,2025-09-25,18:27:30,18:29:13,2,Yes,-,-,-,6592ead9-104b-42fa-b969-b9b5c0826f14,IMA E06,2025-10-01 03:24:32.624437+00
INACTIVE,2025-09-29,17:47:59,17:50:05,2,Yes,-,-,-,65a673a0-d065-40ac-b378-03534878673c,IMA T19,2025-10-01 03:24:27.585911+00
ACTIVE,2025-09-16,10:40:19,10:41:49,2,No,-,-,-,65d7dda5-b3a1-4fba-99c9-a6f8d3923803,IMA T19,2025-10-01 03:24:22.074365+00
ACTIVE,2025-09-29,18:08:13,18:10:43,2,No,-,-,-,65e3ea0d-aae0-4a68-a676-83d1a016f6c2,IMA T19,2025-10-01 03:24:27.585911+00
ACTIVE,2025-09-15,18:35:09,18:59:39,24,No,-,-,-,66088c4a-309e-4381-a3d9-e0abeb08332a,IMA T19,2025-10-01 03:24:22.074365+00
INACTIVE,2025-09-23,00:00:00,06:03:26,363,Yes,Admin,128 Daily CLIRT,-,660d6739-89ab-4a07-b695-fa93fcdf2dd4,IMA T19,2025-10-01 03:24:25.118773+00
INACTIVE,2025-09-19,23:28:17,00:00:00,32,No,-,-,-,66541926-3441-495e-b90c-ece0187c1ad7,IMA T19,2025-10-01 03:24:24.504481+00
INACTIVE,2025-09-20,15:42:30,15:43:35,1,No,-,-,-,6685a942-7a33-401b-9345-08e542732485,IMA T19,2025-10-01 03:24:24.504481+00
ACTIVE,2025-09-27,19:35:44,19:54:44,19,No,-,-,-,66a2a893-027b-43a9-ad0e-e85cc7ca9c85,IMA T19,2025-10-01 03:24:26.969994+00
ACTIVE,2025-09-20,22:14:36,22:23:36,9,No,-,-,-,66ab69a4-d7b2-4c09-9fc2-335562527e25,IMA T19,2025-10-01 03:24:24.504481+00
INACTIVE,2025-09-19,11:11:23,12:17:58,67,Yes,Admin,142 Break time,-,66c85841-bead-42c1-abf2-87baf7112cb5,IMA E06,2025-10-01 03:24:30.005057+00
ACTIVE,2025-09-19,14:12:14,14:37:14,25,No,-,-,-,66e932f7-754c-4a84-bd8c-7b1424cde0f5,IMA E06,2025-10-01 03:24:30.437349+00
ACTIVE,2025-09-15,07:08:37,07:24:07,16,No,-,-,-,66f7e2d6-3cae-4d15-80f5-c6d93040aef0,IMA T19,2025-10-01 03:24:22.074365+00
ACTIVE,2025-09-15,13:41:13,13:43:13,2,No,-,-,-,673eec02-580b-4801-9878-a4d996dde66a,IMA T19,2025-10-01 03:24:22.074365+00
ACTIVE,2025-09-29,10:50:25,10:52:25,2,No,-,-,-,6792f6b4-21fd-442d-bf96-b56ee8329a94,IMA E06,2025-10-01 03:24:33.928006+00
INACTIVE,2025-09-26,00:01:22,00:03:19,2,No,-,-,-,679804c8-7d58-4c37-9ba7-6273190d59d8,IMA E06,2025-10-01 03:24:33.059588+00
INACTIVE,2025-09-18,06:50:43,08:35:03,104,No,-,-,-,67cc8e66-d5c1-46cc-a0fd-1aeb448df03c,IMA E06,2025-10-01 03:24:29.576452+00
INACTIVE,2025-09-19,07:59:02,08:07:04,8,Yes,Packaging / Material Issues,320 Damaged Tea bag,-,67d70ea2-b6e0-4cc8-a32b-3c3879eafbd6,IMA T19,2025-10-01 03:24:23.908734+00
ACTIVE,2025-09-27,15:35:57,15:36:57,1,No,-,-,-,67e41379-2741-43bf-8fcd-3631267b83d3,IMA E06,2025-10-01 03:24:33.48849+00
INACTIVE,2025-09-23,09:35:16,09:36:21,1,No,-,-,-,67fce085-6147-460d-a7c0-fba28597a2e2,IMA E06,2025-10-01 03:24:31.74892+00
ACTIVE,2025-09-25,09:26:57,10:52:57,86,No,-,-,-,67fde3c3-399f-4df2-aba6-e9ac8f5618f2,IMA T19,2025-10-01 03:24:26.172856+00
ACTIVE,2025-09-26,17:18:59,17:30:59,12,No,-,-,-,6808d9b0-ed20-45fc-85fa-5760ed145be7,IMA E06,2025-10-01 03:24:33.059588+00
ACTIVE,2025-09-25,13:33:21,13:50:21,17,No,-,-,-,6861aebf-885d-45e8-b65e-2666320f1090,IMA T19,2025-10-01 03:24:26.172856+00
INACTIVE,2025-09-30,06:56:04,06:59:39,4,Yes,Mechanical General,307 Filter paper splicing failed,-,688466a7-9012-4e05-a354-c79d27a8bf06,IMA T19,2025-10-01 03:24:28.198188+00
ACTIVE,2025-09-24,18:21:52,19:01:52,40,No,-,-,-,68a2ece1-d4e4-439d-ba08-98453705f04e,IMA T19,2025-10-01 03:24:26.172856+00
INACTIVE,2025-09-24,15:56:07,15:57:42,2,No,-,-,-,68b5b891-1ccb-451e-9807-e6f3ed768922,IMA E06,2025-10-01 03:24:32.188922+00
INACTIVE,2025-09-17,17:12:40,17:14:15,2,No,-,-,-,68cea2c8-3c44-4edf-a413-a5f50a5b0b3e,IMA E06,2025-10-01 03:24:29.576452+00
ACTIVE,2025-09-22,10:50:51,11:07:51,17,No,-,-,-,68d2b84a-9b25-48d6-a6e1-39afde557e87,IMA T19,2025-10-01 03:24:25.118773+00
INACTIVE,2025-09-26,14:35:39,14:37:13,2,Yes,Mechanical General,400 Excess glue,-,68d9f499-8fcf-4094-8fa3-92a7affae1e7,IMA E06,2025-10-01 03:24:33.059588+00
ACTIVE,2025-09-25,06:52:32,07:43:32,51,No,-,-,-,68e0dae8-7698-4122-87b5-9f3cf15e0925,IMA T19,2025-10-01 03:24:26.172856+00
INACTIVE,2025-09-24,03:30:22,03:47:56,18,Yes,Admin,128 Daily CLIRT,-,68f3bf2a-42ef-401a-b317-abff70109646,IMA E06,2025-10-01 03:24:31.74892+00
ACTIVE,2025-09-20,21:31:01,21:32:31,2,No,-,-,-,6913ec4d-e1e0-4d5e-a01a-ff633946c5e2,IMA E06,2025-10-01 03:24:30.866611+00
ACTIVE,2025-09-20,22:40:59,22:48:29,8,No,-,-,-,69328db3-360b-4f9a-a86a-a7bf061fe070,IMA E06,2025-10-01 03:24:30.866611+00
ACTIVE,2025-09-19,16:37:53,17:20:23,42,No,-,-,-,6935fc07-93e8-4adc-a2fc-92f51e406d24,IMA E06,2025-10-01 03:24:30.437349+00
ACTIVE,2025-09-30,12:36:42,12:38:12,2,No,-,-,-,693fc18e-d10b-4b3b-9291-19e4538830e4,IMA T19,2025-10-01 03:24:28.198188+00
ACTIVE,2025-09-26,11:05:30,11:25:00,20,No,-,-,-,6950aa36-6c20-45a5-9fbc-79c425a720cf,IMA T19,2025-10-01 03:24:26.172856+00
ACTIVE,2025-09-29,09:52:48,09:57:18,4,No,-,-,-,697d1a94-51af-4097-b1f6-af4db3adb78d,IMA E06,2025-10-01 03:24:33.928006+00
INACTIVE,2025-09-24,15:10:15,15:31:49,22,Yes,Admin,143 TEA BREAK,-,69e25538-4fc6-4c88-9592-e69138903afb,IMA E06,2025-10-01 03:24:32.188922+00
INACTIVE,2025-09-19,17:50:28,17:51:33,1,No,-,-,-,69e41143-cd92-4bf4-8488-c34285eae116,IMA E06,2025-10-01 03:24:30.437349+00
ACTIVE,2025-09-24,23:24:50,23:29:20,4,No,-,-,-,69ec8cd0-647e-40e7-b246-af9f8cff7b59,IMA E06,2025-10-01 03:24:32.188922+00
ACTIVE,2025-09-30,07:33:36,07:51:36,18,No,-,-,-,6a044453-49c8-4feb-b134-614688b0adcf,IMA T19,2025-10-01 03:24:28.198188+00
ACTIVE,2025-09-19,21:05:31,21:11:31,6,No,-,-,-,6a0e389c-1dfd-4b90-aaf8-481c40f9ddfd,IMA T19,2025-10-01 03:24:24.504481+00
ACTIVE,2025-09-15,07:24:22,07:28:52,4,No,-,-,-,6a15c4dc-6540-4ce6-becd-035de894352f,IMA T19,2025-10-01 03:24:22.074365+00
INACTIVE,2025-09-24,10:32:47,10:34:56,2,Yes,Mechanical General,136 Fire drill,-,6a318027-2d72-4a89-8491-d14b4bf25897,IMA T19,2025-10-01 03:24:25.640136+00
ACTIVE,2025-09-17,22:32:59,22:42:29,10,No,-,-,-,6ae1ea43-e27d-40f6-82dd-490b71fa023f,IMA T19,2025-10-01 03:24:22.877579+00
ACTIVE,2025-09-29,07:11:10,07:12:10,1,No,-,-,-,6b155c55-a99e-40d8-991f-0ccc123a2709,IMA T19,2025-10-01 03:24:27.585911+00
ACTIVE,2025-09-18,13:30:45,13:34:15,4,No,-,-,-,6b1608f3-f302-405c-9da7-375522345a63,IMA T19,2025-10-01 03:24:23.397716+00
INACTIVE,2025-09-15,21:43:15,21:45:20,2,No,-,-,-,6b274272-982a-43c2-b7ca-8dd60a0a6bd2,IMA E06,2025-10-01 03:24:28.642092+00
INACTIVE,2025-09-23,20:55:04,21:57:05,62,Yes,Mechanical General,341 Thread out of envelop,-,6b3147d1-5809-4848-b0ff-ab82347a72e3,IMA E06,2025-10-01 03:24:31.74892+00
INACTIVE,2025-09-20,17:59:18,18:00:33,1,No,-,-,-,6b34c334-77cc-4e05-91a1-67545b13d8c1,IMA E06,2025-10-01 03:24:30.866611+00
ACTIVE,2025-09-27,11:00:36,11:02:06,2,No,-,-,-,6b4351bf-fbfa-432c-9f72-0258ae530a80,IMA T19,2025-10-01 03:24:26.969994+00
INACTIVE,2025-09-17,14:55:10,15:08:40,14,No,-,-,-,6b45be80-d216-4093-b598-347fab87ad8b,IMA E06,2025-10-01 03:24:29.128339+00
INACTIVE,2025-09-19,23:46:27,23:47:31,1,No,-,-,-,6b509cda-f1f0-4753-bed5-2a5f285e21c5,IMA E06,2025-10-01 03:24:30.437349+00
INACTIVE,2025-09-26,13:09:02,13:10:07,1,No,-,-,-,6b50bd31-70b1-43d3-91be-3d04e40164a8,IMA E06,2025-10-01 03:24:33.059588+00
ACTIVE,2025-09-29,13:48:17,13:50:47,2,No,-,-,-,6b65e85d-dedc-4b87-b210-6b2e9b6e7342,IMA T19,2025-10-01 03:24:27.585911+00
ACTIVE,2025-09-23,18:31:41,18:42:11,10,No,-,-,-,6b68f16f-d098-4ee3-a217-c7795c43a6f4,IMA T19,2025-10-01 03:24:25.640136+00
ACTIVE,2025-09-22,16:33:43,16:42:43,9,No,-,-,-,6bc74df7-8ba6-4592-a4bd-1970be300fb5,IMA E06,2025-10-01 03:24:31.310218+00
ACTIVE,2025-09-18,21:01:35,21:04:05,2,No,-,-,-,6be74b58-c3de-4694-beda-7b019574319d,IMA T19,2025-10-01 03:24:23.397716+00
ACTIVE,2025-09-26,02:27:41,02:42:11,14,No,-,-,-,6bf5afc8-c25d-4120-9a67-ce736835d94c,IMA E06,2025-10-01 03:24:33.059588+00
ACTIVE,2025-09-15,12:48:22,13:09:52,22,No,-,-,-,6c13039c-9431-426f-9c0a-7eea5e3c8b95,IMA T19,2025-10-01 03:24:22.074365+00
ACTIVE,2025-09-15,21:21:28,21:23:28,2,No,-,-,-,6c259ec1-6364-45d2-807c-b1baf25195c8,IMA T19,2025-10-01 03:24:22.074365+00
ACTIVE,2025-09-16,03:14:46,03:21:46,7,No,-,-,-,6c41d54c-eafd-4cc3-a8b1-287385f6e40e,IMA E06,2025-10-01 03:24:29.128339+00
ACTIVE,2025-09-26,09:44:09,10:40:09,56,No,-,-,-,6c765dae-5f42-4c32-99aa-59d46d163cee,IMA T19,2025-10-01 03:24:26.172856+00
ACTIVE,2025-09-18,10:20:30,10:31:30,11,No,-,-,-,6c86261e-feab-4768-91cc-1e94351f9bf6,IMA T19,2025-10-01 03:24:23.397716+00
ACTIVE,2025-09-24,06:24:22,06:31:22,7,No,-,-,-,6c869af7-30ea-4e61-91f7-7887b0777d32,IMA E06,2025-10-01 03:24:32.188922+00
INACTIVE,2025-09-29,13:57:14,13:58:18,1,No,-,-,-,6ca9f92b-9466-4282-bcdd-6ba8f6977643,IMA E06,2025-10-01 03:24:34.339012+00
INACTIVE,2025-09-29,09:03:17,09:04:47,2,No,-,-,-,6cc7acb7-5ba8-4cd3-b14c-cdbcf0b3abb5,IMA E06,2025-10-01 03:24:33.928006+00
ACTIVE,2025-09-22,06:45:21,06:48:51,4,No,-,-,-,6ccaf860-deb0-4fb9-bf31-5d5587fd2887,IMA T19,2025-10-01 03:24:24.504481+00
ACTIVE,2025-09-24,15:45:26,16:49:26,64,No,-,-,-,6ccc6254-df5e-4913-a905-a09f149d9c25,IMA T19,2025-10-01 03:24:25.640136+00
ACTIVE,2025-09-19,15:33:03,15:51:33,18,No,-,-,-,6cced1fa-bf0d-4ed7-b62d-dccbf4c8b976,IMA E06,2025-10-01 03:24:30.437349+00
ACTIVE,2025-09-15,10:29:25,11:07:55,38,No,-,-,-,6cd1a79d-760e-4cf6-8494-b8f519a0774f,IMA T19,2025-10-01 03:24:22.074365+00
INACTIVE,2025-09-16,13:19:21,13:20:26,1,No,-,-,-,6cdafe0a-ed9b-452e-9c82-625635e30d91,IMA E06,2025-10-01 03:24:29.128339+00
ACTIVE,2025-09-20,02:45:47,02:53:47,8,No,-,-,-,6cfb4a43-c105-44ff-9acb-8a5825fdef98,IMA E06,2025-10-01 03:24:30.437349+00
ACTIVE,2025-09-24,15:38:34,15:50:04,12,No,-,-,-,6d12b86b-5b5b-44e4-83b7-1f26cbefda4e,IMA E06,2025-10-01 03:24:32.188922+00
ACTIVE,2025-09-23,04:53:25,04:54:55,2,No,-,-,-,6d30896e-5588-4ff3-9372-897a57cd152f,IMA E06,2025-10-01 03:24:31.310218+00
ACTIVE,2025-09-30,07:52:58,08:30:28,38,No,-,-,-,6d314e94-dd6e-4ea7-aadf-7477cb75fe64,IMA T19,2025-10-01 03:24:28.198188+00
ACTIVE,2025-09-25,06:26:08,06:34:38,8,No,-,-,-,6d318b2f-05c4-427b-80bb-b7633694636c,IMA E06,2025-10-01 03:24:32.624437+00
INACTIVE,2025-09-20,11:10:58,12:14:03,63,Yes,Admin,142 Break time,-,6d678a01-5dc9-4d68-b801-63af4495dea8,IMA T19,2025-10-01 03:24:24.504481+00
ACTIVE,2025-09-22,09:45:41,09:54:41,9,No,-,-,-,6d72e93f-8440-4fec-be32-3436ed8cc64b,IMA E06,2025-10-01 03:24:31.310218+00
INACTIVE,2025-09-19,02:19:22,02:20:27,1,No,-,-,-,6d9fb816-46bd-4360-8a98-f19f5e392f09,IMA E06,2025-10-01 03:24:30.005057+00
INACTIVE,2025-09-19,00:00:00,00:10:03,10,No,-,-,-,6de533b3-c84a-41af-9bad-52b2b3da3598,IMA E06,2025-10-01 03:24:30.005057+00
ACTIVE,2025-09-20,16:17:43,16:33:43,16,No,-,-,-,6e06e0b6-3274-4bf3-a78e-0836be260b9b,IMA E06,2025-10-01 03:24:30.866611+00
INACTIVE,2025-09-24,01:56:07,02:15:11,19,Yes,Admin,143 TEA BREAK,-,6e0fb24c-77b5-463b-b074-3d74c2b3407e,IMA E06,2025-10-01 03:24:31.74892+00
INACTIVE,2025-09-18,04:13:16,04:14:27,1,No,-,-,-,6e1ecf5e-e42d-457a-8eaf-88f4344da6f6,IMA E06,2025-10-01 03:24:29.576452+00
ACTIVE,2025-09-25,16:10:52,16:32:52,22,No,-,-,-,6e3771d4-9260-4be3-8e59-c86455c80025,IMA E06,2025-10-01 03:24:32.624437+00
INACTIVE,2025-09-15,09:24:29,09:26:08,2,No,-,-,-,6e420db3-4424-453a-b987-d1765210b2ba,IMA T19,2025-10-01 03:24:22.074365+00
ACTIVE,2025-09-22,13:27:10,13:33:10,6,No,-,-,-,6e770a70-8c84-4450-a34e-ebe4ed702d10,IMA E06,2025-10-01 03:24:31.310218+00
ACTIVE,2025-09-20,19:47:47,19:49:47,2,No,-,-,-,6e8eee77-53ee-43e2-9951-1098d5f73282,IMA T19,2025-10-01 03:24:24.504481+00
INACTIVE,2025-09-18,19:45:48,19:47:21,2,No,-,-,-,6ec8cdff-3f04-47f3-8edc-11639271c486,IMA T19,2025-10-01 03:24:23.397716+00
ACTIVE,2025-09-29,14:46:37,14:50:07,4,No,-,-,-,6f104214-25d4-449e-a7c8-233e76609621,IMA E06,2025-10-01 03:24:34.339012+00
ACTIVE,2025-09-23,19:24:48,19:30:18,6,No,-,-,-,6f120b45-61e0-4703-84d6-e72a1b159ffc,IMA T19,2025-10-01 03:24:25.640136+00
INACTIVE,2025-09-30,10:52:49,10:54:25,2,Yes,Mechanical General,311 Crumpled filter paper,-,6f5c0b7f-7ad3-43d4-ad6c-90e0784db21b,IMA T19,2025-10-01 03:24:28.198188+00
ACTIVE,2025-09-26,19:03:35,19:41:35,38,No,-,-,-,6f6d92a5-c3d7-48f0-adbb-073264ae0f6a,IMA E06,2025-10-01 03:24:33.059588+00
INACTIVE,2025-09-27,17:08:04,17:10:26,2,No,-,-,-,6f824749-c499-4b43-af24-d14b9f0314b2,IMA E06,2025-10-01 03:24:33.48849+00
ACTIVE,2025-09-23,21:45:23,21:50:53,6,No,-,-,-,6f8edb44-a9fd-4fcb-ab01-ec063d6bea14,IMA T19,2025-10-01 03:24:25.640136+00
INACTIVE,2025-09-19,00:00:00,06:04:29,364,No,-,-,-,6f99e0bc-e571-47ea-ae27-02c268745598,IMA T19,2025-10-01 03:24:23.908734+00
ACTIVE,2025-09-24,04:25:14,04:51:44,26,No,-,-,-,6fa6e8f5-8aa2-4530-ab36-b4bdcdc84d62,IMA E06,2025-10-01 03:24:31.74892+00
ACTIVE,2025-09-24,10:32:13,10:46:13,14,No,-,-,-,6fbf8ee0-26b7-4e08-b259-5103abe00c62,IMA E06,2025-10-01 03:24:32.188922+00
INACTIVE,2025-09-22,06:52:46,06:53:51,1,Yes,Packaging / Material Issues,310 Tea bag Falling,-,6fc29baa-d66e-4589-abe5-0c743a49311d,IMA E06,2025-10-01 03:24:30.866611+00
ACTIVE,2025-09-18,13:19:06,13:29:36,10,No,-,-,-,7006f387-aaee-4dba-bf32-19e9031ea47b,IMA T19,2025-10-01 03:24:23.397716+00
ACTIVE,2025-09-25,18:49:30,18:59:30,10,No,-,-,-,70138d27-ea03-4004-86d6-6c2afd0f8566,IMA E06,2025-10-01 03:24:32.624437+00
ACTIVE,2025-09-23,19:00:47,19:05:47,5,No,-,-,-,701b41cb-180d-43a1-b907-28419adc6dd1,IMA T19,2025-10-01 03:24:25.640136+00
INACTIVE,2025-09-25,13:48:09,13:49:14,1,No,-,-,-,70361448-c0db-40b5-a507-7bf5215b31c4,IMA E06,2025-10-01 03:24:32.624437+00
ACTIVE,2025-09-15,12:38:07,12:39:37,2,No,-,-,-,705493dc-6417-4483-84ce-996d957aae49,IMA E06,2025-10-01 03:24:28.642092+00
ACTIVE,2025-09-18,07:22:52,07:53:22,30,No,-,-,-,70892c60-76bb-4de1-987b-7641b6e3402e,IMA T19,2025-10-01 03:24:23.397716+00
INACTIVE,2025-09-16,01:15:58,01:18:32,3,No,-,-,-,70b928b9-e1dc-4935-983b-84104dcae8fd,IMA E06,2025-10-01 03:24:29.128339+00
ACTIVE,2025-09-30,20:00:29,20:03:29,3,No,-,-,-,70d3c1e9-fa0f-408d-a4d6-a9c9eee0e6d8,IMA T19,2025-10-01 03:24:28.198188+00
ACTIVE,2025-09-23,23:50:01,00:00:00,10,No,-,-,-,70f5efcd-3599-4059-8adf-f84d2cf70f7a,IMA E06,2025-10-01 03:24:31.74892+00
ACTIVE,2025-09-18,19:47:27,19:53:27,6,No,-,-,-,70f6417f-4a27-42df-a42f-bffecfbf0f19,IMA T19,2025-10-01 03:24:23.397716+00
INACTIVE,2025-09-15,19:04:13,19:08:18,4,No,-,-,-,7122e09d-863b-4901-aed2-03d49b0637c1,IMA T19,2025-10-01 03:24:22.074365+00
INACTIVE,2025-09-27,16:13:41,17:06:41,53,No,-,-,-,71270339-9b00-4b51-9217-936bcaa8820a,IMA E06,2025-10-01 03:24:33.48849+00
INACTIVE,2025-09-23,16:38:48,16:40:18,2,Yes,Material Shortage,304 No envelope,-,7148a519-456f-4199-8281-59b740bae001,IMA E06,2025-10-01 03:24:31.74892+00
ACTIVE,2025-09-15,20:33:49,20:45:19,12,No,-,-,-,71753f05-0c7d-497d-bb76-5f3a0df4dc6c,IMA E06,2025-10-01 03:24:28.642092+00
INACTIVE,2025-09-16,13:26:40,13:28:15,2,No,-,-,-,7195ac23-877b-44c6-a343-a751ad8477a8,IMA E06,2025-10-01 03:24:29.128339+00
INACTIVE,2025-09-29,12:54:29,12:55:41,1,Yes,-,-,-,71d5e0f7-1c12-4432-8c05-d5329513352c,IMA E06,2025-10-01 03:24:33.928006+00
INACTIVE,2025-09-26,01:56:07,02:15:41,20,Yes,Mechanical General,400 Excess glue,-,71d8d2e7-234d-4c9d-8e77-54c9c573c447,IMA E06,2025-10-01 03:24:33.059588+00
ACTIVE,2025-09-17,19:02:22,19:16:52,14,No,-,-,-,71dcf3f8-994e-4ae1-8c97-115dff513cf4,IMA E06,2025-10-01 03:24:29.576452+00
INACTIVE,2025-09-18,02:30:25,02:32:01,2,No,-,-,-,71ea4ee5-91b8-44cc-bfc6-e2e904123fea,IMA E06,2025-10-01 03:24:29.576452+00
ACTIVE,2025-09-22,19:08:43,19:11:43,3,No,-,-,-,71f2bae9-675f-4bcc-a883-4f5d0f005a43,IMA T19,2025-10-01 03:24:25.118773+00
ACTIVE,2025-09-20,22:59:27,23:11:57,12,No,-,-,-,71f5e44c-6026-4487-9b47-573d96700439,IMA E06,2025-10-01 03:24:30.866611+00
ACTIVE,2025-09-17,14:28:36,15:20:36,52,No,-,-,-,71f652e4-b7b6-4fc0-b406-a37dcaaee2b8,IMA T19,2025-10-01 03:24:22.877579+00
ACTIVE,2025-09-26,16:55:43,17:09:43,14,No,-,-,-,722b1810-dd36-4944-b1b0-195ddb66a887,IMA E06,2025-10-01 03:24:33.059588+00
INACTIVE,2025-09-16,08:47:03,08:48:03,1,No,-,-,-,722b2432-4f85-4be6-acf5-009587bac842,IMA T19,2025-10-01 03:24:22.074365+00
ACTIVE,2025-09-19,16:32:34,16:41:04,8,No,-,-,-,725efe87-4b0a-439d-bf77-8d78abe2d1e7,IMA T19,2025-10-01 03:24:23.908734+00
INACTIVE,2025-09-29,15:08:44,15:40:49,32,Yes,-,-,-,72cc5ef6-49a8-4fb1-a134-633cc12e78a0,IMA E06,2025-10-01 03:24:34.339012+00
ACTIVE,2025-09-15,19:13:08,19:53:38,40,No,-,-,-,72d75a97-928d-4e40-bf6e-cb2c7e3535be,IMA T19,2025-10-01 03:24:22.074365+00
ACTIVE,2025-09-19,17:30:23,17:38:23,8,No,-,-,-,72f21b01-ee8e-4b11-b978-363f113332f2,IMA E06,2025-10-01 03:24:30.437349+00
ACTIVE,2025-09-16,09:17:27,10:27:27,70,No,-,-,-,72f39215-e367-4a56-91a0-22ee35b5f03d,IMA T19,2025-10-01 03:24:22.074365+00
INACTIVE,2025-09-16,01:56:12,02:16:17,20,Yes,Drive & Transmission (Belts/Chains/Gears),602 Belt tension loose,-,72f8d078-b441-4206-a8c5-ed58136ab960,IMA E06,2025-10-01 03:24:29.128339+00
ACTIVE,2025-09-18,20:31:22,20:37:52,6,No,-,-,-,72f992f7-dcad-4e2b-90d5-838cccf7611f,IMA E06,2025-10-01 03:24:30.005057+00
ACTIVE,2025-09-27,22:42:41,22:47:11,4,No,-,-,-,731f07e0-b89b-4b1c-b50a-b27c1d5a20ad,IMA T19,2025-10-01 03:24:26.969994+00
ACTIVE,2025-09-17,20:24:32,20:31:02,6,No,-,-,-,73261d54-478a-4fb8-b248-06c460c7a381,IMA E06,2025-10-01 03:24:29.576452+00
ACTIVE,2025-09-24,17:41:14,18:21:14,40,No,-,-,-,73398e5f-97b5-4eb8-a39c-c9fc27dbd6ff,IMA T19,2025-10-01 03:24:26.172856+00
ACTIVE,2025-09-23,21:00:39,21:03:39,3,No,-,-,-,73408725-f0ef-44cc-8a4e-1c16c2754d73,IMA T19,2025-10-01 03:24:25.640136+00
ACTIVE,2025-09-27,17:45:07,17:46:07,1,No,-,-,-,734de8ab-8438-46c8-a854-5e1a840c6f5e,IMA T19,2025-10-01 03:24:26.969994+00
ACTIVE,2025-09-16,08:23:07,08:44:37,22,No,-,-,-,736b9435-ca7c-44bd-8f8a-0dd418a4760c,IMA E06,2025-10-01 03:24:29.128339+00
ACTIVE,2025-09-23,14:34:08,14:38:38,4,No,-,-,-,736f67f0-dda4-4ee8-a9fb-a078610cb770,IMA E06,2025-10-01 03:24:31.74892+00
INACTIVE,2025-09-30,18:54:30,18:55:30,1,No,-,-,-,73828526-0f12-44a7-a681-f0a0c0d21e19,IMA T19,2025-10-01 03:24:28.198188+00
ACTIVE,2025-09-15,09:42:19,09:43:19,1,No,-,-,-,73978fdd-e079-4872-9a9e-1de232acc9e0,IMA E06,2025-10-01 03:24:28.642092+00
ACTIVE,2025-09-22,18:00:15,18:01:15,1,No,-,-,-,739b3b0f-c440-46d9-a534-4a32531bc25b,IMA T19,2025-10-01 03:24:25.118773+00
INACTIVE,2025-09-25,18:47:48,18:49:22,2,Yes,-,-,-,739dd154-6fb0-4621-9e5f-a81da05fb33f,IMA E06,2025-10-01 03:24:32.624437+00
ACTIVE,2025-09-20,03:30:09,03:34:39,4,No,-,-,-,739e09c8-9585-437c-a31d-6d7906179222,IMA E06,2025-10-01 03:24:30.437349+00
ACTIVE,2025-09-20,10:10:50,10:24:50,14,No,-,-,-,73b922fa-11c0-4794-b2a9-550dc4ec1fef,IMA T19,2025-10-01 03:24:24.504481+00
ACTIVE,2025-09-27,21:23:52,22:07:52,44,No,-,-,-,73d043c2-4e89-4064-8507-32da93a2ee18,IMA T19,2025-10-01 03:24:26.969994+00
INACTIVE,2025-09-26,08:28:47,09:07:52,39,No,-,-,-,73dd7f01-5b6a-42d7-bcfb-601bbc85bc4a,IMA E06,2025-10-01 03:24:33.059588+00
ACTIVE,2025-09-29,06:35:14,06:36:14,1,No,-,-,-,7401cf0e-7bac-4493-b333-2adb261dce3f,IMA E06,2025-10-01 03:24:33.928006+00
INACTIVE,2025-09-29,06:59:18,07:00:22,1,Yes,Quality / Rework,354 Weight variation,-,741936c8-d63e-4b22-9eb8-171d46d1f005,IMA T19,2025-10-01 03:24:27.585911+00
INACTIVE,2025-09-22,06:36:04,06:37:40,2,Yes,Admin,129 Weekly CLIRT,-,74297eaa-e05e-4741-9603-f6622e1fb196,IMA E06,2025-10-01 03:24:30.866611+00
ACTIVE,2025-09-19,15:51:59,16:05:29,14,No,-,-,-,744282ce-c894-4069-978a-9e439058e08c,IMA E06,2025-10-01 03:24:30.437349+00
ACTIVE,2025-09-15,08:16:10,08:24:10,8,No,-,-,-,7446fe6e-b02d-47b9-900d-b0581046c026,IMA T19,2025-10-01 03:24:22.074365+00
INACTIVE,2025-09-15,21:25:05,21:27:10,2,No,-,-,-,74493de4-224d-40e4-82fc-30e520d9886f,IMA E06,2025-10-01 03:24:28.642092+00
ACTIVE,2025-09-22,09:38:49,09:56:19,18,No,-,-,-,74af080e-dfee-4687-9a20-8a83c04900a5,IMA T19,2025-10-01 03:24:25.118773+00
ACTIVE,2025-09-19,09:11:06,09:17:36,6,No,-,-,-,74e3f934-9b38-46d2-9eab-9c33a148fc88,IMA T19,2025-10-01 03:24:23.908734+00
ACTIVE,2025-09-20,17:57:54,17:58:54,1,No,-,-,-,74eb889e-a11f-45a0-8f51-8f7085945188,IMA E06,2025-10-01 03:24:30.866611+00
INACTIVE,2025-09-20,13:14:00,15:29:06,135,Yes,Admin,128 Daily CLIRT,-,74f5eb25-16b1-40b1-8cd7-be2b221418eb,IMA T19,2025-10-01 03:24:24.504481+00
INACTIVE,2025-09-19,10:26:22,10:27:22,1,No,-,-,-,7501b063-a563-4b43-8f34-b3c7889bbf01,IMA E06,2025-10-01 03:24:30.005057+00
INACTIVE,2025-09-24,09:38:58,09:42:03,3,No,-,-,-,75049b48-eea3-48ca-a5a3-32dec4334064,IMA E06,2025-10-01 03:24:32.188922+00
ACTIVE,2025-09-15,13:31:12,13:41:12,10,No,-,-,-,750f67b2-49f1-4096-922b-7243e8104dc5,IMA E06,2025-10-01 03:24:28.642092+00
ACTIVE,2025-09-24,21:55:29,22:24:29,29,No,-,-,-,7527617e-dd5e-4039-8113-df07870d4d7d,IMA E06,2025-10-01 03:24:32.188922+00
ACTIVE,2025-09-29,08:42:17,09:18:17,36,No,-,-,-,7529c304-0a40-41f5-a221-66179e2a98c1,IMA T19,2025-10-01 03:24:27.585911+00
INACTIVE,2025-09-23,18:32:43,18:33:47,1,Yes,Material Shortage,304 No envelope,-,752c32d7-f9e2-41f3-903b-0ab61453d92e,IMA E06,2025-10-01 03:24:31.74892+00
INACTIVE,2025-09-18,13:53:20,13:55:55,3,No,-,-,-,753c7158-041a-420f-87d7-518259a42686,IMA E06,2025-10-01 03:24:30.005057+00
INACTIVE,2025-09-20,11:11:07,12:13:42,63,Yes,Admin,142 Break time,-,753d1e82-de72-4098-bb26-31de41201d40,IMA E06,2025-10-01 03:24:30.866611+00
INACTIVE,2025-09-20,07:53:04,07:54:07,1,No,-,-,-,754123e3-37e4-4476-9713-2c71494f5932,IMA T19,2025-10-01 03:24:24.504481+00
ACTIVE,2025-09-27,16:12:11,16:15:41,4,No,-,-,-,7563d447-2f88-4abb-821b-179379885190,IMA T19,2025-10-01 03:24:26.969994+00
ACTIVE,2025-09-18,19:53:14,20:27:44,34,No,-,-,-,75f98b85-db1a-4026-abed-588a067c862e,IMA E06,2025-10-01 03:24:30.005057+00
ACTIVE,2025-09-24,10:41:41,10:45:41,4,No,-,-,-,75fb7fce-cae6-47b2-941d-2f9094bb6d19,IMA T19,2025-10-01 03:24:25.640136+00
ACTIVE,2025-09-22,09:56:47,10:04:17,8,No,-,-,-,76354985-2693-425c-86bf-32b3f883a417,IMA T19,2025-10-01 03:24:25.118773+00
ACTIVE,2025-09-27,12:59:33,13:15:33,16,No,-,-,-,76524ce2-a4e0-45cd-b25a-bac11532dc88,IMA T19,2025-10-01 03:24:26.969994+00
INACTIVE,2025-09-19,17:37:26,17:38:31,1,No,-,-,-,76592e38-909b-4b5d-b84c-19408a51ae0c,IMA T19,2025-10-01 03:24:23.908734+00
ACTIVE,2025-09-29,06:40:59,06:43:29,2,No,-,-,-,765c0dc8-8155-499e-8d8d-d90252c908ce,IMA T19,2025-10-01 03:24:27.585911+00
INACTIVE,2025-09-15,15:12:06,16:02:10,50,No,-,-,-,765d53c1-d5a7-4383-967f-45b5f2db7885,IMA E06,2025-10-01 03:24:28.642092+00
ACTIVE,2025-09-24,08:21:25,08:26:25,5,No,-,-,-,76659043-854e-4db4-b1e1-aee23741b77d,IMA T19,2025-10-01 03:24:25.640136+00
INACTIVE,2025-09-17,16:13:00,16:14:05,1,No,-,-,-,7676b8ea-3bc7-40b6-a69c-b7a68ce4e71b,IMA E06,2025-10-01 03:24:29.576452+00
ACTIVE,2025-09-30,10:09:57,10:25:57,16,No,-,-,-,768210d7-1fdb-4fed-87a6-7cde10a69359,IMA T19,2025-10-01 03:24:28.198188+00
INACTIVE,2025-09-17,19:53:59,20:57:03,63,No,-,-,-,769226f4-c10f-4567-a408-2f4b266933df,IMA T19,2025-10-01 03:24:22.877579+00
INACTIVE,2025-09-18,21:35:29,21:38:04,3,No,-,-,-,76bf9737-c67c-4e1b-89e5-3fe9a01dbf84,IMA T19,2025-10-01 03:24:23.908734+00
ACTIVE,2025-09-20,21:33:12,21:44:42,12,No,-,-,-,76d3e9a0-744f-4944-badc-e73bc81034ac,IMA T19,2025-10-01 03:24:24.504481+00
INACTIVE,2025-09-23,01:56:06,02:16:41,21,Yes,Mechanical General,342 Thread not in place on chrochet,-,76e11516-6c4b-41fc-8080-b419aed17732,IMA E06,2025-10-01 03:24:31.310218+00
INACTIVE,2025-09-24,07:37:39,09:29:21,112,Yes,Planned Maintenance,141 Waiting for chute cleaning,-,76e19a49-70aa-4e67-8b14-02295fe19b77,IMA E06,2025-10-01 03:24:32.188922+00
ACTIVE,2025-09-16,13:33:08,14:05:38,32,No,-,-,-,771615f8-8d7d-45ef-94fe-296fa42baaa2,IMA E06,2025-10-01 03:24:29.128339+00
ACTIVE,2025-09-29,18:58:13,18:59:43,2,No,-,-,-,77328918-aa66-4270-9bd9-b2c444e174bc,IMA T19,2025-10-01 03:24:27.585911+00
ACTIVE,2025-09-26,13:58:28,14:07:28,9,No,-,-,-,77490a16-1dd9-44a4-b76b-8025d66806b5,IMA T19,2025-10-01 03:24:26.172856+00
ACTIVE,2025-09-22,17:14:57,17:15:57,1,No,-,-,-,775d4dcd-51c7-4b44-bf13-74f15efefa6a,IMA T19,2025-10-01 03:24:25.118773+00
INACTIVE,2025-09-17,14:39:01,14:50:06,11,No,-,-,-,775f23b8-ba63-41f5-8873-91be60c1bda9,IMA E06,2025-10-01 03:24:29.128339+00
ACTIVE,2025-09-29,20:11:55,20:16:55,5,No,-,-,-,7763f130-799c-4c87-9b15-11da60fc1745,IMA T19,2025-10-01 03:24:28.198188+00
ACTIVE,2025-09-30,13:37:50,13:41:50,4,No,-,-,-,776e1070-31a6-43f7-9d35-50f856336393,IMA T19,2025-10-01 03:24:28.198188+00
ACTIVE,2025-09-22,17:57:02,17:59:32,2,No,-,-,-,779fc1a7-0b60-4c7b-97d7-816a76a4590a,IMA T19,2025-10-01 03:24:25.118773+00
INACTIVE,2025-09-29,17:50:32,17:51:32,1,No,-,-,-,77a1b512-a6bb-4cb9-afc4-36910738c717,IMA T19,2025-10-01 03:24:27.585911+00
ACTIVE,2025-09-30,15:56:10,16:34:10,38,No,-,-,-,77c0fb1a-1569-4a72-96c1-00ac8b9f412f,IMA T19,2025-10-01 03:24:28.198188+00
ACTIVE,2025-09-24,13:23:00,13:35:00,12,No,-,-,-,77c68f1a-db3a-446b-aa0e-26c5c3cdebe0,IMA E06,2025-10-01 03:24:32.188922+00
ACTIVE,2025-09-20,09:35:56,09:44:26,8,No,-,-,-,77cacb38-b589-4f2b-8150-176469c2acd9,IMA T19,2025-10-01 03:24:24.504481+00
ACTIVE,2025-09-17,13:09:23,13:12:53,4,No,-,-,-,77eb93e7-2bef-4f11-90b1-eeb964198fd8,IMA T19,2025-10-01 03:24:22.877579+00
ACTIVE,2025-09-29,16:15:38,16:18:38,3,No,-,-,-,77f0d813-f6cc-4fec-878b-088101953cdb,IMA T19,2025-10-01 03:24:27.585911+00
ACTIVE,2025-09-25,13:02:42,13:06:42,4,No,-,-,-,780c8e05-00d9-43e3-ac58-0f63bec6fea5,IMA E06,2025-10-01 03:24:32.624437+00
ACTIVE,2025-09-22,08:46:46,08:48:46,2,No,-,-,-,78696726-568d-4c39-bd71-2cf13e12b46f,IMA T19,2025-10-01 03:24:24.504481+00
ACTIVE,2025-09-19,18:48:47,18:50:17,2,No,-,-,-,786b2503-e65c-452f-8741-7319762de19f,IMA T19,2025-10-01 03:24:23.908734+00
ACTIVE,2025-09-29,15:53:11,15:59:41,6,No,-,-,-,78776a88-8f3f-4eb5-a35d-c99446dc7628,IMA E06,2025-10-01 03:24:34.339012+00
INACTIVE,2025-09-20,03:36:16,05:43:25,127,Yes,Breakdown (Unplanned),-,-,78896075-faaf-4c9e-b6b3-dc8dcc01bcf9,IMA E06,2025-10-01 03:24:30.437349+00
ACTIVE,2025-09-22,10:47:50,10:49:50,2,No,-,-,-,788ed9a7-e2c3-4965-bb01-3065ea4d7077,IMA T19,2025-10-01 03:24:25.118773+00
ACTIVE,2025-09-18,13:43:43,13:46:13,2,No,-,-,-,78c5546f-d63f-4053-b905-0776923a2c62,IMA T19,2025-10-01 03:24:23.397716+00
INACTIVE,2025-09-25,20:11:48,20:13:21,2,Yes,Mechanical General,400 Excess glue,-,78f25125-c739-4af1-92fa-1db7edbcec61,IMA E06,2025-10-01 03:24:32.624437+00
INACTIVE,2025-09-22,07:39:24,07:43:06,4,No,-,-,-,78f6b161-5908-4a69-9e35-dd4e73a1bfdb,IMA E06,2025-10-01 03:24:30.866611+00
ACTIVE,2025-09-19,16:27:37,16:35:37,8,No,-,-,-,79410fa1-d348-4067-a1e9-296dc0099520,IMA E06,2025-10-01 03:24:30.437349+00
ACTIVE,2025-09-26,17:10:20,17:14:20,4,No,-,-,-,79672c4c-9c29-41df-9084-a99c96cf3ec5,IMA T19,2025-10-01 03:24:26.969994+00
INACTIVE,2025-09-19,15:11:55,15:13:00,1,No,-,-,-,7984adff-df2a-4652-844b-8e9a6cdbcf2d,IMA T19,2025-10-01 03:24:23.908734+00
ACTIVE,2025-09-22,07:17:32,07:22:32,5,No,-,-,-,79ea387e-ef5c-4437-ae8d-a80af487e386,IMA T19,2025-10-01 03:24:24.504481+00
ACTIVE,2025-09-23,23:38:01,23:39:31,2,No,-,-,-,7a6e0c8b-6b9a-4556-b3bf-64c3f78e20d3,IMA T19,2025-10-01 03:24:25.640136+00
INACTIVE,2025-09-26,03:28:15,03:29:50,2,Yes,Admin,128 Daily CLIRT,-,7a9779d7-7588-42a0-8471-c84d2158ab26,IMA E06,2025-10-01 03:24:33.059588+00
ACTIVE,2025-09-29,13:45:44,13:50:14,4,No,-,-,-,7aa055ea-408f-4a8b-96d3-e468155df9fe,IMA E06,2025-10-01 03:24:34.339012+00
ACTIVE,2025-09-22,12:21:58,12:24:58,3,No,-,-,-,7aa62db1-cc61-4f31-9bd4-902f4e8ea39b,IMA E06,2025-10-01 03:24:31.310218+00
ACTIVE,2025-09-22,08:43:14,08:46:44,4,No,-,-,-,7ad5f27e-0589-4fb0-bba3-71b571db74f2,IMA T19,2025-10-01 03:24:24.504481+00
INACTIVE,2025-09-15,19:11:02,19:12:02,1,No,-,-,-,7aea3bbd-381c-4ee6-b4a9-cb13110935d4,IMA E06,2025-10-01 03:24:28.642092+00
INACTIVE,2025-09-27,13:21:39,13:22:39,1,No,-,-,-,7b10e368-17be-46aa-909b-85a57185b65e,IMA E06,2025-10-01 03:24:33.48849+00
ACTIVE,2025-09-25,14:24:12,15:03:42,40,No,-,-,-,7b2bc05e-b0cd-4b1b-839a-18c07c9b6d22,IMA E06,2025-10-01 03:24:32.624437+00
ACTIVE,2025-09-22,15:46:46,15:47:46,1,No,-,-,-,7b4b0126-4eba-4819-8306-7c5bd316691f,IMA T19,2025-10-01 03:24:25.118773+00
INACTIVE,2025-09-15,05:11:24,06:10:25,59,Yes,Changeover / Setup,131 Change over,-,7b59b0eb-0fb5-4f90-bf1e-a914eef05605,IMA E06,2025-10-01 03:24:28.198188+00
ACTIVE,2025-09-24,10:23:52,10:32:22,8,No,-,-,-,7b5efe52-0998-4dec-b607-fd060774a9cf,IMA T19,2025-10-01 03:24:25.640136+00
ACTIVE,2025-09-29,12:32:50,12:34:20,2,No,-,-,-,7ba43ac3-6bf8-47c6-ad25-955291480841,IMA E06,2025-10-01 03:24:33.928006+00
INACTIVE,2025-09-24,06:49:38,06:53:59,4,Yes,Material Shortage,304 No envelope,-,7c2c387e-f27e-4587-9a3f-688322c677cd,IMA E06,2025-10-01 03:24:32.188922+00
ACTIVE,2025-09-19,03:31:22,03:38:52,8,No,-,-,-,7c7bf6fb-3bf6-4bef-8dff-29c843482e84,IMA E06,2025-10-01 03:24:30.005057+00
ACTIVE,2025-09-26,17:11:37,17:17:07,6,No,-,-,-,7c826b4a-7f5c-42e1-aa51-8521b2094b3f,IMA E06,2025-10-01 03:24:33.059588+00
ACTIVE,2025-09-29,09:18:36,09:43:36,25,No,-,-,-,7cd79780-3074-4420-8c31-a7cbffce3a0c,IMA T19,2025-10-01 03:24:27.585911+00
ACTIVE,2025-09-20,00:21:16,00:36:16,15,No,-,-,-,7cdbeec4-c915-4689-a81f-625a6f7f4f88,IMA E06,2025-10-01 03:24:30.437349+00
ACTIVE,2025-09-27,02:17:04,02:41:04,24,No,-,-,-,7cdde6f0-1e2d-4f1e-9a40-81c6a7bce1a9,IMA E06,2025-10-01 03:24:33.48849+00
ACTIVE,2025-09-20,03:02:00,03:03:30,2,No,-,-,-,7d00302d-177e-4333-9b39-1b4acb3049b5,IMA E06,2025-10-01 03:24:30.437349+00
ACTIVE,2025-09-19,23:48:02,00:00:00,12,No,-,-,-,7d03aac6-ddc4-41c5-a344-43c1abee3ca7,IMA E06,2025-10-01 03:24:30.437349+00
INACTIVE,2025-09-29,07:53:06,07:56:11,3,Yes,-,-,-,7d1559a3-ac24-487d-ad4e-28d705d197b7,IMA T19,2025-10-01 03:24:27.585911+00
ACTIVE,2025-09-18,16:24:36,17:07:06,42,No,-,-,-,7d54dd72-673a-4f67-b074-5897ddb5eaa1,IMA E06,2025-10-01 03:24:30.005057+00
INACTIVE,2025-09-19,14:37:24,14:39:28,2,No,-,-,-,7d6487ad-e2a4-4fb3-9cee-adde445f020d,IMA E06,2025-10-01 03:24:30.437349+00
ACTIVE,2025-09-27,16:08:18,16:10:18,2,No,-,-,-,7d69e788-5550-4460-8074-93898e25563f,IMA E06,2025-10-01 03:24:33.48849+00
ACTIVE,2025-09-20,12:49:28,12:51:58,2,No,-,-,-,7d863c60-8c32-47ec-9abb-b655526490fd,IMA E06,2025-10-01 03:24:30.866611+00
ACTIVE,2025-09-27,22:40:01,22:44:01,4,No,-,-,-,7dbd16b4-8a8d-4370-a37b-2998478a7256,IMA E06,2025-10-01 03:24:33.48849+00
ACTIVE,2025-09-22,15:50:08,15:55:38,6,No,-,-,-,7dcbc26e-8a7b-4720-8176-81a3bd20021e,IMA T19,2025-10-01 03:24:25.118773+00
ACTIVE,2025-09-23,19:06:17,19:21:47,16,No,-,-,-,7dee5fac-8eff-4575-8467-c026f0a2ac51,IMA T19,2025-10-01 03:24:25.640136+00
INACTIVE,2025-09-16,06:08:29,06:20:00,12,No,-,-,-,7e448513-0349-4cb7-9b8e-01171ad165fb,IMA E06,2025-10-01 03:24:29.128339+00
ACTIVE,2025-09-16,12:13:28,12:14:28,1,No,-,-,-,7e547956-b365-4888-9b4f-c1a25ca4813d,IMA T19,2025-10-01 03:24:22.877579+00
INACTIVE,2025-09-30,00:00:00,06:03:51,364,No,-,-,-,7e694f14-fd4d-49b6-84b6-2aca19e1e155,IMA T19,2025-10-01 03:24:28.198188+00
ACTIVE,2025-09-22,07:37:54,07:54:54,17,No,-,-,-,7e7c90ad-9509-44f6-916e-b8493ccf1b75,IMA T19,2025-10-01 03:24:24.504481+00
ACTIVE,2025-09-23,09:23:54,09:34:54,11,No,-,-,-,7ea55ef8-f9b7-46a2-9d98-ab1557f94f73,IMA E06,2025-10-01 03:24:31.74892+00
ACTIVE,2025-09-16,08:49:00,09:14:30,26,No,-,-,-,7ebb5624-a4e3-4744-9802-8f3af8c2b9b3,IMA E06,2025-10-01 03:24:29.128339+00
ACTIVE,2025-09-25,03:39:35,04:05:05,26,No,-,-,-,7ec778bc-c7cc-4b04-8d0a-291d1d07f8e6,IMA E06,2025-10-01 03:24:32.188922+00
INACTIVE,2025-09-18,22:23:45,22:24:50,1,Yes,-,-,-,7eca4f93-64bd-4f44-af70-d87831b70f4f,IMA E06,2025-10-01 03:24:30.005057+00
INACTIVE,2025-09-16,13:20:54,13:21:54,1,No,-,-,-,7ed78945-fb7f-4965-bcbd-5098f25a7aba,IMA E06,2025-10-01 03:24:29.128339+00
ACTIVE,2025-09-17,22:46:34,22:59:34,13,No,-,-,-,7ee57179-b85a-4fc0-9d47-f8b946447fdf,IMA T19,2025-10-01 03:24:22.877579+00
INACTIVE,2025-09-26,20:35:58,20:39:32,4,Yes,Mechanical General,307 Filter paper splicing failed,-,7ee66c63-3689-4b81-9700-320969fcd7ec,IMA E06,2025-10-01 03:24:33.059588+00
INACTIVE,2025-09-18,08:36:10,08:40:35,4,No,-,-,-,7f13bee4-6433-40ca-bd7d-846eccb151e5,IMA E06,2025-10-01 03:24:29.576452+00
INACTIVE,2025-09-15,06:55:01,06:58:12,3,No,-,-,-,7f19e877-3d63-4649-bb07-d85a3c74896d,IMA E06,2025-10-01 03:24:28.642092+00
INACTIVE,2025-09-27,22:52:13,00:00:00,68,No,-,-,-,7f1b9b62-a63a-4986-bb23-35b4fdfb99ca,IMA T19,2025-10-01 03:24:26.969994+00
ACTIVE,2025-09-18,10:31:43,10:42:43,11,No,-,-,-,7fcb6148-0ab1-497b-924e-bf3e567d6bdd,IMA T19,2025-10-01 03:24:23.397716+00
INACTIVE,2025-09-20,23:26:22,23:59:44,33,No,-,-,-,8025c010-c90b-435a-91ce-01f3a1e74c4f,IMA E06,2025-10-01 03:24:30.866611+00
ACTIVE,2025-09-15,21:23:42,21:39:42,16,No,-,-,-,80343bdc-cb0b-46b1-bfab-b06c35caa33b,IMA T19,2025-10-01 03:24:22.074365+00
ACTIVE,2025-09-29,20:09:19,20:11:49,2,No,-,-,-,80416d75-70df-4281-b247-9d1aedcc10fc,IMA T19,2025-10-01 03:24:28.198188+00
ACTIVE,2025-09-19,06:03:53,06:15:53,12,No,-,-,-,8050532d-f093-428c-baea-b32c465325b5,IMA E06,2025-10-01 03:24:30.005057+00
ACTIVE,2025-09-20,01:12:31,01:26:01,14,No,-,-,-,808202ab-40cf-492a-9482-06e9d01a3f6a,IMA E06,2025-10-01 03:24:30.437349+00
INACTIVE,2025-09-29,07:35:17,07:36:21,1,No,-,-,-,809705ce-4bb3-47f5-a84d-8fc6617d13ec,IMA E06,2025-10-01 03:24:33.928006+00
ACTIVE,2025-09-23,09:04:40,09:19:10,14,No,-,-,-,80a0d4f1-09e5-4700-97aa-fc334fb3df70,IMA E06,2025-10-01 03:24:31.74892+00
ACTIVE,2025-09-18,08:14:41,08:27:41,13,No,-,-,-,80a6cacc-8334-4135-a45d-6a3d774d79b5,IMA T19,2025-10-01 03:24:23.397716+00
INACTIVE,2025-09-25,16:36:02,17:16:32,40,No,-,-,-,80aab138-77ab-4ab6-a167-4545ad01731b,IMA E06,2025-10-01 03:24:32.624437+00
INACTIVE,2025-09-25,18:29:13,18:34:11,5,Yes,Mechanical General,307 Filter paper splicing failed,-,80ab6a11-d86d-46b6-ac0d-ad7c365c6052,IMA T19,2025-10-01 03:24:26.172856+00
ACTIVE,2025-09-16,14:14:03,14:45:03,31,No,-,-,-,80aef5c0-679c-4394-95e8-1c930a7ea686,IMA E06,2025-10-01 03:24:29.128339+00
INACTIVE,2025-09-18,15:59:52,16:01:18,1,No,-,-,-,80c51286-ae4a-4f0e-8301-1a51a809129c,IMA T19,2025-10-01 03:24:23.397716+00
ACTIVE,2025-09-26,06:12:19,06:14:19,2,No,-,-,-,80cf683b-1eac-42ab-bd13-ef81cb01dbc8,IMA T19,2025-10-01 03:24:26.172856+00
ACTIVE,2025-09-22,22:46:06,22:56:06,10,No,-,-,-,80e0f8a1-1cd0-4be7-9f3d-17b2569f2b1d,IMA T19,2025-10-01 03:24:25.118773+00
ACTIVE,2025-09-16,06:35:30,06:42:00,6,No,-,-,-,8109e425-199e-49ba-9b86-5b8851e4d554,IMA E06,2025-10-01 03:24:29.128339+00
ACTIVE,2025-09-23,16:00:04,16:15:04,15,No,-,-,-,811e9397-7d1c-4a30-b57f-4a0edccb94a9,IMA E06,2025-10-01 03:24:31.74892+00
ACTIVE,2025-09-26,18:43:33,19:02:33,19,No,-,-,-,813f2879-ade9-4c4a-ac24-4cf2d982c08a,IMA E06,2025-10-01 03:24:33.059588+00
INACTIVE,2025-09-17,15:11:57,15:31:02,19,No,-,-,-,81487557-73ef-4510-a307-3e29b935b385,IMA E06,2025-10-01 03:24:29.128339+00
ACTIVE,2025-09-20,12:39:37,12:44:37,5,No,-,-,-,819327ba-4339-43a2-b370-67e9bd96cc7a,IMA E06,2025-10-01 03:24:30.866611+00
ACTIVE,2025-09-25,18:44:24,18:57:24,13,No,-,-,-,81b55c95-bcdf-4078-a702-e5c552c3a35e,IMA T19,2025-10-01 03:24:26.172856+00
ACTIVE,2025-09-17,23:16:26,23:26:26,10,No,-,-,-,81c92fbe-5efa-45d3-a764-8dd26a1676c7,IMA T19,2025-10-01 03:24:22.877579+00
INACTIVE,2025-09-26,20:04:31,20:06:06,2,Yes,Mechanical General,307 Filter paper splicing failed,-,81f91bd3-3c58-44c4-acd9-cc7beb2e9696,IMA E06,2025-10-01 03:24:33.059588+00
ACTIVE,2025-09-16,04:46:36,05:14:36,28,No,-,-,-,82023c92-3c24-4901-9c74-775480f774ad,IMA E06,2025-10-01 03:24:29.128339+00
ACTIVE,2025-09-15,10:54:40,11:02:10,8,No,-,-,-,820c2851-d577-4705-a2df-c8c57eac5350,IMA E06,2025-10-01 03:24:28.642092+00
ACTIVE,2025-09-26,09:33:33,10:05:33,32,No,-,-,-,8214e387-9b9f-49c1-9382-a2eb33103d72,IMA E06,2025-10-01 03:24:33.059588+00
ACTIVE,2025-09-26,07:49:24,08:33:24,44,No,-,-,-,8218ed69-5779-410e-bfd3-05a743002c78,IMA T19,2025-10-01 03:24:26.172856+00
ACTIVE,2025-09-23,15:26:25,15:29:55,4,No,-,-,-,82281608-9535-4b08-bf1a-c333f23df0d5,IMA T19,2025-10-01 03:24:25.640136+00
ACTIVE,2025-09-18,12:16:07,12:19:37,4,No,-,-,-,8249bd1b-3149-4f1a-bf0e-73eddc6938d9,IMA T19,2025-10-01 03:24:23.397716+00
INACTIVE,2025-09-22,17:11:55,17:14:24,2,Yes,Breakdown (Unplanned),409 Divider not pick up,fixed by my self,824e23c0-2f04-4a92-9f27-ef736c93871c,IMA T19,2025-10-01 03:24:25.118773+00
INACTIVE,2025-09-24,08:26:55,09:31:54,65,Yes,Changeover / Setup,131 Change over,-,827d0978-7450-4551-89ad-e7b2ab06eb01,IMA T19,2025-10-01 03:24:25.640136+00
INACTIVE,2025-09-25,19:54:24,19:55:29,1,No,-,-,-,82849bb6-d7c2-47d7-81a2-bfc8fa3d7e60,IMA T19,2025-10-01 03:24:26.172856+00
ACTIVE,2025-09-27,10:48:22,10:59:22,11,No,-,-,-,82c43d2b-469b-4730-b835-94eecaf39acf,IMA T19,2025-10-01 03:24:26.969994+00
INACTIVE,2025-09-26,07:11:01,07:14:27,3,Yes,Material Shortage,304 No envelope,-,82cf671a-0efb-458f-8284-d21009407a3c,IMA E06,2025-10-01 03:24:33.059588+00
ACTIVE,2025-09-25,14:54:59,15:22:59,28,No,-,-,-,82dbc6dc-02b9-461d-ae81-7d608d0f2ae4,IMA T19,2025-10-01 03:24:26.172856+00
ACTIVE,2025-09-20,22:22:29,22:23:59,2,No,-,-,-,830c9aea-3397-4dc1-9008-c85980d0b3c6,IMA E06,2025-10-01 03:24:30.866611+00
INACTIVE,2025-09-24,10:45:47,12:21:52,96,Yes,Admin,137 Meeting,-,83191681-03b9-42e7-b7fc-1029a025f0ae,IMA T19,2025-10-01 03:24:25.640136+00
INACTIVE,2025-09-18,18:31:49,18:33:22,2,No,-,-,-,8320f838-5b0f-4fe0-83d8-57b5deae2c5e,IMA E06,2025-10-01 03:24:30.005057+00
INACTIVE,2025-09-29,23:20:18,23:28:47,8,Yes,-,-,-,832b7bca-dbca-4e49-a408-c2590e8e84a0,IMA T19,2025-10-01 03:24:28.198188+00
INACTIVE,2025-09-15,13:41:34,13:43:09,2,No,-,-,-,833311ab-668f-4eb1-ae35-5f077aedd626,IMA E06,2025-10-01 03:24:28.642092+00
INACTIVE,2025-09-16,07:07:36,07:08:41,1,No,-,-,-,8342e584-6b42-44e1-b3ad-2df81a73bf90,IMA E06,2025-10-01 03:24:29.128339+00
INACTIVE,2025-09-18,12:36:36,12:41:12,5,No,-,-,-,836ffb1d-1cad-4fd3-a14a-1bc11f9cd105,IMA T19,2025-10-01 03:24:23.397716+00
INACTIVE,2025-09-15,18:28:46,18:30:22,2,No,-,-,-,839ac503-8c63-4367-97f4-7ca0276b41db,IMA E06,2025-10-01 03:24:28.642092+00
ACTIVE,2025-09-23,02:38:45,02:41:15,2,No,-,-,-,83c9d256-7165-4023-ab4a-12d081b5352c,IMA E06,2025-10-01 03:24:31.310218+00
INACTIVE,2025-09-24,13:54:15,13:55:52,2,Yes,Material Shortage,304 No envelope,-,83d156e9-e6d8-4fbf-8101-790e2a33ce46,IMA E06,2025-10-01 03:24:32.188922+00
ACTIVE,2025-09-24,12:22:10,12:31:10,9,No,-,-,-,8414c526-4807-4e49-8578-9ee7e196a291,IMA E06,2025-10-01 03:24:32.188922+00
ACTIVE,2025-09-20,18:51:46,18:53:16,2,No,-,-,-,84159c0b-9876-444b-bc4f-ed12c41b8e2a,IMA T19,2025-10-01 03:24:24.504481+00
ACTIVE,2025-09-29,14:56:54,15:03:24,6,No,-,-,-,8422ac67-ceb8-43da-81e5-37ab4211a2d6,IMA E06,2025-10-01 03:24:34.339012+00
ACTIVE,2025-09-17,20:57:38,21:02:08,4,No,-,-,-,84285fc9-9c7b-428c-8fde-9e8536e31d38,IMA T19,2025-10-01 03:24:22.877579+00
ACTIVE,2025-09-30,13:56:05,14:03:35,8,No,-,-,-,8431d5cd-4113-4cf7-9d32-a374871393f0,IMA T19,2025-10-01 03:24:28.198188+00
ACTIVE,2025-09-29,17:37:13,17:38:13,1,No,-,-,-,8444758c-9553-4a31-b07e-229e24942217,IMA E06,2025-10-01 03:24:34.339012+00
INACTIVE,2025-09-20,02:59:57,03:01:32,2,No,-,-,-,8448e978-ca99-4b90-a898-d8ffd8d68434,IMA E06,2025-10-01 03:24:30.437349+00
ACTIVE,2025-09-19,20:44:44,20:55:14,10,No,-,-,-,8449bdfc-d843-4479-a39a-4ff8bba634da,IMA E06,2025-10-01 03:24:30.437349+00
ACTIVE,2025-09-16,14:16:47,00:00:00,583,No,-,-,-,844d9dfe-c919-4fb4-8f83-6436996467fb,IMA T19,2025-10-01 03:24:22.877579+00
ACTIVE,2025-09-30,16:49:44,17:04:14,14,No,-,-,-,84507aee-dd9d-42c8-a5ab-9c9a7a3a6ac5,IMA T19,2025-10-01 03:24:28.198188+00
INACTIVE,2025-09-23,19:56:22,20:56:23,60,No,-,-,-,84559849-3beb-4380-9a04-8734d8b385b5,IMA T19,2025-10-01 03:24:25.640136+00
ACTIVE,2025-09-17,21:43:01,22:23:31,40,No,-,-,-,8458ec05-de92-4421-a57f-707ab65690d2,IMA E06,2025-10-01 03:24:29.576452+00
INACTIVE,2025-09-22,07:12:46,07:17:49,5,Yes,Packaging / Material Issues,310 Tea bag Falling,-,8489742a-fa22-4586-af04-6489c96095e1,IMA E06,2025-10-01 03:24:30.866611+00
INACTIVE,2025-09-25,12:16:55,12:20:59,4,No,-,-,-,84a7a8bf-defd-458b-bf21-070f19e580ff,IMA E06,2025-10-01 03:24:32.624437+00
INACTIVE,2025-09-29,11:10:20,12:14:24,64,Yes,Admin,142 Break time,-,84dd5d91-62e5-43b1-a346-3fd61a782635,IMA T19,2025-10-01 03:24:27.585911+00
ACTIVE,2025-09-18,13:56:20,13:59:50,4,No,-,-,-,84e319b1-2bfa-45ae-a601-3225adfece48,IMA E06,2025-10-01 03:24:30.005057+00
INACTIVE,2025-09-30,13:53:03,13:54:58,2,Yes,-,-,-,84ff61d0-0d64-4e10-a97c-c7e302153de6,IMA T19,2025-10-01 03:24:28.198188+00
INACTIVE,2025-09-29,17:21:31,17:23:03,2,Yes,-,-,-,84ff8838-b894-4373-ba73-3cdcca8d7456,IMA T19,2025-10-01 03:24:27.585911+00
ACTIVE,2025-09-22,14:55:35,15:10:35,15,No,-,-,-,85168d5d-ca8a-4b6c-980b-d035ce35b082,IMA E06,2025-10-01 03:24:31.310218+00
INACTIVE,2025-09-30,20:08:23,20:36:53,28,Yes,-,-,-,852a5a25-79db-4234-8a6a-8a5c6fa05a6f,IMA T19,2025-10-01 03:24:28.198188+00
INACTIVE,2025-09-23,08:35:47,08:36:51,1,Yes,Packaging / Material Issues,349 Tag dettached from teabag,-,853ebc76-53ee-4b12-922c-0497235f84c0,IMA E06,2025-10-01 03:24:31.310218+00
ACTIVE,2025-09-15,17:06:25,17:07:25,1,No,-,-,-,854ef37f-c1c1-4f11-9409-1da4a4105c19,IMA E06,2025-10-01 03:24:28.642092+00
INACTIVE,2025-09-30,11:23:32,12:36:32,73,No,-,-,-,8552f0ba-c911-40d8-bf99-e77679f90e00,IMA T19,2025-10-01 03:24:28.198188+00
ACTIVE,2025-09-27,14:39:15,14:52:45,14,No,-,-,-,85926a01-f6cc-4487-8b65-be1ed5e5d961,IMA T19,2025-10-01 03:24:26.969994+00
ACTIVE,2025-09-26,14:52:36,14:57:06,4,No,-,-,-,8598f721-99ef-479e-b0eb-c7e5af94170d,IMA T19,2025-10-01 03:24:26.172856+00
INACTIVE,2025-09-25,13:03:17,13:05:36,2,Yes,Structure & Alignment,877-PACK Faulty filter paper alignment system,-,85af6cea-5048-4a7d-b7a8-7f7dad36b17c,IMA T19,2025-10-01 03:24:26.172856+00
ACTIVE,2025-09-25,13:50:28,14:05:58,16,No,-,-,-,85ecd88c-8785-416a-b4ff-e2d9c373e85a,IMA T19,2025-10-01 03:24:26.172856+00
INACTIVE,2025-09-20,08:08:36,08:12:34,4,No,-,-,-,85f10003-aa14-4eac-95d3-e573126f2bf8,IMA T19,2025-10-01 03:24:24.504481+00
ACTIVE,2025-09-17,19:27:36,19:32:06,4,No,-,-,-,862815c7-91b7-4760-be90-cd4a0c5f09ca,IMA T19,2025-10-01 03:24:22.877579+00
ACTIVE,2025-09-23,14:26:54,14:43:24,16,No,-,-,-,863172a2-3e21-4127-958e-1224f2582425,IMA T19,2025-10-01 03:24:25.640136+00
ACTIVE,2025-09-19,18:52:19,19:14:49,22,No,-,-,-,864ecba6-4b89-4480-8c81-1cd1a10c0eb0,IMA E06,2025-10-01 03:24:30.437349+00
INACTIVE,2025-09-27,22:45:47,22:47:52,2,Yes,-,-,-,865405a3-b0c4-45f1-9663-d16ef67674cc,IMA E06,2025-10-01 03:24:33.48849+00
ACTIVE,2025-09-24,09:44:18,09:45:18,1,No,-,-,-,866fb5c8-6a09-40c2-afad-99efa488e997,IMA E06,2025-10-01 03:24:32.188922+00
INACTIVE,2025-09-24,06:22:51,06:23:56,1,Yes,Material Shortage,304 No envelope,-,86aa22f8-b39b-4428-a011-caf9ae964927,IMA E06,2025-10-01 03:24:32.188922+00
ACTIVE,2025-09-23,13:45:04,13:51:34,6,No,-,-,-,87025b54-5702-4238-baf3-f3ce0a6dc727,IMA E06,2025-10-01 03:24:31.74892+00
ACTIVE,2025-09-26,14:27:58,14:35:28,8,No,-,-,-,87518e2e-f834-49b3-ace3-9c43ea3e70e8,IMA E06,2025-10-01 03:24:33.059588+00
INACTIVE,2025-09-27,06:44:09,06:45:13,1,No,-,-,-,8763d307-d728-4342-9c76-9b08438ab999,IMA E06,2025-10-01 03:24:33.48849+00
INACTIVE,2025-09-18,16:10:05,16:14:41,5,No,-,-,-,876c7b80-3827-4b0f-9ddb-d773ac8e724e,IMA T19,2025-10-01 03:24:23.397716+00
ACTIVE,2025-09-24,07:15:28,07:19:28,4,No,-,-,-,8771f51d-aaad-45de-aeee-4755fe9c31d0,IMA E06,2025-10-01 03:24:32.188922+00
ACTIVE,2025-09-20,03:26:17,03:28:47,2,No,-,-,-,8777ad19-24d6-4216-95be-bdcf3f58d716,IMA E06,2025-10-01 03:24:30.437349+00
ACTIVE,2025-09-16,13:28:44,13:30:14,2,No,-,-,-,877aaccd-b2f4-4418-b597-c421727e3bdb,IMA E06,2025-10-01 03:24:29.128339+00
ACTIVE,2025-09-24,05:52:52,06:22:22,30,No,-,-,-,8788de61-46ea-4b2a-8ff3-e01d69ac235d,IMA E06,2025-10-01 03:24:32.188922+00
ACTIVE,2025-09-24,21:58:05,22:06:05,8,No,-,-,-,87935139-d5d1-4ccb-a9d9-002158fcc9cd,IMA T19,2025-10-01 03:24:26.172856+00
ACTIVE,2025-09-29,14:08:37,14:20:37,12,No,-,-,-,87e77708-3618-4c02-bc37-7ddc6156b47e,IMA T19,2025-10-01 03:24:27.585911+00
ACTIVE,2025-09-18,00:07:13,00:13:13,6,No,-,-,-,87f0cb33-b76d-4b5f-9ae9-8a38aecbaa53,IMA E06,2025-10-01 03:24:29.576452+00
ACTIVE,2025-09-23,17:49:36,18:08:36,19,No,-,-,-,880ae8be-94fb-49e3-a020-fb7b822e52f6,IMA T19,2025-10-01 03:24:25.640136+00
INACTIVE,2025-09-26,03:39:11,03:54:05,15,Yes,Admin,128 Daily CLIRT,-,88340b58-8c90-48bd-8c27-fcef77140419,IMA E06,2025-10-01 03:24:33.059588+00
ACTIVE,2025-09-19,04:22:31,04:51:01,28,No,-,-,-,8855b1e3-dd87-472f-86d9-9013b41fa0e0,IMA E06,2025-10-01 03:24:30.005057+00
INACTIVE,2025-09-16,11:00:10,11:01:15,1,No,-,-,-,8863e095-f3e4-4650-82ae-925cc2ea9ff3,IMA E06,2025-10-01 03:24:29.128339+00
INACTIVE,2025-09-29,17:04:33,17:06:38,2,Yes,-,-,-,8880de35-8329-4448-86e6-e8337203b05f,IMA E06,2025-10-01 03:24:34.339012+00
ACTIVE,2025-09-18,04:53:56,05:19:56,26,No,-,-,-,889f0511-9642-4349-bcb2-71c278040df5,IMA E06,2025-10-01 03:24:29.576452+00
ACTIVE,2025-09-24,01:08:11,01:09:41,2,No,-,-,-,88b7b9f4-667a-4ccf-b17b-007ed669a0e9,IMA E06,2025-10-01 03:24:31.74892+00
INACTIVE,2025-09-23,05:57:51,06:10:25,13,No,-,-,-,88c20eda-5647-4a57-b352-aee46041acd2,IMA E06,2025-10-01 03:24:31.310218+00
INACTIVE,2025-09-15,22:17:45,22:24:53,7,No,-,-,-,88db252b-405e-4af5-b757-507ffbfb67b8,IMA T19,2025-10-01 03:24:22.074365+00
INACTIVE,2025-09-19,00:11:53,00:13:23,2,No,-,-,-,89035ca5-c5b8-4078-91ff-b5a5de247035,IMA E06,2025-10-01 03:24:30.005057+00
ACTIVE,2025-09-18,06:39:09,06:40:09,1,No,-,-,-,891872ed-458f-469c-9113-5f0d222518c5,IMA E06,2025-10-01 03:24:29.576452+00
INACTIVE,2025-09-29,12:53:07,12:54:12,1,No,-,-,-,893e1969-d210-4221-9740-6428a6473d79,IMA E06,2025-10-01 03:24:33.928006+00
ACTIVE,2025-09-29,06:37:35,06:43:35,6,No,-,-,-,8965876b-0364-408c-99ff-46678c717938,IMA E06,2025-10-01 03:24:33.928006+00
INACTIVE,2025-09-18,02:32:10,02:33:10,1,No,-,-,-,8975821d-9cbf-445c-a8b6-f5c239c9837f,IMA E06,2025-10-01 03:24:29.576452+00
INACTIVE,2025-09-22,13:12:41,13:14:45,2,Yes,Mechanical General,342 Thread not in place on chrochet,-,89842a7f-ac16-4282-bdec-657efbec9a97,IMA E06,2025-10-01 03:24:31.310218+00
INACTIVE,2025-09-16,10:44:17,10:45:21,1,No,-,-,-,898d372b-85bc-4bdd-879b-54dcd8b24cd4,IMA T19,2025-10-01 03:24:22.074365+00
ACTIVE,2025-09-17,12:38:58,12:42:28,4,No,-,-,-,898ee4a8-bf4d-4eaa-956a-3b4ad19c4921,IMA E06,2025-10-01 03:24:29.128339+00
ACTIVE,2025-09-25,08:30:05,09:26:05,56,No,-,-,-,89b4a09f-f2cc-4805-9375-b3d68e495468,IMA T19,2025-10-01 03:24:26.172856+00
ACTIVE,2025-09-23,22:13:36,22:15:06,2,No,-,-,-,89c2df1d-328f-424d-b127-a5421545f96b,IMA T19,2025-10-01 03:24:25.640136+00
ACTIVE,2025-09-18,12:28:14,12:33:44,6,No,-,-,-,89f5373b-484a-45e4-8169-96f24b4263fb,IMA T19,2025-10-01 03:24:23.397716+00
INACTIVE,2025-09-26,14:25:48,14:27:53,2,Yes,Mechanical General,400 Excess glue,-,8a1c4b68-7fbc-4312-a0a2-e6cb60e152e8,IMA E06,2025-10-01 03:24:33.059588+00
ACTIVE,2025-09-24,19:42:18,19:54:49,13,No,-,-,-,8a38b86d-22cd-497d-8cfe-a4446a0d41b7,IMA E06,2025-10-01 03:24:32.188922+00
INACTIVE,2025-09-25,20:41:49,21:42:54,61,Yes,Admin,858 BREAK TIME,-,8a3ec33c-f7ee-4f45-ba6e-68ec81f047eb,IMA E06,2025-10-01 03:24:32.624437+00
ACTIVE,2025-09-24,03:52:44,04:24:44,32,No,-,-,-,8a3f79a0-4b25-4b41-8533-e782fb9634d7,IMA E06,2025-10-01 03:24:31.74892+00
ACTIVE,2025-09-27,19:05:50,19:08:20,2,No,-,-,-,8a47974c-2f7c-43a9-a6cb-c90b0d591f53,IMA E06,2025-10-01 03:24:33.48849+00
INACTIVE,2025-09-26,23:29:54,00:00:00,30,No,-,-,-,8a6570b2-97a9-420b-b2aa-64d32c3903c7,IMA T19,2025-10-01 03:24:26.969994+00
ACTIVE,2025-09-30,07:00:43,07:17:13,16,No,-,-,-,8a6cabe1-162c-45d6-97cc-fba6b4349d16,IMA T19,2025-10-01 03:24:28.198188+00
INACTIVE,2025-09-17,10:09:58,10:11:21,1,No,-,-,-,8a7173d6-ecd6-4739-9356-ca7885f967ee,IMA T19,2025-10-01 03:24:22.877579+00
ACTIVE,2025-09-23,14:11:23,14:12:23,1,No,-,-,-,8acbc75e-43f1-49cd-a08f-aecb21d41247,IMA E06,2025-10-01 03:24:31.74892+00
ACTIVE,2025-09-30,19:36:06,19:50:06,14,No,-,-,-,8acbd53a-8c0e-42e2-842b-8aaeda879d49,IMA T19,2025-10-01 03:24:28.198188+00
ACTIVE,2025-09-16,13:23:19,13:26:19,3,No,-,-,-,8aebba45-bec5-4662-aaf1-1bdc4f5f26ff,IMA E06,2025-10-01 03:24:29.128339+00
INACTIVE,2025-09-29,09:00:46,09:02:16,2,No,-,-,-,8af6c3da-8cfb-4ae1-ac72-d0dde1f43c66,IMA E06,2025-10-01 03:24:33.928006+00
ACTIVE,2025-09-27,12:20:52,12:55:22,34,No,-,-,-,8b0b3823-f4ff-4a9a-9924-c104191d186d,IMA E06,2025-10-01 03:24:33.48849+00
INACTIVE,2025-09-20,03:08:21,03:09:54,2,No,-,-,-,8b1b5724-4a0e-4c80-9d27-3384fd49d1e8,IMA E06,2025-10-01 03:24:30.437349+00
INACTIVE,2025-09-16,09:15:07,09:17:12,2,No,-,-,-,8b32ed52-71ca-4b0d-9800-fce4563ab944,IMA T19,2025-10-01 03:24:22.074365+00
INACTIVE,2025-09-17,15:25:45,15:27:50,2,No,-,-,-,8b5411c7-5e58-4d63-b18d-35727357b3ef,IMA T19,2025-10-01 03:24:22.877579+00
INACTIVE,2025-09-25,03:17:10,03:18:15,1,No,-,-,-,8bb027e7-7973-4be0-9878-18fd0692fa86,IMA E06,2025-10-01 03:24:32.188922+00
INACTIVE,2025-09-27,20:19:59,21:13:32,54,No,-,-,-,8bd4f05d-dfa2-4540-8722-721fe0ad04db,IMA E06,2025-10-01 03:24:33.48849+00
INACTIVE,2025-09-15,22:25:09,22:27:42,3,Yes,Admin,123 Delay in PO issuance,this is a test 456,8bd50570-0fd8-4f37-87ee-8631ae3c3b07,IMA T19,2025-10-01 03:24:22.074365+00
ACTIVE,2025-09-16,09:15:44,09:32:14,16,No,-,-,-,8bdc57b9-7810-4abd-ba88-82af8d088b9d,IMA E06,2025-10-01 03:24:29.128339+00
ACTIVE,2025-09-15,19:58:31,20:28:01,30,No,-,-,-,8befdda9-ec03-4865-9d60-a4fc406c1f54,IMA E06,2025-10-01 03:24:28.642092+00
ACTIVE,2025-09-17,10:13:16,10:20:16,7,No,-,-,-,8bf5a38d-e7a6-4104-b0b1-cb3c80a3970d,IMA T19,2025-10-01 03:24:22.877579+00
ACTIVE,2025-09-24,13:56:08,14:02:38,6,No,-,-,-,8c1d542d-a764-4479-9282-27913a0c62bd,IMA E06,2025-10-01 03:24:32.188922+00
ACTIVE,2025-09-20,12:45:40,12:48:10,2,No,-,-,-,8c329f2a-c008-4608-b1a7-4e97a0a7adb4,IMA E06,2025-10-01 03:24:30.866611+00
ACTIVE,2025-09-20,17:53:28,17:57:28,4,No,-,-,-,8c8a2dc6-49a7-4bcc-80ce-5baeb07797a8,IMA E06,2025-10-01 03:24:30.866611+00
INACTIVE,2025-09-16,00:00:00,00:21:47,22,No,-,-,-,8c95e97b-4304-47de-8c10-f8ab0d25cd74,IMA E06,2025-10-01 03:24:28.642092+00
INACTIVE,2025-09-16,13:31:14,13:32:57,2,No,-,-,-,8cd05bd9-2723-4d10-9da3-8d2d6cea6700,IMA E06,2025-10-01 03:24:29.128339+00
INACTIVE,2025-09-30,16:34:35,16:40:14,6,Yes,Mechanical General,307 Filter paper splicing failed,-,8d00b4cf-f991-449e-a469-fd7b3b53d776,IMA T19,2025-10-01 03:24:28.198188+00
ACTIVE,2025-09-24,10:23:10,10:27:40,4,No,-,-,-,8d35cf93-cf4f-4f4a-b586-6e91af7f5f1d,IMA E06,2025-10-01 03:24:32.188922+00
INACTIVE,2025-09-24,06:33:57,06:35:01,1,Yes,Mechanical General,342 Thread not in place on chrochet,-,8d3643af-b19a-4936-ab22-43448362807c,IMA E06,2025-10-01 03:24:32.188922+00
ACTIVE,2025-09-29,14:25:21,14:31:21,6,No,-,-,-,8d3e1849-ab53-4749-9f6d-11dafee8614b,IMA E06,2025-10-01 03:24:34.339012+00
ACTIVE,2025-09-20,17:28:26,17:48:26,20,No,-,-,-,8d63cb97-af2e-49f8-b541-b217d6d81d4b,IMA E06,2025-10-01 03:24:30.866611+00
ACTIVE,2025-09-29,06:19:42,06:22:12,2,No,-,-,-,8d962a35-33bd-41d2-909e-e45ea4538c46,IMA E06,2025-10-01 03:24:33.928006+00
ACTIVE,2025-09-17,18:51:09,19:01:39,10,No,-,-,-,8daaccfb-5d62-452f-a385-1a96d6eb2833,IMA E06,2025-10-01 03:24:29.576452+00
ACTIVE,2025-09-15,08:36:40,09:23:40,47,No,-,-,-,8db270d7-3e55-4464-931e-dc59c5baed94,IMA T19,2025-10-01 03:24:22.074365+00
INACTIVE,2025-09-24,00:00:00,08:06:45,487,No,-,-,-,8dc7b6d2-8f6e-473f-80ea-be67c886d858,IMA T19,2025-10-01 03:24:25.640136+00
ACTIVE,2025-09-20,10:36:36,10:45:36,9,No,-,-,-,8dcabe00-efc7-40ef-9a9f-1860dc5f9b73,IMA T19,2025-10-01 03:24:24.504481+00
ACTIVE,2025-09-27,10:39:46,10:42:16,2,No,-,-,-,8dcd2704-05d5-4be1-b28f-80ac71ddb9af,IMA T19,2025-10-01 03:24:26.969994+00
INACTIVE,2025-09-22,06:48:25,06:50:29,2,No,-,-,-,8df67d31-9ffe-4828-9995-9519caedaf05,IMA E06,2025-10-01 03:24:30.866611+00
ACTIVE,2025-09-29,22:44:14,23:17:44,34,No,-,-,-,8e0e8dd5-4744-470b-9fa9-9a9008ad6095,IMA T19,2025-10-01 03:24:28.198188+00
ACTIVE,2025-09-25,20:58:31,21:00:31,2,No,-,-,-,8e2f3087-4ef0-4292-ac9a-d59edfb2e336,IMA T19,2025-10-01 03:24:26.172856+00
ACTIVE,2025-09-22,22:24:25,22:25:55,2,No,-,-,-,8e43e2d5-5a74-45aa-93e6-6c4a46b276c1,IMA T19,2025-10-01 03:24:25.118773+00
ACTIVE,2025-09-17,14:37:13,14:38:43,2,No,-,-,-,8e974417-1bb1-4686-8342-33431a2afc8c,IMA E06,2025-10-01 03:24:29.128339+00
INACTIVE,2025-09-29,14:32:44,14:33:49,1,Yes,-,-,-,8e9a19d3-1d73-4847-8e4f-cb92a8cff239,IMA E06,2025-10-01 03:24:34.339012+00
INACTIVE,2025-09-27,17:33:44,17:35:32,2,No,-,-,-,8ea13d94-adaa-4db0-9545-c1c17a4bd77b,IMA T19,2025-10-01 03:24:26.969994+00
INACTIVE,2025-09-17,13:22:25,13:28:07,6,No,-,-,-,8ea177d4-0040-400d-a45b-6414687d8180,IMA T19,2025-10-01 03:24:22.877579+00
ACTIVE,2025-09-19,14:59:15,15:02:15,3,No,-,-,-,8ec1087e-a3d4-4260-a737-cd2e660ac7cf,IMA T19,2025-10-01 03:24:23.908734+00
ACTIVE,2025-09-27,16:15:48,16:25:48,10,No,-,-,-,8ef2ea72-67fb-4e3a-8a66-9a896a79af24,IMA T19,2025-10-01 03:24:26.969994+00
INACTIVE,2025-09-20,08:13:53,08:19:27,6,Yes,Planned Maintenance,145 Machine cleaning,sealer cleaning,8efa29e7-400b-445b-8510-a95aa73e943c,IMA E06,2025-10-01 03:24:30.437349+00
ACTIVE,2025-09-18,06:51:17,07:15:17,24,No,-,-,-,8efe6cba-3084-417c-baa5-27a7fc42eb38,IMA T19,2025-10-01 03:24:23.397716+00
INACTIVE,2025-09-26,22:43:40,22:44:40,1,No,-,-,-,8f21bc2c-05c4-41b3-b230-3ab609b03b44,IMA E06,2025-10-01 03:24:33.48849+00
ACTIVE,2025-09-18,13:38:41,13:43:11,4,No,-,-,-,8f53e6aa-f227-4c34-9438-8445543338d9,IMA T19,2025-10-01 03:24:23.397716+00
ACTIVE,2025-09-24,14:38:39,15:10:09,32,No,-,-,-,8f8b5e26-0e7e-4106-ac32-8be3d9138727,IMA E06,2025-10-01 03:24:32.188922+00
ACTIVE,2025-09-25,19:30:22,19:34:52,4,No,-,-,-,8faf2456-e176-4af2-bcd2-ac745e130a56,IMA E06,2025-10-01 03:24:32.624437+00
INACTIVE,2025-09-29,19:32:39,19:36:42,4,Yes,-,-,-,8fbcb2e7-048a-407d-9ced-e93fa29be5c3,IMA T19,2025-10-01 03:24:27.585911+00
ACTIVE,2025-09-29,09:45:53,09:50:23,4,No,-,-,-,8fc4ca63-7faa-482d-8739-2f0ca1cf4900,IMA E06,2025-10-01 03:24:33.928006+00
INACTIVE,2025-09-27,23:11:24,23:12:29,1,No,-,-,-,8fc813ec-0eb2-43d9-9210-44f9dbe57a08,IMA E06,2025-10-01 03:24:33.928006+00
INACTIVE,2025-09-18,12:32:18,12:33:22,1,No,-,-,-,8fcf72bb-a50f-436d-8c61-606256f99c7a,IMA E06,2025-10-01 03:24:30.005057+00
ACTIVE,2025-09-15,14:43:26,15:44:56,62,No,-,-,-,8ffa2f0d-93a5-43da-bc28-923c9b859cad,IMA T19,2025-10-01 03:24:22.074365+00
ACTIVE,2025-09-20,12:53:16,13:02:46,10,No,-,-,-,90114a4b-a73e-4127-928b-685847c93298,IMA E06,2025-10-01 03:24:30.866611+00
INACTIVE,2025-09-27,22:51:52,22:53:02,1,Yes,-,-,-,9037b120-e24c-4063-bbc5-5be2dd728f63,IMA E06,2025-10-01 03:24:33.48849+00
ACTIVE,2025-09-23,04:39:27,04:40:27,1,No,-,-,-,904a6bae-a061-4caf-8613-60dca0f40c88,IMA E06,2025-10-01 03:24:31.310218+00
ACTIVE,2025-09-23,05:56:20,05:57:50,2,No,-,-,-,904ae0e1-5f85-4cca-a3a7-9ae5323ef50d,IMA E06,2025-10-01 03:24:31.310218+00
ACTIVE,2025-09-30,16:42:15,16:49:15,7,No,-,-,-,9056d753-b2b7-4115-adcc-90fcb63d4207,IMA T19,2025-10-01 03:24:28.198188+00
ACTIVE,2025-09-17,15:31:32,15:45:32,14,No,-,-,-,9063ffe6-0c3e-44d6-b148-141a1772f4e1,IMA E06,2025-10-01 03:24:29.128339+00
ACTIVE,2025-09-23,13:05:55,13:23:55,18,No,-,-,-,90a42a00-cc7f-49d8-b032-31db420f9e96,IMA T19,2025-10-01 03:24:25.118773+00
INACTIVE,2025-09-30,18:14:28,18:17:03,3,Yes,-,-,-,90d44000-0ce7-40a6-b8d5-f1dccdc3e9ba,IMA T19,2025-10-01 03:24:28.198188+00
ACTIVE,2025-09-19,21:55:40,22:06:10,10,No,-,-,-,90d83249-e008-45de-a280-52e101dcf63f,IMA E06,2025-10-01 03:24:30.437349+00
ACTIVE,2025-09-19,13:49:13,13:51:43,2,No,-,-,-,90d9c8a4-4585-416a-b7c1-94daa0a62f3c,IMA T19,2025-10-01 03:24:23.908734+00
ACTIVE,2025-09-27,18:16:07,18:38:37,22,No,-,-,-,90ec92f1-462b-4db5-993c-5c32d57697b9,IMA E06,2025-10-01 03:24:33.48849+00
ACTIVE,2025-09-23,15:16:10,15:17:40,2,No,-,-,-,90f30620-206b-4d05-a702-fdef0de0d242,IMA T19,2025-10-01 03:24:25.640136+00
INACTIVE,2025-09-29,06:23:19,06:24:19,1,No,-,-,-,9118ca12-090e-4acd-bec0-33b171176f1a,IMA E06,2025-10-01 03:24:33.928006+00
INACTIVE,2025-09-18,11:10:53,12:13:58,63,Yes,-,-,-,91616217-89fa-4338-bbb0-b28f8848b832,IMA E06,2025-10-01 03:24:29.576452+00
INACTIVE,2025-09-27,17:46:34,17:56:35,10,Yes,Mechanical General,307 Filter paper splicing failed,Dancing roller fixed by Technician,91754676-b22d-4840-ac3c-763790bd5bb0,IMA T19,2025-10-01 03:24:26.969994+00
ACTIVE,2025-09-19,17:22:32,17:29:02,6,No,-,-,-,91c1d532-d9b9-4f9e-ad10-a08d6e97d38d,IMA E06,2025-10-01 03:24:30.437349+00
INACTIVE,2025-09-15,21:57:03,21:58:07,1,No,-,-,-,91cc5fe0-584b-4e03-9791-d3f93cf88262,IMA T19,2025-10-01 03:24:22.074365+00
INACTIVE,2025-09-16,03:22:06,03:23:10,1,No,-,-,-,91ed7347-7b83-405b-ae71-25c07c0d47ef,IMA E06,2025-10-01 03:24:29.128339+00
ACTIVE,2025-09-25,17:15:17,18:04:17,49,No,-,-,-,9216bdf4-b87c-4720-915a-f34cefab0e12,IMA T19,2025-10-01 03:24:26.172856+00
ACTIVE,2025-09-24,09:58:43,10:22:43,24,No,-,-,-,92485a30-9ce9-41e1-b7df-abed28df2cbc,IMA T19,2025-10-01 03:24:25.640136+00
INACTIVE,2025-09-16,06:33:25,06:34:30,1,No,-,-,-,926057a6-6fbb-4dcd-9f43-d316e57b600b,IMA E06,2025-10-01 03:24:29.128339+00
ACTIVE,2025-09-26,01:34:08,01:55:38,22,No,-,-,-,92b0eba0-825e-4dc3-9d36-b16c2d9b1dca,IMA E06,2025-10-01 03:24:33.059588+00
ACTIVE,2025-09-17,23:16:59,00:00:00,43,No,-,-,-,92d3eab1-1b04-4487-983a-25b9abc81427,IMA E06,2025-10-01 03:24:29.576452+00
INACTIVE,2025-09-23,09:42:18,09:43:48,2,Yes,Packaging / Material Issues,406 Box not pick up,-,92e1075f-7fc8-43ec-996f-a31e255eef20,IMA E06,2025-10-01 03:24:31.74892+00
ACTIVE,2025-09-22,21:32:24,22:01:24,29,No,-,-,-,92e6d8c5-11b5-4cc0-b310-7d3d8897b654,IMA T19,2025-10-01 03:24:25.118773+00
ACTIVE,2025-09-18,06:09:29,06:23:29,14,No,-,-,-,9310a317-b13d-48b4-b544-ff26d95551cf,IMA E06,2025-10-01 03:24:29.576452+00
INACTIVE,2025-09-25,22:07:35,22:08:35,1,No,-,-,-,933b5ce3-9d98-4fa8-b0ee-cda15ed4a9b4,IMA E06,2025-10-01 03:24:32.624437+00
INACTIVE,2025-09-22,12:47:13,12:48:15,1,No,-,-,-,9343870f-c753-4c84-921f-57478458c902,IMA T19,2025-10-01 03:24:25.118773+00
INACTIVE,2025-09-17,10:27:50,10:31:55,4,No,-,-,-,934e1382-51bb-4700-974f-b848a1ebccef,IMA T19,2025-10-01 03:24:22.877579+00
ACTIVE,2025-09-17,12:20:24,12:27:54,8,No,-,-,-,93644a29-ab83-4e09-bc74-a48f71482cbf,IMA T19,2025-10-01 03:24:22.877579+00
ACTIVE,2025-09-30,20:06:49,20:08:19,2,No,-,-,-,936f6541-5809-4d8e-9db9-9d42ce9326bf,IMA T19,2025-10-01 03:24:28.198188+00
ACTIVE,2025-09-19,16:43:37,16:53:37,10,No,-,-,-,93891c41-906b-4851-b427-81c0911c45b7,IMA T19,2025-10-01 03:24:23.908734+00
INACTIVE,2025-09-27,23:21:36,23:59:36,38,No,-,-,-,93a3f299-6ac9-4780-b0d8-20d2061ee78b,IMA E06,2025-10-01 03:24:33.928006+00
INACTIVE,2025-09-29,10:38:03,10:40:02,2,Yes,-,-,-,93d85858-9a35-4b9c-8b64-faeb228a3416,IMA E06,2025-10-01 03:24:33.928006+00
INACTIVE,2025-09-23,07:41:28,07:42:28,1,No,-,-,-,93f0b374-cd08-4511-98c1-11054d8edc9f,IMA T19,2025-10-01 03:24:25.118773+00
ACTIVE,2025-09-26,01:17:45,01:33:15,16,No,-,-,-,93f4b024-0bde-4467-97e8-e9231e21017f,IMA E06,2025-10-01 03:24:33.059588+00
ACTIVE,2025-09-26,14:32:29,14:51:29,19,No,-,-,-,93f6eb09-0608-4d35-8171-fa9a353a78ed,IMA T19,2025-10-01 03:24:26.172856+00
ACTIVE,2025-09-18,15:48:11,15:51:11,3,No,-,-,-,93f8f5f6-5a34-442c-9d58-30480f63c259,IMA T19,2025-10-01 03:24:23.397716+00
INACTIVE,2025-09-27,00:31:05,00:32:23,1,No,-,-,-,94047c77-f475-4a0c-b8d2-7cae4584c24c,IMA E06,2025-10-01 03:24:33.48849+00
INACTIVE,2025-09-18,04:06:11,04:07:12,1,No,-,-,-,94055ae4-d6a1-4978-ae9e-0537f4a8d02d,IMA E06,2025-10-01 03:24:29.576452+00
ACTIVE,2025-09-26,09:23:15,09:41:15,18,No,-,-,-,9412ddf4-b2f2-429b-a3ba-38e253f40222,IMA T19,2025-10-01 03:24:26.172856+00
ACTIVE,2025-09-22,17:42:49,17:46:19,4,No,-,-,-,94443940-0e0f-41db-bb8d-2c41015b4041,IMA T19,2025-10-01 03:24:25.118773+00
ACTIVE,2025-09-23,16:27:56,16:42:56,15,No,-,-,-,946e65a9-f43b-4c80-98ef-ca5f246d2975,IMA T19,2025-10-01 03:24:25.640136+00
INACTIVE,2025-09-25,15:03:59,15:07:04,3,Yes,Changeover / Setup,131 Change over,-,949942ae-a0ab-4ace-95a1-49f94c9b1c96,IMA E06,2025-10-01 03:24:32.624437+00
INACTIVE,2025-09-18,10:45:34,10:47:04,2,No,-,-,-,949be79b-fa3e-4574-93b0-80c543c35564,IMA T19,2025-10-01 03:24:23.397716+00
INACTIVE,2025-09-27,16:10:24,16:13:29,3,Yes,Changeover / Setup,131 Change over,-,949c0780-9e83-4c97-a058-1accab52176d,IMA E06,2025-10-01 03:24:33.48849+00
ACTIVE,2025-09-22,21:14:41,23:49:41,155,No,-,-,-,94baf87d-d8a5-4123-b0ef-0a9133a72bac,IMA E06,2025-10-01 03:24:31.310218+00
ACTIVE,2025-09-29,16:48:37,17:00:51,12,No,-,-,-,94bc0813-f755-44c2-8c34-0ce835e5e0e6,IMA T19,2025-10-01 03:24:27.585911+00
ACTIVE,2025-09-26,15:52:12,16:24:12,32,No,-,-,-,94bd4d72-b522-4725-9698-4092b9402c27,IMA E06,2025-10-01 03:24:33.059588+00
ACTIVE,2025-09-25,04:54:37,04:58:07,4,No,-,-,-,94e5d1ef-9977-45ce-946f-ee7e0f577e4e,IMA E06,2025-10-01 03:24:32.624437+00
INACTIVE,2025-09-20,17:11:43,17:16:02,4,Yes,Mechanical General,311 Crumpled filter paper,-,94f88d6f-1336-454d-94da-7a305675dfa4,IMA T19,2025-10-01 03:24:24.504481+00
INACTIVE,2025-09-24,02:41:59,02:43:02,1,Yes,Mechanical General,306 Tag Splicing failed,-,9504f6df-ccc0-4fe8-9bc5-92cb427a0500,IMA E06,2025-10-01 03:24:31.74892+00
ACTIVE,2025-09-15,22:02:42,22:07:42,5,No,-,-,-,95199829-0819-4d15-8674-f9c9517823a2,IMA T19,2025-10-01 03:24:22.074365+00
ACTIVE,2025-09-29,14:44:00,14:46:00,2,No,-,-,-,952b2d55-342b-4fe6-b166-7b4527a1e116,IMA T19,2025-10-01 03:24:27.585911+00
INACTIVE,2025-09-18,03:01:58,03:03:33,2,No,-,-,-,953d182c-792c-4097-a819-65aa9c0eca8e,IMA E06,2025-10-01 03:24:29.576452+00
ACTIVE,2025-09-24,07:22:53,07:24:53,2,No,-,-,-,954902b6-553b-43e1-bf0d-1d8ee69f93b4,IMA E06,2025-10-01 03:24:32.188922+00
ACTIVE,2025-09-17,19:25:20,19:26:20,1,No,-,-,-,9555cbc2-44f8-4b6d-9d8d-816b371506dc,IMA E06,2025-10-01 03:24:29.576452+00
INACTIVE,2025-09-16,01:20:07,01:23:44,4,No,-,-,-,9567032f-7af0-4337-a8d2-fcffcbd21584,IMA E06,2025-10-01 03:24:29.128339+00
ACTIVE,2025-09-24,05:21:01,05:30:31,10,No,-,-,-,95a79490-d123-47db-b0fe-ae34daa143cb,IMA E06,2025-10-01 03:24:31.74892+00
ACTIVE,2025-09-27,18:23:02,18:30:02,7,No,-,-,-,95b37b0e-2f84-44b9-936a-d5eb226974f6,IMA T19,2025-10-01 03:24:26.969994+00
INACTIVE,2025-09-22,19:56:45,20:58:20,62,Yes,Admin,858 BREAK TIME,-,95e4b527-d3a8-4170-b859-7b0780ed0cbd,IMA E06,2025-10-01 03:24:31.310218+00
ACTIVE,2025-09-23,16:53:47,17:32:47,39,No,-,-,-,95fe3538-85f5-4830-8d96-0ca559a0b710,IMA E06,2025-10-01 03:24:31.74892+00
ACTIVE,2025-09-17,16:48:17,16:52:47,4,No,-,-,-,95ff440a-c303-42c9-b55d-84d21596cfa8,IMA T19,2025-10-01 03:24:22.877579+00
ACTIVE,2025-09-27,06:10:59,06:11:59,1,No,-,-,-,9624a794-d27b-440b-8342-65f123e91859,IMA T19,2025-10-01 03:24:26.969994+00
ACTIVE,2025-09-29,08:38:06,08:42:06,4,No,-,-,-,96661881-d2d9-4766-8f45-a0fccc6c0333,IMA E06,2025-10-01 03:24:33.928006+00
ACTIVE,2025-09-18,23:07:42,23:13:12,6,No,-,-,-,968db3ea-6015-4b56-a681-97115fe95866,IMA T19,2025-10-01 03:24:23.908734+00
INACTIVE,2025-09-16,10:58:49,12:11:53,73,Yes,Admin,138 Training,-,969c30bf-4419-42bb-b5df-a1673210c617,IMA T19,2025-10-01 03:24:22.074365+00
ACTIVE,2025-09-18,19:30:20,19:52:50,22,No,-,-,-,96c33001-f5ca-4300-ad07-ed0620860ec3,IMA E06,2025-10-01 03:24:30.005057+00
INACTIVE,2025-09-24,10:22:50,10:23:50,1,No,-,-,-,9704d22e-c824-4471-94ec-c6b888188601,IMA T19,2025-10-01 03:24:25.640136+00
INACTIVE,2025-09-24,18:55:37,18:59:14,4,No,-,-,-,9732d3a7-0ec2-4537-8177-78f9ef4f4b95,IMA E06,2025-10-01 03:24:32.188922+00
ACTIVE,2025-09-18,08:01:35,08:02:35,1,No,-,-,-,97387d64-cca2-4e08-808e-fea21e628745,IMA T19,2025-10-01 03:24:23.397716+00
ACTIVE,2025-09-20,03:05:08,03:06:08,1,No,-,-,-,975a6a5d-2d72-4c7e-87ed-9bc325fbf84f,IMA E06,2025-10-01 03:24:30.437349+00
ACTIVE,2025-09-24,22:06:30,22:33:30,27,No,-,-,-,975efb45-feb0-4962-86a9-59410eab4fe2,IMA T19,2025-10-01 03:24:26.172856+00
INACTIVE,2025-09-19,04:18:47,04:21:52,3,No,-,-,-,9776ef7d-fe6d-4577-a545-febb41cb4483,IMA E06,2025-10-01 03:24:30.005057+00
ACTIVE,2025-09-25,22:16:10,22:19:40,4,No,-,-,-,9795a0ff-2b73-4362-a695-5e0b0b37f2fe,IMA E06,2025-10-01 03:24:32.624437+00
ACTIVE,2025-09-17,15:29:30,15:31:00,2,No,-,-,-,979a7c05-215f-4664-8d63-4e52f6086a33,IMA T19,2025-10-01 03:24:22.877579+00
ACTIVE,2025-09-23,00:40:02,00:55:02,15,No,-,-,-,97ab255d-0505-4d8d-9043-941fbc4bae60,IMA E06,2025-10-01 03:24:31.310218+00
INACTIVE,2025-09-29,16:39:40,16:40:46,1,Yes,-,-,-,9830113f-1360-415a-8aea-977e0ef8ee8f,IMA E06,2025-10-01 03:24:34.339012+00
ACTIVE,2025-09-30,10:59:47,11:16:17,16,No,-,-,-,9849e55b-8bd9-4f92-adf6-fef5f5344073,IMA T19,2025-10-01 03:24:28.198188+00
INACTIVE,2025-09-17,15:21:38,15:22:38,1,No,-,-,-,985aff66-b551-4e92-b53e-76356b2211f4,IMA T19,2025-10-01 03:24:22.877579+00
INACTIVE,2025-09-16,10:48:16,10:51:20,3,No,-,-,-,98754d8f-e39a-4a58-8f4d-01a175a7b7d3,IMA E06,2025-10-01 03:24:29.128339+00
INACTIVE,2025-09-27,18:54:25,18:56:26,2,Yes,Mechanical General,311 Crumpled filter paper,-,98cccdf0-4fe9-48de-91d9-4bcfc92a78d8,IMA T19,2025-10-01 03:24:26.969994+00
INACTIVE,2025-09-23,16:52:30,16:53:35,1,No,-,-,-,98e7aaca-4643-44f6-822b-3f458c68218f,IMA E06,2025-10-01 03:24:31.74892+00
ACTIVE,2025-09-18,11:07:51,11:08:51,1,No,-,-,-,98ed0b54-5e3d-43a5-a339-a9ee8eff1365,IMA T19,2025-10-01 03:24:23.397716+00
ACTIVE,2025-09-29,07:44:38,07:46:38,2,No,-,-,-,993209b5-fda4-4f26-b2ed-3384466b06a0,IMA E06,2025-10-01 03:24:33.928006+00
ACTIVE,2025-09-27,06:52:48,07:00:48,8,No,-,-,-,995d40ea-f996-438c-b27f-03742095648e,IMA T19,2025-10-01 03:24:26.969994+00
ACTIVE,2025-09-29,09:10:38,09:13:38,3,No,-,-,-,995e4a5f-970e-4a3a-9517-a27bbdcc7d61,IMA E06,2025-10-01 03:24:33.928006+00
ACTIVE,2025-09-15,07:00:18,07:13:18,13,No,-,-,-,9960bdda-d124-4a00-9cac-5f7a90715e9a,IMA E06,2025-10-01 03:24:28.642092+00
INACTIVE,2025-09-18,08:52:21,09:20:26,28,No,-,-,-,9960caa3-1ca5-49f5-9e2a-33ea0821f7f5,IMA E06,2025-10-01 03:24:29.576452+00
ACTIVE,2025-09-17,12:46:08,12:47:38,2,No,-,-,-,996326d4-0319-42a1-b083-22ac2076734b,IMA T19,2025-10-01 03:24:22.877579+00
ACTIVE,2025-09-15,06:25:24,06:28:54,4,No,-,-,-,99a432da-244a-439b-be2d-9a060dc38f79,IMA T19,2025-10-01 03:24:22.074365+00
ACTIVE,2025-09-29,14:35:51,14:37:51,2,No,-,-,-,99b33d05-8ca7-4ce5-a412-f55dfe9bd242,IMA T19,2025-10-01 03:24:27.585911+00
ACTIVE,2025-09-23,21:21:28,21:23:28,2,No,-,-,-,99c49da3-ddfc-4c6b-8f91-381787eba4f6,IMA T19,2025-10-01 03:24:25.640136+00
INACTIVE,2025-09-26,15:49:54,15:51:51,2,Yes,Admin,128 Daily CLIRT,-,99f12526-7c1a-4438-8c56-9ffefe1dbc37,IMA E06,2025-10-01 03:24:33.059588+00
ACTIVE,2025-09-18,15:32:38,15:35:38,3,No,-,-,-,99f66bd5-ea18-47d0-88c8-95c024434e2d,IMA T19,2025-10-01 03:24:23.397716+00
INACTIVE,2025-09-16,11:08:36,11:09:41,1,No,-,-,-,99ff6287-2e4d-4777-a7c0-d636f007cddd,IMA E06,2025-10-01 03:24:29.128339+00
ACTIVE,2025-09-15,19:35:10,19:36:10,1,No,-,-,-,9a31d048-4cd9-4ae8-8eb1-2176ee3fc742,IMA E06,2025-10-01 03:24:28.642092+00
ACTIVE,2025-09-27,02:41:23,03:29:23,48,No,-,-,-,9a5de809-f2c8-4661-b04b-9ccde6f3468d,IMA E06,2025-10-01 03:24:33.48849+00
ACTIVE,2025-09-19,23:08:00,23:09:00,1,No,-,-,-,9a6e0f22-7391-4fc2-b2da-2f4631db77eb,IMA T19,2025-10-01 03:24:24.504481+00
INACTIVE,2025-09-16,03:10:57,03:14:32,4,No,-,-,-,9a7f6a62-310d-4023-83aa-46fa5dca8c7d,IMA E06,2025-10-01 03:24:29.128339+00
INACTIVE,2025-09-18,23:13:51,23:16:26,3,Yes,Admin,128 Daily CLIRT,-,9a91da4f-f9b3-46a2-a295-e0bf106c478f,IMA T19,2025-10-01 03:24:23.908734+00
INACTIVE,2025-09-20,07:00:12,07:01:48,2,No,-,-,-,9aa2e38e-bf23-49ac-896a-6b848378b61b,IMA E06,2025-10-01 03:24:30.437349+00
INACTIVE,2025-09-26,19:19:36,19:22:11,3,Yes,Mechanical General,311 Crumpled filter paper,-,9aa4cc6c-2875-4d29-a97a-cc7f0f34a66d,IMA T19,2025-10-01 03:24:26.969994+00
INACTIVE,2025-09-16,01:23:53,01:39:20,15,No,-,-,-,9ab105d2-1708-4b48-bf6a-3acf454cd410,IMA E06,2025-10-01 03:24:29.128339+00
INACTIVE,2025-09-22,21:10:48,21:13:51,3,Yes,Packaging / Material Issues,411 Cleaning box forming unit,-,9aebed1b-6ff1-4fe6-808d-752f19e0691b,IMA E06,2025-10-01 03:24:31.310218+00
INACTIVE,2025-09-25,03:14:52,03:15:52,1,No,-,-,-,9b324fd7-1277-4278-a34e-f36913e9f95c,IMA E06,2025-10-01 03:24:32.188922+00
INACTIVE,2025-09-18,11:09:48,12:08:53,59,Yes,-,-,-,9b3be00f-e7f1-4c1b-906b-8b6224c27ad9,IMA T19,2025-10-01 03:24:23.397716+00
ACTIVE,2025-09-23,09:57:53,10:31:23,34,No,-,-,-,9b639b3c-c745-4a58-a101-3ad9d76852e1,IMA T19,2025-10-01 03:24:25.118773+00
INACTIVE,2025-09-18,08:49:27,08:50:27,1,No,-,-,-,9b8d1dbc-77ae-405a-8f1e-1b9deb028e36,IMA E06,2025-10-01 03:24:29.576452+00
INACTIVE,2025-09-22,07:32:48,07:33:48,1,No,-,-,-,9b8d7927-ee4f-4efd-8bbe-ed244ea2fe9f,IMA E06,2025-10-01 03:24:30.866611+00
ACTIVE,2025-09-19,07:17:40,07:42:10,24,No,-,-,-,9ba3f330-84a3-4e60-be20-1a5fc4cff056,IMA E06,2025-10-01 03:24:30.005057+00
ACTIVE,2025-09-18,09:02:47,09:06:47,4,No,-,-,-,9bcd6a82-1de1-4ae7-b8d2-70b59450d627,IMA T19,2025-10-01 03:24:23.397716+00
INACTIVE,2025-09-16,05:16:20,05:17:54,2,No,-,-,-,9bd09081-1803-43da-a60f-0134d8b51689,IMA E06,2025-10-01 03:24:29.128339+00
INACTIVE,2025-09-16,06:43:03,06:44:07,1,No,-,-,-,9bfd3af0-58cc-495d-90e7-d4cda9ed2049,IMA E06,2025-10-01 03:24:29.128339+00
ACTIVE,2025-09-23,23:42:23,23:46:23,4,No,-,-,-,9c1773dd-2ecc-45f8-8610-53050c00b02d,IMA E06,2025-10-01 03:24:31.74892+00
INACTIVE,2025-09-18,03:06:12,03:07:47,2,No,-,-,-,9c1e84be-53c0-41c8-bd80-cf094811c065,IMA E06,2025-10-01 03:24:29.576452+00
INACTIVE,2025-09-20,12:48:25,12:49:25,1,No,-,-,-,9c4086db-25ea-4962-838d-a9c9f6473b18,IMA E06,2025-10-01 03:24:30.866611+00
INACTIVE,2025-09-19,08:29:17,08:30:52,2,No,-,-,-,9c4310bf-1cf0-41da-ae56-543e458e6a29,IMA T19,2025-10-01 03:24:23.908734+00
INACTIVE,2025-09-25,20:13:50,20:15:20,2,No,-,-,-,9c8e6b85-d329-4b26-85f5-d403dd004354,IMA E06,2025-10-01 03:24:32.624437+00
ACTIVE,2025-09-20,02:24:56,02:44:56,20,No,-,-,-,9ce5b38d-0b47-4090-b8b3-07f95e7ffbb6,IMA E06,2025-10-01 03:24:30.437349+00
INACTIVE,2025-09-23,06:59:42,07:01:47,2,Yes,Mechanical General,342 Thread not in place on chrochet,-,9cea0c43-06a6-4806-84b3-2a05f949a2aa,IMA T19,2025-10-01 03:24:25.118773+00
INACTIVE,2025-09-18,20:28:13,20:31:18,3,No,-,-,-,9ced1dbb-f479-4241-89c0-9c518aa14504,IMA E06,2025-10-01 03:24:30.005057+00
INACTIVE,2025-09-15,11:08:23,12:09:25,61,Yes,Man power,124 No available Technician,it's a test comment N,9d0b3783-51d1-4de4-95d3-c91bc06e5f84,IMA T19,2025-10-01 03:24:22.074365+00
INACTIVE,2025-09-18,06:17:57,06:19:06,1,No,-,-,-,9d2c6121-a8e7-462b-98ea-f258aafe47fc,IMA T19,2025-10-01 03:24:22.877579+00
INACTIVE,2025-09-19,16:16:23,16:18:23,2,No,-,-,-,9d3d1e66-a650-4118-bc4e-5a8285b90811,IMA T19,2025-10-01 03:24:23.908734+00
ACTIVE,2025-09-26,20:26:23,20:35:53,10,No,-,-,-,9d4037c1-366c-44e2-9211-51a144673373,IMA E06,2025-10-01 03:24:33.059588+00
ACTIVE,2025-09-29,23:18:52,23:19:52,1,No,-,-,-,9d52b4d4-3e52-4386-be5b-5ddb93160978,IMA T19,2025-10-01 03:24:28.198188+00
INACTIVE,2025-09-25,08:31:01,08:50:19,19,No,-,-,-,9d707896-e566-459c-96be-f42ea6c825c8,IMA E06,2025-10-01 03:24:32.624437+00
ACTIVE,2025-09-25,16:22:00,16:38:00,16,No,-,-,-,9d8c2227-1f55-4e3b-bda1-722d5735d6d7,IMA T19,2025-10-01 03:24:26.172856+00
ACTIVE,2025-09-26,00:25:05,01:10:05,45,No,-,-,-,9da24492-7168-40c9-b302-cbc0940c919a,IMA E06,2025-10-01 03:24:33.059588+00
ACTIVE,2025-09-15,19:13:43,19:22:43,9,No,-,-,-,9dac488e-2a73-46b7-ab3b-33545906f3b5,IMA E06,2025-10-01 03:24:28.642092+00
ACTIVE,2025-09-18,06:50:01,06:51:01,1,No,-,-,-,9dac9b3b-0aee-4ac8-998e-e8defdabdfcf,IMA T19,2025-10-01 03:24:23.397716+00
ACTIVE,2025-09-23,15:18:15,15:25:45,8,No,-,-,-,9dafc7f2-1192-4b4e-aed1-440d047d736f,IMA T19,2025-10-01 03:24:25.640136+00
INACTIVE,2025-09-18,12:13:42,12:15:42,2,No,-,-,-,9df7327f-519c-492b-9084-a5ccdfc239a8,IMA T19,2025-10-01 03:24:23.397716+00
ACTIVE,2025-09-20,08:16:59,08:28:59,12,No,-,-,-,9dfe41db-7b87-4ca1-85b4-d36f1dec111d,IMA T19,2025-10-01 03:24:24.504481+00
ACTIVE,2025-09-26,09:07:58,09:22:28,14,No,-,-,-,9e26c59f-e4f9-474f-8177-75f097ea4191,IMA E06,2025-10-01 03:24:33.059588+00
INACTIVE,2025-09-22,13:15:03,13:16:08,1,No,-,-,-,9e320321-1cbe-47da-aa95-c7b796e99a24,IMA E06,2025-10-01 03:24:31.310218+00
INACTIVE,2025-09-20,10:00:21,10:02:26,2,Yes,Packaging / Material Issues,411 Cleaning box forming unit,-,9e3c3025-c4dc-4621-8327-81e6ff462af9,IMA E06,2025-10-01 03:24:30.866611+00
INACTIVE,2025-09-15,19:28:15,19:29:50,2,No,-,-,-,9e4b8e2c-0f9c-4dba-a604-9c7f5e7c572a,IMA E06,2025-10-01 03:24:28.642092+00
ACTIVE,2025-09-29,15:05:17,15:08:17,3,No,-,-,-,9e51d69d-6d80-4c53-b722-6fed7da95e0b,IMA E06,2025-10-01 03:24:34.339012+00
ACTIVE,2025-09-16,07:14:45,07:18:45,4,No,-,-,-,9e682d21-6a81-4662-872c-1021064253ac,IMA E06,2025-10-01 03:24:29.128339+00
ACTIVE,2025-09-23,21:30:27,21:40:57,10,No,-,-,-,9eb54582-5e5c-471f-bba3-b0882da1b6b9,IMA T19,2025-10-01 03:24:25.640136+00
INACTIVE,2025-09-25,10:58:40,12:15:45,77,Yes,Admin,137 Meeting,-,9ec93692-75b4-4ef2-98c9-80ea5d9e2dba,IMA E06,2025-10-01 03:24:32.624437+00
ACTIVE,2025-09-29,19:40:43,19:48:43,8,No,-,-,-,9ed13edd-711a-488c-91f1-0aaa2b5cc93b,IMA T19,2025-10-01 03:24:27.585911+00
ACTIVE,2025-09-24,05:38:42,05:43:42,5,No,-,-,-,9ed4235a-3724-4b89-9dc9-65429046f7b2,IMA E06,2025-10-01 03:24:31.74892+00
ACTIVE,2025-09-16,03:32:21,03:45:51,14,No,-,-,-,9eea8f48-a32c-4c73-be0c-ead322f79506,IMA E06,2025-10-01 03:24:29.128339+00
ACTIVE,2025-09-20,15:55:28,15:56:28,1,No,-,-,-,9ef23d3c-e835-4333-b98c-455081975ac6,IMA E06,2025-10-01 03:24:30.866611+00
INACTIVE,2025-09-17,23:26:53,00:00:00,33,No,-,-,-,9efc3338-0036-4b7e-ad77-b51e4e049d74,IMA T19,2025-10-01 03:24:22.877579+00
INACTIVE,2025-09-26,21:11:51,21:13:47,2,No,-,-,-,9f13a5a8-e81c-4d43-a54e-9c398cda8597,IMA T19,2025-10-01 03:24:26.969994+00
ACTIVE,2025-09-29,17:34:07,17:36:07,2,No,-,-,-,9f467d83-772c-43ea-b27a-afdbcd3e89b9,IMA E06,2025-10-01 03:24:34.339012+00
INACTIVE,2025-09-18,06:23:33,06:39:07,16,No,-,-,-,9f50faa5-7e94-432a-9d4d-f86c9722bd08,IMA E06,2025-10-01 03:24:29.576452+00
INACTIVE,2025-09-29,08:34:33,08:38:04,4,Yes,-,-,-,9f5a831f-5e23-4521-b837-1c3de5b4b95a,IMA E06,2025-10-01 03:24:33.928006+00
ACTIVE,2025-09-26,04:51:42,05:27:12,36,No,-,-,-,9f602239-efe5-497a-974a-0a77d7c8c009,IMA E06,2025-10-01 03:24:33.059588+00
ACTIVE,2025-09-23,07:02:10,07:41:10,39,No,-,-,-,9f61d6e0-e5cf-4fe3-b023-092660e914a5,IMA T19,2025-10-01 03:24:25.118773+00
INACTIVE,2025-09-19,20:55:21,21:55:26,60,Yes,Man power,-,-,9f62bdae-267d-4336-87fa-02b124403e9c,IMA E06,2025-10-01 03:24:30.437349+00
ACTIVE,2025-09-19,06:52:14,07:13:14,21,No,-,-,-,9f997212-7ee2-434b-8d4a-0dff531c474d,IMA T19,2025-10-01 03:24:23.908734+00
ACTIVE,2025-09-18,00:00:00,00:00:59,1,No,-,-,-,9fbf3331-f12f-4f75-8b90-2a35c668a2ab,IMA E06,2025-10-01 03:24:29.576452+00
INACTIVE,2025-09-17,12:42:55,12:47:30,5,No,-,-,-,9fc82c33-5322-495d-aeb9-053874ae8959,IMA E06,2025-10-01 03:24:29.128339+00
ACTIVE,2025-09-25,00:00:00,00:36:38,37,No,-,-,-,9fc8facd-96dd-4d1a-8489-c9b080370a35,IMA E06,2025-10-01 03:24:32.188922+00
ACTIVE,2025-09-25,17:01:34,17:11:34,10,No,-,-,-,9fcfccb4-26d3-4473-8aa6-dd18bc6cfb6c,IMA T19,2025-10-01 03:24:26.172856+00
ACTIVE,2025-09-24,15:11:26,15:39:56,28,No,-,-,-,9fd2797d-d380-48a1-82fd-e4b516e1d540,IMA T19,2025-10-01 03:24:25.640136+00
ACTIVE,2025-09-27,16:57:44,17:05:14,8,No,-,-,-,9fdacdc7-b3a5-4f80-ab00-c0654f0813f8,IMA T19,2025-10-01 03:24:26.969994+00
ACTIVE,2025-09-23,00:22:25,00:38:25,16,No,-,-,-,9fdbde04-22ee-487f-83b9-1cdc721ff868,IMA E06,2025-10-01 03:24:31.310218+00
ACTIVE,2025-09-18,13:53:17,13:54:17,1,No,-,-,-,9fefef62-6543-48a2-a2c6-f94f9f919441,IMA T19,2025-10-01 03:24:23.397716+00
INACTIVE,2025-09-20,05:51:46,06:01:20,10,No,-,-,-,9ff0fbbf-d3d6-4738-8c0d-ed9df426fd43,IMA E06,2025-10-01 03:24:30.437349+00
INACTIVE,2025-09-25,13:16:40,13:17:40,1,Yes,Material Shortage,304 No envelope,-,a0442a77-e6dc-4471-b4d6-3b3725895c5c,IMA E06,2025-10-01 03:24:32.624437+00
ACTIVE,2025-09-23,02:41:39,02:52:39,11,No,-,-,-,a0485525-7073-4fc0-8e1a-e6378e4fbb7c,IMA E06,2025-10-01 03:24:31.310218+00
ACTIVE,2025-09-26,15:47:41,15:49:41,2,No,-,-,-,a08ba9a1-3a70-492d-9996-bb471cbce31e,IMA E06,2025-10-01 03:24:33.059588+00
INACTIVE,2025-09-22,17:52:59,17:56:08,3,Yes,Breakdown (Unplanned),307 Filter paper splicing failed,-,a08edcf2-f5b3-43b8-98cd-9bed83f227ed,IMA T19,2025-10-01 03:24:25.118773+00
ACTIVE,2025-09-20,16:24:47,16:26:47,2,No,-,-,-,a0a0388a-e1ce-449d-b343-2c0c7fdfcdbf,IMA T19,2025-10-01 03:24:24.504481+00
ACTIVE,2025-09-29,08:26:11,08:28:11,2,No,-,-,-,a0a194fb-0b37-45a3-971c-98602447ea27,IMA E06,2025-10-01 03:24:33.928006+00
INACTIVE,2025-09-22,18:06:42,18:08:17,2,Yes,Mechanical General,146 Product Exhausted,-,a0cb0b1c-737a-4c2e-a19a-deed294d308d,IMA E06,2025-10-01 03:24:31.310218+00
ACTIVE,2025-09-24,18:41:54,18:48:54,7,No,-,-,-,a0e1d30c-4dc9-409b-a267-4e9e8205e91d,IMA E06,2025-10-01 03:24:32.188922+00
ACTIVE,2025-09-22,08:00:54,08:05:24,4,No,-,-,-,a0e85d9f-152b-4e05-9f39-eb8e581a5eaa,IMA E06,2025-10-01 03:24:30.866611+00
ACTIVE,2025-09-25,18:10:06,18:17:06,7,No,-,-,-,a1258ca8-9d83-4037-8523-99452f63a8c5,IMA E06,2025-10-01 03:24:32.624437+00
INACTIVE,2025-09-15,07:49:10,07:50:44,2,No,-,-,-,a134a267-b4c1-4bc6-9c34-9bf53189de8b,IMA T19,2025-10-01 03:24:22.074365+00
ACTIVE,2025-09-29,13:36:28,13:37:58,2,No,-,-,-,a1494143-c942-4146-9237-78a4dbb60605,IMA T19,2025-10-01 03:24:27.585911+00
INACTIVE,2025-09-24,13:21:05,13:22:40,2,No,-,-,-,a1641087-1e9b-4235-843c-d9555b965a11,IMA E06,2025-10-01 03:24:32.188922+00
ACTIVE,2025-09-22,21:01:34,21:09:34,8,No,-,-,-,a173eac2-d908-4b82-bc78-7b13459deb8a,IMA E06,2025-10-01 03:24:31.310218+00
ACTIVE,2025-09-18,22:16:00,22:23:30,8,No,-,-,-,a17e6946-9444-4be0-b74b-4906f9856a62,IMA E06,2025-10-01 03:24:30.005057+00
ACTIVE,2025-09-16,00:28:56,00:29:56,1,No,-,-,-,a18f5c25-355d-4bce-86b7-00d91bcebfba,IMA E06,2025-10-01 03:24:28.642092+00
INACTIVE,2025-09-23,14:43:32,14:51:38,8,Yes,Quality / Rework,127 Reworks,-,a1a90121-f826-4c92-929b-c44e60a4a5e7,IMA T19,2025-10-01 03:24:25.640136+00
INACTIVE,2025-09-22,05:15:05,06:15:49,61,No,-,-,-,a1cfd5fa-75fb-464e-a5d9-8604566e14c7,IMA T19,2025-10-01 03:24:24.504481+00
INACTIVE,2025-09-18,06:09:57,06:11:57,2,No,-,-,-,a1ddad88-e031-4d2e-a04b-adbafcbc0439,IMA T19,2025-10-01 03:24:22.877579+00
ACTIVE,2025-09-24,12:21:58,12:28:28,6,No,-,-,-,a243c985-f052-4902-a58e-13985371cf85,IMA T19,2025-10-01 03:24:25.640136+00
ACTIVE,2025-09-24,08:14:13,08:20:43,6,No,-,-,-,a2ce1639-be70-452e-916f-cfdd0093c008,IMA T19,2025-10-01 03:24:25.640136+00
INACTIVE,2025-09-29,13:28:43,13:31:43,3,Yes,-,-,-,a2e51c2c-43ff-4753-ba03-bbf11964d83d,IMA E06,2025-10-01 03:24:33.928006+00
ACTIVE,2025-09-24,19:56:28,20:15:28,19,No,-,-,-,a34d81c5-9ddd-49d2-a894-53fd1ffabd18,IMA E06,2025-10-01 03:24:32.188922+00
ACTIVE,2025-09-25,20:18:25,20:29:55,12,No,-,-,-,a34f5a09-80a1-4146-9bb9-8f4f7cb1c375,IMA E06,2025-10-01 03:24:32.624437+00
ACTIVE,2025-09-23,06:53:40,07:02:10,8,No,-,-,-,a34f73d8-4ad3-4432-8242-76107c86e115,IMA E06,2025-10-01 03:24:31.310218+00
ACTIVE,2025-09-29,06:34:27,06:35:57,2,No,-,-,-,a35c1ed1-cd08-47d3-8ecf-e6fa98242fdb,IMA T19,2025-10-01 03:24:27.585911+00
ACTIVE,2025-09-23,21:56:05,22:13:05,17,No,-,-,-,a372b667-1f79-4c68-8677-3f3420677b8f,IMA T19,2025-10-01 03:24:25.640136+00
INACTIVE,2025-09-18,12:34:20,12:35:20,1,No,-,-,-,a37f5b60-243e-4b9c-aa56-002ddd6da501,IMA T19,2025-10-01 03:24:23.397716+00
INACTIVE,2025-09-22,15:28:21,15:38:56,11,Yes,Breakdown (Unplanned),203 Broken part crimping unit,teared on crimping belt,a37fc842-61e4-46b5-9fcf-5f7b9d4f9e5e,IMA T19,2025-10-01 03:24:25.118773+00
INACTIVE,2025-09-29,13:42:39,13:44:43,2,No,-,-,-,a3867a5d-4344-4c70-a8df-f85ab87e564c,IMA E06,2025-10-01 03:24:34.339012+00
INACTIVE,2025-09-19,00:24:27,00:25:28,1,No,-,-,-,a3b2c289-9b8c-4658-90ab-56ff6e102fe6,IMA E06,2025-10-01 03:24:30.005057+00
INACTIVE,2025-09-19,23:04:58,23:07:02,2,No,-,-,-,a3c4e36f-7fab-4ce5-88e4-1c4934646e1d,IMA T19,2025-10-01 03:24:24.504481+00
ACTIVE,2025-09-25,18:07:57,18:08:57,1,No,-,-,-,a3caa6aa-9077-43c9-8533-d10934434cfd,IMA E06,2025-10-01 03:24:32.624437+00
ACTIVE,2025-09-29,08:01:24,08:07:54,6,No,-,-,-,a4076aee-a861-4ccd-93d8-6324974b848b,IMA E06,2025-10-01 03:24:33.928006+00
ACTIVE,2025-09-16,03:23:38,03:31:38,8,No,-,-,-,a41603d3-dfd0-4e16-96b8-3dfd58f0a050,IMA E06,2025-10-01 03:24:29.128339+00
ACTIVE,2025-09-25,18:35:38,18:44:08,8,No,-,-,-,a418eb05-a519-4835-8172-26bc50909a4b,IMA T19,2025-10-01 03:24:26.172856+00
INACTIVE,2025-09-29,20:21:07,20:22:49,2,No,-,-,-,a41e4df3-835e-4cad-b4d9-82fcd8d71c8b,IMA T19,2025-10-01 03:24:28.198188+00
INACTIVE,2025-09-30,09:49:18,09:52:53,4,Yes,Mechanical General,307 Filter paper splicing failed,-,a41f4e25-9977-4f2a-b638-9b505574d9be,IMA T19,2025-10-01 03:24:28.198188+00
INACTIVE,2025-09-15,17:28:42,17:40:45,12,Yes,-,-,-,a4689e10-f300-4b49-9426-f5accb795073,IMA E06,2025-10-01 03:24:28.642092+00
ACTIVE,2025-09-17,18:48:28,18:49:28,1,No,-,-,-,a472425d-7b38-45e3-8cbf-65823d71b1e4,IMA E06,2025-10-01 03:24:29.576452+00
ACTIVE,2025-09-26,14:08:00,14:32:00,24,No,-,-,-,a4cdf835-f178-4820-8eb1-2a89d4d71def,IMA T19,2025-10-01 03:24:26.172856+00
ACTIVE,2025-09-15,19:29:55,19:34:55,5,No,-,-,-,a4faac61-ce40-4dbd-8b76-0df52d068dc8,IMA E06,2025-10-01 03:24:28.642092+00
ACTIVE,2025-09-22,06:31:19,06:36:49,6,No,-,-,-,a4ffad44-0d56-4889-8d8b-0c2a87da542a,IMA T19,2025-10-01 03:24:24.504481+00
INACTIVE,2025-09-29,13:54:54,13:56:27,2,Yes,-,-,-,a55782b0-fe48-45b2-8a06-6b65a6db8f37,IMA E06,2025-10-01 03:24:34.339012+00
ACTIVE,2025-09-17,10:45:47,11:09:47,24,No,-,-,-,a55e36da-0698-4743-96ba-6869e9241fa4,IMA E06,2025-10-01 03:24:29.128339+00
ACTIVE,2025-09-27,06:16:07,06:17:07,1,No,-,-,-,a55f954b-c3bc-4a24-89e1-fa3ebcded856,IMA T19,2025-10-01 03:24:26.969994+00
INACTIVE,2025-09-23,18:11:33,18:13:34,2,No,-,-,-,a56dab9e-c4d8-48be-9a07-f1b81244a02c,IMA T19,2025-10-01 03:24:25.640136+00
ACTIVE,2025-09-19,17:11:39,17:21:09,10,No,-,-,-,a5838894-d217-467b-8f5d-cbe20741fab1,IMA T19,2025-10-01 03:24:23.908734+00
ACTIVE,2025-09-18,17:08:50,17:11:20,2,No,-,-,-,a5a66123-539b-4b1f-9dfe-9d4a6bcd6133,IMA E06,2025-10-01 03:24:30.005057+00
ACTIVE,2025-09-17,12:48:40,12:49:40,1,No,-,-,-,a5c82083-ec9a-4d70-b2ce-85d375f25fb4,IMA T19,2025-10-01 03:24:22.877579+00
ACTIVE,2025-09-18,12:56:19,12:59:49,4,No,-,-,-,a5c8f3e4-eee9-46ef-9e06-78cf3d7db919,IMA T19,2025-10-01 03:24:23.397716+00
ACTIVE,2025-09-20,07:54:32,08:08:02,14,No,-,-,-,a5d7725d-4e9f-498c-a40a-c2d74abf90af,IMA T19,2025-10-01 03:24:24.504481+00
INACTIVE,2025-09-27,10:59:31,11:00:31,1,No,-,-,-,a606fc1a-7406-4d85-ad9a-aa0fd968af4c,IMA T19,2025-10-01 03:24:26.969994+00
ACTIVE,2025-09-24,19:53:53,19:54:53,1,No,-,-,-,a63639b7-be87-4696-bc36-f5751cadddd4,IMA T19,2025-10-01 03:24:26.172856+00
ACTIVE,2025-09-19,00:51:16,01:08:46,18,No,-,-,-,a64025fd-b96b-4941-8dd0-f856ab78aaa8,IMA E06,2025-10-01 03:24:30.005057+00
ACTIVE,2025-09-18,22:52:59,23:04:29,12,No,-,-,-,a649fd36-a855-4a15-a4ea-fcdb4ded69b8,IMA T19,2025-10-01 03:24:23.908734+00
ACTIVE,2025-09-18,21:57:12,22:02:12,5,No,-,-,-,a6532fc3-65d7-48f8-bbea-582996c8adb3,IMA E06,2025-10-01 03:24:30.005057+00
INACTIVE,2025-09-25,14:18:44,14:20:48,2,Yes,Material Shortage,304 No envelope,-,a658867c-833b-46c0-8505-fb227b6af142,IMA E06,2025-10-01 03:24:32.624437+00
ACTIVE,2025-09-30,18:02:54,18:12:24,10,No,-,-,-,a6668b56-85ff-45a0-b227-91f56512ed51,IMA T19,2025-10-01 03:24:28.198188+00
ACTIVE,2025-09-29,07:01:14,07:06:44,6,No,-,-,-,a67277ad-c1da-4d7d-8ee1-160523d00734,IMA T19,2025-10-01 03:24:27.585911+00
ACTIVE,2025-09-15,20:46:16,20:47:16,1,No,-,-,-,a675133d-3825-48e7-847c-ef33d09ad77a,IMA E06,2025-10-01 03:24:28.642092+00
ACTIVE,2025-09-18,21:04:13,21:10:43,6,No,-,-,-,a681ea86-8ba8-44bc-9cff-d5ca07e24b7f,IMA T19,2025-10-01 03:24:23.397716+00
ACTIVE,2025-09-17,15:31:12,15:37:42,6,No,-,-,-,a684d63d-0154-4edf-b591-ebb81c3cac0c,IMA T19,2025-10-01 03:24:22.877579+00
ACTIVE,2025-09-24,15:35:12,15:37:42,2,No,-,-,-,a69cf975-4516-46f5-8764-23b891d0b51c,IMA E06,2025-10-01 03:24:32.188922+00
ACTIVE,2025-09-22,16:59:47,17:11:47,12,No,-,-,-,a6b4253c-21b7-4819-b5d6-f821329d904b,IMA T19,2025-10-01 03:24:25.118773+00
ACTIVE,2025-09-15,19:10:10,19:11:40,2,No,-,-,-,a6b79f20-3383-45f9-99c7-353494c487f7,IMA T19,2025-10-01 03:24:22.074365+00
ACTIVE,2025-09-18,12:53:48,12:55:48,2,No,-,-,-,a6c0ce9b-ccd2-4be9-b896-9696e21d1cea,IMA T19,2025-10-01 03:24:23.397716+00
INACTIVE,2025-09-18,06:23:52,06:25:22,2,No,-,-,-,a6c48c42-942f-4d9e-83f3-f20bde31041b,IMA T19,2025-10-01 03:24:22.877579+00
ACTIVE,2025-09-23,13:34:23,13:43:53,10,No,-,-,-,a6d0331c-293a-45a2-8f7c-f5e74eb100ec,IMA E06,2025-10-01 03:24:31.74892+00
INACTIVE,2025-09-18,02:37:58,02:39:03,1,No,-,-,-,a6d37b53-5812-4023-ad8d-f25c4ef3f5f6,IMA E06,2025-10-01 03:24:29.576452+00
INACTIVE,2025-09-29,06:59:37,07:01:36,2,No,-,-,-,a6dd3695-3bac-439f-a8cf-eb59b718f4eb,IMA E06,2025-10-01 03:24:33.928006+00
INACTIVE,2025-09-26,22:29:01,22:32:06,3,Yes,Mechanical General,323 Envelop overlap,-,a6ff7b26-00e6-47f1-b172-0917f5c6002f,IMA E06,2025-10-01 03:24:33.48849+00
ACTIVE,2025-09-23,19:30:52,19:50:05,19,No,-,-,-,a715e78e-dce3-4829-a4ef-aed156627f32,IMA T19,2025-10-01 03:24:25.640136+00
INACTIVE,2025-09-16,11:12:09,12:20:15,68,Yes,Admin,142 Break time,-,a717082e-b5b8-4a80-86c7-3b9e7a0db93b,IMA E06,2025-10-01 03:24:29.128339+00
INACTIVE,2025-09-23,07:23:18,07:25:48,2,Yes,Packaging / Material Issues,349 Tag dettached from teabag,-,a750d372-4b15-48d8-910d-4c3f060ef4ab,IMA E06,2025-10-01 03:24:31.310218+00
INACTIVE,2025-09-18,16:21:26,16:23:28,2,No,-,-,-,a75b63b5-fd6a-4c9d-bc31-8191ed7d42ac,IMA E06,2025-10-01 03:24:30.005057+00
ACTIVE,2025-09-29,19:00:14,19:20:44,20,No,-,-,-,a76967e4-a543-4b9c-9875-6279c2e7f620,IMA T19,2025-10-01 03:24:27.585911+00
ACTIVE,2025-09-30,07:18:37,07:21:37,3,No,-,-,-,a76aa302-39a9-42e7-b821-5f576dbc387b,IMA T19,2025-10-01 03:24:28.198188+00
ACTIVE,2025-09-20,17:32:54,17:43:54,11,No,-,-,-,a7c77ae5-e757-487b-bebb-08b13e5f2fc5,IMA T19,2025-10-01 03:24:24.504481+00
INACTIVE,2025-09-24,14:50:43,14:51:43,1,No,-,-,-,a7dd5e0f-cb79-484c-92ea-c4b032ffc4a4,IMA T19,2025-10-01 03:24:25.640136+00
ACTIVE,2025-09-15,22:41:52,22:42:52,1,No,-,-,-,a7ee1ace-dec9-4876-924d-e9a18416c2cb,IMA T19,2025-10-01 03:24:22.074365+00
ACTIVE,2025-09-22,18:15:12,18:31:42,16,No,-,-,-,a82d5b4d-dfef-44c9-94e4-5567725afbc9,IMA T19,2025-10-01 03:24:25.118773+00
INACTIVE,2025-09-18,18:39:45,18:42:53,3,No,-,-,-,a84bf177-6ef0-4cf3-b5d3-2308a86c51b6,IMA T19,2025-10-01 03:24:23.397716+00
ACTIVE,2025-09-18,20:59:35,21:01:05,2,No,-,-,-,a880b5b5-9d42-4359-9f5d-017cadb81af2,IMA T19,2025-10-01 03:24:23.397716+00
ACTIVE,2025-09-27,08:08:20,08:14:20,6,No,-,-,-,a8822e83-323c-474c-a0b7-4505e107cffc,IMA E06,2025-10-01 03:24:33.48849+00
ACTIVE,2025-09-27,04:17:59,04:49:29,32,No,-,-,-,a8a6325c-0057-4adb-b6a4-5d003371e04b,IMA E06,2025-10-01 03:24:33.48849+00
ACTIVE,2025-09-18,05:55:42,06:05:42,10,No,-,-,-,a8deb12b-4cc4-47a4-ad39-5b141ce801db,IMA E06,2025-10-01 03:24:29.576452+00
INACTIVE,2025-09-22,23:28:24,00:00:00,32,No,-,-,-,a9182b67-7c7b-466c-8dd6-71f51d9dfd01,IMA T19,2025-10-01 03:24:25.118773+00
ACTIVE,2025-09-20,19:25:23,19:26:23,1,No,-,-,-,a923de39-bece-4a19-b93b-8cc1e2859b32,IMA T19,2025-10-01 03:24:24.504481+00
INACTIVE,2025-09-15,23:27:32,23:31:37,4,Yes,Admin,128 Daily CLIRT,-,a92d5eb8-9826-4321-b3be-7a19800296f4,IMA T19,2025-10-01 03:24:22.074365+00
ACTIVE,2025-09-20,10:46:00,11:00:00,14,No,-,-,-,a930baf3-6688-4a8b-a181-2fd4055de4e8,IMA T19,2025-10-01 03:24:24.504481+00
ACTIVE,2025-09-22,13:39:48,14:16:48,37,No,-,-,-,a9334b0f-bed8-49e8-a09e-de181a0a8541,IMA T19,2025-10-01 03:24:25.118773+00
ACTIVE,2025-09-27,22:49:30,22:51:00,2,No,-,-,-,a9365dad-3de3-4041-a782-b2d69fc20786,IMA E06,2025-10-01 03:24:33.48849+00
ACTIVE,2025-09-24,13:36:47,13:53:47,17,No,-,-,-,a9635652-baca-46ac-9d03-0e0a63809ac6,IMA E06,2025-10-01 03:24:32.188922+00
ACTIVE,2025-09-27,03:52:36,04:00:06,8,No,-,-,-,a977acc5-1b9b-4ceb-9fbd-c720097d9741,IMA E06,2025-10-01 03:24:33.48849+00
ACTIVE,2025-09-18,12:45:26,12:53:26,8,No,-,-,-,a97f8f40-4a55-4bfd-8628-ae7f59bb2e85,IMA T19,2025-10-01 03:24:23.397716+00
ACTIVE,2025-09-27,01:02:34,01:27:04,24,No,-,-,-,a998769b-dbba-4b0c-bc90-2e56ae65fb7c,IMA E06,2025-10-01 03:24:33.48849+00
ACTIVE,2025-09-18,15:11:35,15:14:05,2,No,-,-,-,a9a11808-0dea-4b70-8cf3-be73de280818,IMA T19,2025-10-01 03:24:23.397716+00
ACTIVE,2025-09-18,23:05:02,23:07:32,2,No,-,-,-,a9d6f3f5-c89d-4cee-98f1-e6008c6070df,IMA T19,2025-10-01 03:24:23.908734+00
ACTIVE,2025-09-20,06:46:48,06:59:48,13,No,-,-,-,a9dcc1a5-4975-4d5a-be30-d14b145e2e1f,IMA E06,2025-10-01 03:24:30.437349+00
ACTIVE,2025-09-25,17:52:49,17:54:49,2,No,-,-,-,a9f065da-9aca-4658-82ec-fa27c3125f36,IMA E06,2025-10-01 03:24:32.624437+00
ACTIVE,2025-09-30,15:54:52,15:55:52,1,No,-,-,-,a9f0d029-7e70-485a-a420-e3a9cc82e2eb,IMA T19,2025-10-01 03:24:28.198188+00
INACTIVE,2025-09-26,14:57:09,15:00:13,3,Yes,-,-,-,aa052d18-c64a-4ce7-9a68-e16dddddf530,IMA T19,2025-10-01 03:24:26.172856+00
INACTIVE,2025-09-19,07:09:43,07:17:17,8,Yes,Packaging / Material Issues,406 Box not pick up,-,aa1f9fa4-20d8-4ed9-b3ff-93fb746a2041,IMA E06,2025-10-01 03:24:30.005057+00
ACTIVE,2025-09-15,21:50:15,21:54:45,4,No,-,-,-,aa702797-a094-4a28-afa5-a0d2c8a3557a,IMA T19,2025-10-01 03:24:22.074365+00
ACTIVE,2025-09-29,10:33:25,10:36:55,4,No,-,-,-,aa74d556-7fee-47b9-9a0b-f03e5bd91ed1,IMA E06,2025-10-01 03:24:33.928006+00
INACTIVE,2025-09-17,17:28:56,17:31:29,3,No,-,-,-,aaa2aa0d-24cd-4803-b63b-8b2da166003e,IMA E06,2025-10-01 03:24:29.576452+00
INACTIVE,2025-09-30,06:43:16,06:44:19,1,No,-,-,-,aacfb514-5661-4198-ac74-f63965e58bf8,IMA T19,2025-10-01 03:24:28.198188+00
INACTIVE,2025-09-30,11:17:49,11:20:54,3,Yes,Mechanical General,144 Forming of empty ic,-,aad72784-a3f3-4818-9640-ed1cb2ab93a1,IMA T19,2025-10-01 03:24:28.198188+00
INACTIVE,2025-09-25,19:43:01,19:52:35,10,Yes,Mechanical General,-,Seam guide lifting piston failure,aaff7369-b7ec-486e-9bfd-fd0714552be5,IMA T19,2025-10-01 03:24:26.172856+00
INACTIVE,2025-09-15,17:03:34,17:06:10,3,No,-,-,-,ab170a50-0452-4dc3-8225-33fd7229a325,IMA E06,2025-10-01 03:24:28.642092+00
ACTIVE,2025-09-18,21:24:08,21:30:38,6,No,-,-,-,ab2a2571-15d9-434d-a7c4-b135bbdb1e9b,IMA T19,2025-10-01 03:24:23.908734+00
ACTIVE,2025-09-30,14:40:20,14:50:50,10,No,-,-,-,ab2d289b-6df7-4d61-833e-73610d2c37bc,IMA T19,2025-10-01 03:24:28.198188+00
ACTIVE,2025-09-27,15:42:22,16:02:22,20,No,-,-,-,ab76cd31-09ce-4cb4-9593-3c8bc696acba,IMA E06,2025-10-01 03:24:33.48849+00
INACTIVE,2025-09-25,22:10:02,22:12:07,2,Yes,Material Shortage,304 No envelope,-,ab7e1bfb-6f45-4fd2-b4bd-b1eb5a26f8b9,IMA E06,2025-10-01 03:24:32.624437+00
INACTIVE,2025-09-17,14:30:20,14:34:32,4,No,-,-,-,abbcabaa-b396-4940-ac21-02aa2954e9b2,IMA E06,2025-10-01 03:24:29.128339+00
ACTIVE,2025-09-22,14:58:35,15:01:05,2,No,-,-,-,abc49ad3-df93-43c5-b4c2-b0735caec84f,IMA T19,2025-10-01 03:24:25.118773+00
INACTIVE,2025-09-29,13:50:38,13:52:38,2,Yes,-,-,-,abe35b15-e7d5-4702-8ada-9c39ccd0c1e2,IMA E06,2025-10-01 03:24:34.339012+00
ACTIVE,2025-09-18,12:09:51,12:11:21,2,No,-,-,-,abfa59df-94cf-4682-889a-c19ccddc5e53,IMA T19,2025-10-01 03:24:23.397716+00
ACTIVE,2025-09-23,12:56:58,12:57:58,1,No,-,-,-,ac2a8f23-4e6a-4737-ae2e-203e7abd46db,IMA T19,2025-10-01 03:24:25.118773+00
ACTIVE,2025-09-25,09:40:04,09:41:34,2,No,-,-,-,ac2ce2f3-6e45-459c-9e28-df72bd6d9514,IMA E06,2025-10-01 03:24:32.624437+00
ACTIVE,2025-09-24,00:00:00,00:25:01,25,No,-,-,-,ac6c47a6-8d91-4fad-9a8b-3be34c390885,IMA E06,2025-10-01 03:24:31.74892+00
ACTIVE,2025-09-22,09:00:59,09:37:29,36,No,-,-,-,ac6e1b69-abf0-4263-8500-21214f55fea7,IMA T19,2025-10-01 03:24:25.118773+00
INACTIVE,2025-09-16,00:30:00,00:55:05,25,No,-,-,-,ac90a31e-2e08-4af8-8951-4f22a37b3cb2,IMA E06,2025-10-01 03:24:28.642092+00
ACTIVE,2025-09-26,10:46:46,11:02:46,16,No,-,-,-,aca106b2-c82b-430b-9bf7-343c8b72a571,IMA T19,2025-10-01 03:24:26.172856+00
INACTIVE,2025-09-22,12:48:57,12:50:02,1,Yes,Packaging / Material Issues,374 Bag Stack Rotation Overload,-,acdc2a81-a373-4e21-8cb4-3686d171c4aa,IMA E06,2025-10-01 03:24:31.310218+00
ACTIVE,2025-09-22,16:19:04,16:22:34,4,No,-,-,-,acfb700c-b66e-41f7-8bbe-ae459a9e69d4,IMA T19,2025-10-01 03:24:25.118773+00
INACTIVE,2025-09-25,05:11:51,05:35:25,24,Yes,Admin,128 Daily CLIRT,-,ad478e02-779f-4442-b475-cc050d0d6b3e,IMA E06,2025-10-01 03:24:32.624437+00
INACTIVE,2025-09-20,05:45:53,05:46:57,1,No,-,-,-,ad5faed1-0f28-4ea9-af63-2937d6d6e5c9,IMA E06,2025-10-01 03:24:30.437349+00
ACTIVE,2025-09-24,10:35:24,10:36:24,1,No,-,-,-,ad78ca7c-f474-44e5-8375-207963ae3195,IMA T19,2025-10-01 03:24:25.640136+00
ACTIVE,2025-09-18,19:19:19,19:20:49,2,No,-,-,-,ad835fd1-16bd-49c0-8e0c-75a635f4142b,IMA T19,2025-10-01 03:24:23.397716+00
INACTIVE,2025-09-27,13:53:03,15:11:08,78,Yes,Admin,138 Training,-,ad8832b2-6bd2-4e75-8dca-612875df57b7,IMA E06,2025-10-01 03:24:33.48849+00
ACTIVE,2025-09-29,10:26:36,10:45:36,19,No,-,-,-,ad9096f8-9c9c-45d5-8c17-c35650698037,IMA T19,2025-10-01 03:24:27.585911+00
ACTIVE,2025-09-19,12:54:35,13:01:05,6,No,-,-,-,ad985429-89f8-4416-b3a4-d921dbcc89cb,IMA E06,2025-10-01 03:24:30.437349+00
INACTIVE,2025-09-25,01:19:47,01:23:06,3,No,-,-,-,ada3d91f-6a65-4160-b34f-5036b1e13f36,IMA E06,2025-10-01 03:24:32.188922+00
ACTIVE,2025-09-15,07:53:45,08:15:45,22,No,-,-,-,adaa8402-b256-4e9b-9e97-17ca5ee58d30,IMA T19,2025-10-01 03:24:22.074365+00
INACTIVE,2025-09-26,18:42:06,18:43:06,1,No,-,-,-,addec43a-6ad3-47a4-a390-810e593b8e37,IMA E06,2025-10-01 03:24:33.059588+00
ACTIVE,2025-09-29,21:40:26,22:13:56,34,No,-,-,-,adeb9d68-1189-419b-b88b-481f003f7ead,IMA T19,2025-10-01 03:24:28.198188+00
INACTIVE,2025-09-29,06:32:39,06:33:43,1,No,-,-,-,adfa56e0-6e43-4645-8165-4109a8829787,IMA E06,2025-10-01 03:24:33.928006+00
ACTIVE,2025-09-17,19:09:56,19:12:26,2,No,-,-,-,adfff0d9-c366-4e7f-b05d-9e005acdfdeb,IMA T19,2025-10-01 03:24:22.877579+00
ACTIVE,2025-09-22,15:39:51,15:45:51,6,No,-,-,-,ae0a4fd4-0044-4d0c-8235-aca1837f3e9c,IMA T19,2025-10-01 03:24:25.118773+00
INACTIVE,2025-09-29,13:33:42,13:34:46,1,Yes,-,-,-,ae0cb1c1-a341-41bc-99be-b7dadb781262,IMA T19,2025-10-01 03:24:27.585911+00
INACTIVE,2025-09-15,13:47:00,13:48:02,1,No,-,-,-,ae1bbbae-bd1c-420a-8c1c-f1023373a574,IMA E06,2025-10-01 03:24:28.642092+00
ACTIVE,2025-09-27,01:33:22,01:38:22,5,No,-,-,-,ae28039e-ce3b-46a2-84a0-f51d6aa6ccf7,IMA E06,2025-10-01 03:24:33.48849+00
ACTIVE,2025-09-25,03:26:23,03:39:23,13,No,-,-,-,ae2a8f4f-db5c-4c6e-9de1-dd717c74028b,IMA E06,2025-10-01 03:24:32.188922+00
INACTIVE,2025-09-22,13:23:15,13:26:50,4,Yes,Packaging / Material Issues,374 Bag Stack Rotation Overload,-,ae38cc66-0d41-4799-8597-0337c5ce1715,IMA E06,2025-10-01 03:24:31.310218+00
ACTIVE,2025-09-18,09:07:37,09:13:37,6,No,-,-,-,ae3c50ad-1e67-45c4-9644-37f0e6a2fb11,IMA T19,2025-10-01 03:24:23.397716+00
ACTIVE,2025-09-17,09:20:40,09:21:40,1,No,-,-,-,ae4ffcf4-cb4f-41eb-bdb6-3f144c74d10b,IMA T19,2025-10-01 03:24:22.877579+00
INACTIVE,2025-09-15,11:28:11,11:34:46,7,No,-,-,-,ae548151-2825-4354-bf63-613757c1ac90,IMA E06,2025-10-01 03:24:28.642092+00
ACTIVE,2025-09-26,19:48:20,19:56:50,8,No,-,-,-,ae560097-fba8-4f97-9014-14fd3745295f,IMA T19,2025-10-01 03:24:26.969994+00
ACTIVE,2025-09-15,17:02:02,17:03:32,2,No,-,-,-,ae5d63aa-9b19-4916-8f72-3674765f222c,IMA E06,2025-10-01 03:24:28.642092+00
ACTIVE,2025-09-17,21:24:37,22:19:37,55,No,-,-,-,ae71cb41-7794-4254-a721-3cd06a0cc185,IMA T19,2025-10-01 03:24:22.877579+00
ACTIVE,2025-09-23,22:31:29,22:53:29,22,No,-,-,-,ae78ffa5-81b4-4111-8a72-c980b3d5f77d,IMA E06,2025-10-01 03:24:31.74892+00
ACTIVE,2025-09-29,15:41:30,15:51:30,10,No,-,-,-,ae7bbb6a-2923-4473-b3b1-d1ab34662934,IMA E06,2025-10-01 03:24:34.339012+00
ACTIVE,2025-09-20,11:00:05,11:10:35,10,No,-,-,-,ae84b7bb-39dd-410b-9cf7-027d7d0a0b9f,IMA T19,2025-10-01 03:24:24.504481+00
ACTIVE,2025-09-23,18:13:51,18:28:51,15,No,-,-,-,ae8767a7-38d3-4bc0-ac1b-268e270e07a6,IMA T19,2025-10-01 03:24:25.640136+00
ACTIVE,2025-09-25,15:57:50,16:21:50,24,No,-,-,-,aea5edce-7ba7-44df-b72d-42967c0a44c8,IMA T19,2025-10-01 03:24:26.172856+00
ACTIVE,2025-09-17,07:58:45,08:14:45,16,No,-,-,-,aeae71be-cba3-4108-b7ed-fcab2814508d,IMA E06,2025-10-01 03:24:29.128339+00
INACTIVE,2025-09-17,19:31:35,19:34:40,3,No,-,-,-,aed3b1c9-87c2-4202-82fc-a590315e527d,IMA E06,2025-10-01 03:24:29.576452+00
ACTIVE,2025-09-18,15:36:26,16:01:56,26,No,-,-,-,aeed232c-0e21-4dce-ae1e-067334c12b94,IMA E06,2025-10-01 03:24:30.005057+00
INACTIVE,2025-09-29,14:03:02,14:08:12,5,Yes,-,-,-,aef9d8f2-9abf-492b-b99d-016ee1fa8634,IMA T19,2025-10-01 03:24:27.585911+00
ACTIVE,2025-09-17,10:32:04,10:42:34,10,No,-,-,-,af43f9ab-7359-4d3a-b9ec-4a03be9127e5,IMA E06,2025-10-01 03:24:29.128339+00
INACTIVE,2025-09-29,04:54:51,06:23:53,89,No,-,-,-,af5246fa-8ddb-40c6-8967-2a5998d83f79,IMA T19,2025-10-01 03:24:26.969994+00
ACTIVE,2025-09-27,22:30:50,22:39:20,8,No,-,-,-,af62fd58-c2fe-4069-ae09-6a358e6dae92,IMA E06,2025-10-01 03:24:33.48849+00
INACTIVE,2025-09-26,23:54:14,23:55:48,2,No,-,-,-,af9b5335-d2ae-4161-9682-533f3661623a,IMA E06,2025-10-01 03:24:33.48849+00
INACTIVE,2025-09-29,14:09:16,14:15:51,7,Yes,-,-,-,afba0e5c-9be5-4cf7-b9bf-4274d27239d4,IMA E06,2025-10-01 03:24:34.339012+00
INACTIVE,2025-09-24,19:32:13,19:33:18,1,No,-,-,-,afec3b9f-1ffd-49b4-b951-c47e6fe882e0,IMA T19,2025-10-01 03:24:26.172856+00
ACTIVE,2025-09-23,21:54:16,21:55:46,2,No,-,-,-,aff87dfe-931d-49bb-8f1d-ddcd7cd9f8b3,IMA T19,2025-10-01 03:24:25.640136+00
INACTIVE,2025-09-29,20:30:47,21:19:29,49,No,-,-,-,b0063e20-8eea-4faf-ab84-b046b60b47ce,IMA T19,2025-10-01 03:24:28.198188+00
INACTIVE,2025-09-26,10:06:01,10:11:36,6,Yes,Packaging / Material Issues,826 Pin hole on pouch,check the cutter c/o Technician,b0091abc-7c7c-4a2f-92be-0d80509fb790,IMA E06,2025-10-01 03:24:33.059588+00
ACTIVE,2025-09-17,11:01:11,11:06:11,5,No,-,-,-,b061ac89-7e22-4e37-ae7b-5a96ee27560d,IMA T19,2025-10-01 03:24:22.877579+00
ACTIVE,2025-09-24,03:11:08,03:29:38,18,No,-,-,-,b079e636-bc9b-4637-80d5-bf9a990c0bda,IMA E06,2025-10-01 03:24:31.74892+00
ACTIVE,2025-09-25,05:00:55,05:11:25,10,No,-,-,-,b07f6ec3-5073-4aab-8e4c-c9595acc8943,IMA E06,2025-10-01 03:24:32.624437+00
INACTIVE,2025-09-15,12:43:14,12:44:48,2,No,-,-,-,b0983c45-5387-4d5b-85f4-dc7a49638541,IMA E06,2025-10-01 03:24:28.642092+00
ACTIVE,2025-09-22,23:19:04,23:27:34,8,No,-,-,-,b0f2c346-deaf-4977-ad66-5e7be9a87b74,IMA T19,2025-10-01 03:24:25.118773+00
INACTIVE,2025-09-16,07:58:16,08:13:08,15,Yes,Mechanical General,311 Crumpled filter paper,-,b11a6c1c-9f97-49d7-a9a6-dea1dc3846ad,IMA T19,2025-10-01 03:24:22.074365+00
INACTIVE,2025-09-27,16:01:11,16:07:01,6,Yes,Mechanical General,311 Crumpled filter paper,-,b120c6db-12f2-4937-be68-5ce6ae8bab23,IMA T19,2025-10-01 03:24:26.969994+00
ACTIVE,2025-09-24,19:23:47,19:31:47,8,No,-,-,-,b1282c79-dec7-4d78-bbf6-b8cbbff2610f,IMA T19,2025-10-01 03:24:26.172856+00
ACTIVE,2025-09-17,19:12:53,19:21:53,9,No,-,-,-,b12a67e8-488a-4366-b961-043c69a311c3,IMA T19,2025-10-01 03:24:22.877579+00
INACTIVE,2025-09-25,19:02:24,19:03:59,2,No,-,-,-,b168e191-bd88-4a60-bde8-f299ff59d6a3,IMA E06,2025-10-01 03:24:32.624437+00
INACTIVE,2025-09-29,08:55:13,08:56:17,1,No,-,-,-,b179e69b-b8fd-4565-990d-8ded56cd8e05,IMA E06,2025-10-01 03:24:33.928006+00
ACTIVE,2025-09-17,08:10:44,09:13:44,63,No,-,-,-,b1c13ec6-68e6-4e1f-9578-16c979a7cbe3,IMA T19,2025-10-01 03:24:22.877579+00
INACTIVE,2025-09-27,19:01:33,19:05:08,4,No,-,-,-,b1d06cf6-5097-48fc-b072-3c1d744ca885,IMA E06,2025-10-01 03:24:33.48849+00
ACTIVE,2025-09-27,04:51:16,05:01:16,10,No,-,-,-,b1d10eac-ebe7-432d-8060-f4093c005a06,IMA E06,2025-10-01 03:24:33.48849+00
INACTIVE,2025-09-23,23:36:51,23:37:55,1,No,-,-,-,b1d941af-87d2-4aaf-b5eb-51c4c89a599e,IMA T19,2025-10-01 03:24:25.640136+00
INACTIVE,2025-09-29,19:29:10,19:30:14,1,No,-,-,-,b28bfc65-4a90-4b34-8aa5-afab7fb0f3dd,IMA T19,2025-10-01 03:24:27.585911+00
INACTIVE,2025-09-29,10:01:16,10:02:46,2,No,-,-,-,b296cd95-2620-49fc-a32c-bb7d08a11a5f,IMA E06,2025-10-01 03:24:33.928006+00
ACTIVE,2025-09-22,17:26:44,17:27:44,1,No,-,-,-,b2ae00a7-11a9-46fb-8855-cece454e916c,IMA T19,2025-10-01 03:24:25.118773+00
ACTIVE,2025-09-19,19:19:47,19:26:17,6,No,-,-,-,b2b8c1dc-9f57-4b17-aebc-d8abec3bd0f5,IMA T19,2025-10-01 03:24:23.908734+00
ACTIVE,2025-09-27,17:06:10,17:18:10,12,No,-,-,-,b2d72dd7-54f3-47c4-bea3-8d6d7a4670fd,IMA T19,2025-10-01 03:24:26.969994+00
INACTIVE,2025-09-19,00:26:16,00:50:52,25,No,-,-,-,b30fe86c-bbca-46c1-82b2-3565758edc88,IMA E06,2025-10-01 03:24:30.005057+00
INACTIVE,2025-09-22,10:59:07,12:20:37,82,Yes,Changeover / Setup,131 Change over,-,b31195ef-0901-47fc-8684-93023d00a6a4,IMA E06,2025-10-01 03:24:31.310218+00
ACTIVE,2025-09-15,22:30:45,22:32:15,2,No,-,-,-,b3138fca-9024-4d15-b642-5e37a25e0e4e,IMA T19,2025-10-01 03:24:22.074365+00
ACTIVE,2025-09-20,18:53:37,19:14:07,20,No,-,-,-,b33586ca-c80d-4543-934a-2af20dbc42bf,IMA T19,2025-10-01 03:24:24.504481+00
INACTIVE,2025-09-26,12:34:30,12:38:53,4,Yes,Mechanical General,342 Thread not in place on chrochet,-,b33ea933-c51e-4d4b-aa6e-6b68d331530f,IMA T19,2025-10-01 03:24:26.172856+00
ACTIVE,2025-09-15,17:19:39,17:41:09,22,No,-,-,-,b36397ad-74a3-47f4-9b19-e281ce29828e,IMA T19,2025-10-01 03:24:22.074365+00
ACTIVE,2025-09-22,07:55:11,08:43:11,48,No,-,-,-,b373d222-a95e-4815-ab11-00e266e0ff9c,IMA T19,2025-10-01 03:24:24.504481+00
INACTIVE,2025-09-25,15:39:47,15:43:48,4,No,-,-,-,b3869912-85f7-47f1-bd11-f1249d8098c7,IMA E06,2025-10-01 03:24:32.624437+00
INACTIVE,2025-09-18,04:02:26,04:03:31,1,No,-,-,-,b3a0d9ff-9b2b-4917-b8d9-0136f65d00c7,IMA E06,2025-10-01 03:24:29.576452+00
ACTIVE,2025-09-19,14:40:30,15:03:00,22,No,-,-,-,b3b8df99-ed84-4855-8101-81cb4cad0821,IMA E06,2025-10-01 03:24:30.437349+00
ACTIVE,2025-09-25,22:52:55,23:29:25,36,No,-,-,-,b3ce726b-483b-4ff8-a883-c7ae1be53227,IMA T19,2025-10-01 03:24:26.172856+00
ACTIVE,2025-09-17,15:40:06,15:41:36,2,No,-,-,-,b417c6a7-e755-4ffd-a78c-fcbe34e326f8,IMA T19,2025-10-01 03:24:22.877579+00
ACTIVE,2025-09-16,10:51:40,10:59:40,8,No,-,-,-,b417c6cc-50f7-4994-83cf-d995bc753642,IMA E06,2025-10-01 03:24:29.128339+00
INACTIVE,2025-09-22,07:37:30,07:39:00,2,Yes,Packaging / Material Issues,310 Tea bag Falling,-,b418e3bb-ab15-4878-b30c-bc3b482d7d8b,IMA E06,2025-10-01 03:24:30.866611+00
ACTIVE,2025-09-24,01:21:02,01:56:02,35,No,-,-,-,b4263540-f02b-4f1b-ba4a-210649d1b6c5,IMA E06,2025-10-01 03:24:31.74892+00
INACTIVE,2025-09-16,14:45:35,14:47:16,2,No,-,-,-,b43fff3e-21a5-4bb5-930d-109583dbc415,IMA E06,2025-10-01 03:24:29.128339+00
INACTIVE,2025-09-24,00:25:31,00:28:35,3,Yes,Packaging / Material Issues,422 Box exit unit over load,-,b4403330-a689-4913-b8f0-56241cdfddbd,IMA E06,2025-10-01 03:24:31.74892+00
INACTIVE,2025-09-19,08:31:00,08:34:05,3,No,-,-,-,b449aaa1-0aa5-4a18-8262-952f09aa9baa,IMA E06,2025-10-01 03:24:30.005057+00
ACTIVE,2025-09-24,17:15:33,17:20:03,4,No,-,-,-,b44ff052-d520-440c-9803-04d728ebcae5,IMA T19,2025-10-01 03:24:25.640136+00
ACTIVE,2025-09-24,21:00:36,21:06:36,6,No,-,-,-,b465faad-ee84-45ae-916c-f4171ae3c7ed,IMA T19,2025-10-01 03:24:26.172856+00
ACTIVE,2025-09-17,21:18:08,21:22:38,4,No,-,-,-,b4e2576c-5a10-4ba2-a3ad-9006c858db82,IMA T19,2025-10-01 03:24:22.877579+00
ACTIVE,2025-09-15,07:19:59,07:33:29,14,No,-,-,-,b4e67f19-f6fa-49bf-86b7-ce3772410bc7,IMA E06,2025-10-01 03:24:28.642092+00
ACTIVE,2025-09-26,02:42:53,03:09:23,26,No,-,-,-,b4fc5cdb-5df6-460f-8ea6-941b338b342b,IMA E06,2025-10-01 03:24:33.059588+00
ACTIVE,2025-09-30,06:25:36,06:42:06,16,No,-,-,-,b51da5a0-23cb-4569-9058-f3b79882ea16,IMA T19,2025-10-01 03:24:28.198188+00
ACTIVE,2025-09-23,17:42:31,17:44:31,2,No,-,-,-,b526f078-c2c4-4093-a066-fe3858de2c55,IMA T19,2025-10-01 03:24:25.640136+00
ACTIVE,2025-09-19,08:20:21,08:30:51,10,No,-,-,-,b53fafd0-b522-4e56-816e-a45b6cf93275,IMA E06,2025-10-01 03:24:30.005057+00
INACTIVE,2025-09-17,12:19:41,12:22:16,3,No,-,-,-,b56a873c-ad80-4c0d-a943-14b3f46855e6,IMA E06,2025-10-01 03:24:29.128339+00
ACTIVE,2025-09-22,08:51:43,09:00:13,8,No,-,-,-,b58e7518-20ae-45c4-bde3-c62be73af861,IMA T19,2025-10-01 03:24:25.118773+00
ACTIVE,2025-09-15,22:19:49,22:22:49,3,No,-,-,-,b5905657-b701-4daa-a1ea-e62def17676f,IMA E06,2025-10-01 03:24:28.642092+00
ACTIVE,2025-09-22,14:22:10,14:23:40,2,No,-,-,-,b5c50caf-2e16-4620-9295-6fc65488fdc7,IMA E06,2025-10-01 03:24:31.310218+00
ACTIVE,2025-09-27,12:33:46,12:46:46,13,No,-,-,-,b5eb5744-2c73-42bc-8f12-1a390c7072ff,IMA T19,2025-10-01 03:24:26.969994+00
ACTIVE,2025-09-23,13:52:18,14:05:48,14,No,-,-,-,b61f75fc-d156-4f47-85dd-cf7c2c3a956f,IMA E06,2025-10-01 03:24:31.74892+00
ACTIVE,2025-09-29,19:37:06,19:38:36,2,No,-,-,-,b6757eba-12d9-4f08-b194-ce2e3d76c56b,IMA T19,2025-10-01 03:24:27.585911+00
ACTIVE,2025-09-20,10:29:48,10:33:18,4,No,-,-,-,b6870315-f5a3-4ab8-8fdb-8974cc6f012b,IMA T19,2025-10-01 03:24:24.504481+00
ACTIVE,2025-09-26,00:03:38,00:04:38,1,No,-,-,-,b68bb320-8a46-4ef2-aa75-817c78f7fc5b,IMA E06,2025-10-01 03:24:33.059588+00
INACTIVE,2025-09-23,08:47:45,08:48:52,1,No,-,-,-,b6af4f20-b818-4009-b67d-5b633a16e042,IMA E06,2025-10-01 03:24:31.310218+00
ACTIVE,2025-09-20,07:00:49,07:14:19,14,No,-,-,-,b7361dc9-9e5f-453d-a01c-fee235863a12,IMA T19,2025-10-01 03:24:24.504481+00
INACTIVE,2025-09-25,19:07:26,19:08:59,2,Yes,-,-,-,b73ec621-908f-4f41-a63c-7624d809cf5d,IMA T19,2025-10-01 03:24:26.172856+00
INACTIVE,2025-09-16,06:30:34,06:32:04,2,No,-,-,-,b74256c2-a6be-4971-8f3d-f658f05e8a63,IMA E06,2025-10-01 03:24:29.128339+00
ACTIVE,2025-09-30,15:17:34,15:44:34,27,No,-,-,-,b778c4ca-87b8-47c5-82b6-a788bf386ba9,IMA T19,2025-10-01 03:24:28.198188+00
ACTIVE,2025-09-25,13:42:33,13:48:03,6,No,-,-,-,b77926fb-f342-4790-9052-2c3d234610e1,IMA E06,2025-10-01 03:24:32.624437+00
ACTIVE,2025-09-19,01:49:23,01:54:53,6,No,-,-,-,b77addfa-636b-4993-b875-5dfcf6b6ccdd,IMA E06,2025-10-01 03:24:30.005057+00
ACTIVE,2025-09-19,18:39:42,18:41:12,2,No,-,-,-,b786b4ed-23e7-4604-9d0e-1f8a001d0849,IMA T19,2025-10-01 03:24:23.908734+00
ACTIVE,2025-09-19,15:47:46,16:03:46,16,No,-,-,-,b80ac93c-5016-43e0-b78b-ef257e1fc4cc,IMA T19,2025-10-01 03:24:23.908734+00
ACTIVE,2025-09-26,21:35:26,22:36:26,61,No,-,-,-,b834bded-addc-44f5-8274-cb92ac0b2b29,IMA T19,2025-10-01 03:24:26.969994+00
ACTIVE,2025-09-17,17:14:30,17:28:30,14,No,-,-,-,b83e5dab-2278-45a8-8ee2-4461e7fb18b1,IMA E06,2025-10-01 03:24:29.576452+00
ACTIVE,2025-09-16,03:04:28,03:10:28,6,No,-,-,-,b85393a8-de15-43e3-bb70-d3aac095517e,IMA E06,2025-10-01 03:24:29.128339+00
ACTIVE,2025-09-19,15:17:56,15:25:26,8,No,-,-,-,b8afc023-29b9-4e33-bff1-b250955462bc,IMA T19,2025-10-01 03:24:23.908734+00
INACTIVE,2025-09-27,15:24:01,15:29:05,5,Yes,Mechanical General,300 Envelope splicing failed,-,b8b95a0f-9d79-468d-8151-21df3d5f1ca4,IMA E06,2025-10-01 03:24:33.48849+00
ACTIVE,2025-09-23,22:17:06,22:18:36,2,No,-,-,-,b8c90ef6-194a-4a25-bd13-d427c9c5f8a4,IMA T19,2025-10-01 03:24:25.640136+00
ACTIVE,2025-09-19,18:23:27,18:51:57,28,No,-,-,-,b8e23fd1-19f9-4633-b296-fec64b3ce664,IMA E06,2025-10-01 03:24:30.437349+00
INACTIVE,2025-09-25,23:41:08,23:42:08,1,No,-,-,-,b9079f7e-0069-470a-b5f7-93e0fb91b11d,IMA E06,2025-10-01 03:24:32.624437+00
INACTIVE,2025-09-24,19:55:10,19:56:14,1,No,-,-,-,b910fb4d-0d1c-4469-b89f-afd9ac8f299d,IMA E06,2025-10-01 03:24:32.188922+00
ACTIVE,2025-09-26,10:41:39,10:47:39,6,No,-,-,-,b93ab47c-f8fe-4170-ab7e-122f4a63b9e2,IMA E06,2025-10-01 03:24:33.059588+00
ACTIVE,2025-09-19,08:08:18,08:10:48,2,No,-,-,-,b95ed4f4-fdd0-4422-8e75-820f2f84b6fd,IMA T19,2025-10-01 03:24:23.908734+00
INACTIVE,2025-09-29,20:23:08,20:28:22,5,No,-,-,-,b9622a3c-dde7-4fa7-a417-28e922460da1,IMA T19,2025-10-01 03:24:28.198188+00
INACTIVE,2025-09-25,13:39:33,13:42:28,3,Yes,Material Shortage,304 No envelope,-,b9778619-c2ab-44d4-a4a9-90c7149b5340,IMA E06,2025-10-01 03:24:32.624437+00
INACTIVE,2025-09-27,15:34:30,15:35:35,1,No,-,-,-,b988fb03-6d06-4a4d-a637-97a042f98c3c,IMA E06,2025-10-01 03:24:33.48849+00
ACTIVE,2025-09-18,19:22:06,19:36:36,14,No,-,-,-,b98cd3b9-6328-4b3e-841b-64f36b537fdb,IMA T19,2025-10-01 03:24:23.397716+00
INACTIVE,2025-09-29,10:20:40,10:22:10,2,Yes,-,-,-,b9976fca-9e75-44bf-969c-285efef3ea4b,IMA E06,2025-10-01 03:24:33.928006+00
INACTIVE,2025-09-15,18:59:46,19:03:46,4,No,-,-,-,ba1233ee-74ff-421e-a39b-47110d6872f5,IMA T19,2025-10-01 03:24:22.074365+00
ACTIVE,2025-09-24,23:30:20,23:31:20,1,No,-,-,-,ba1b5ce3-8e19-4074-9ebe-b42e732f609b,IMA E06,2025-10-01 03:24:32.188922+00
INACTIVE,2025-09-17,22:36:16,22:48:51,13,No,-,-,-,ba1daf10-9e16-49bd-a62c-a7e66b9dca34,IMA E06,2025-10-01 03:24:29.576452+00
ACTIVE,2025-09-29,12:56:16,13:02:46,6,No,-,-,-,ba33c7f1-48fa-4fb9-b68e-46a38e726878,IMA E06,2025-10-01 03:24:33.928006+00
ACTIVE,2025-09-15,08:28:21,09:25:21,57,No,-,-,-,ba42ac65-6c0c-4cfb-862c-ba3e8b637c43,IMA E06,2025-10-01 03:24:28.642092+00
INACTIVE,2025-09-22,13:38:37,13:39:41,1,No,-,-,-,ba72de06-490c-414b-90e2-f9d364e5cc3d,IMA T19,2025-10-01 03:24:25.118773+00
INACTIVE,2025-09-17,08:15:12,08:17:17,2,No,-,-,-,ba9c9589-1d1d-4832-9df7-6dd89666bf69,IMA E06,2025-10-01 03:24:29.128339+00
ACTIVE,2025-09-15,21:35:56,21:42:26,6,No,-,-,-,babb2bf9-25ce-4a85-bf4a-be5853a80c93,IMA E06,2025-10-01 03:24:28.642092+00
ACTIVE,2025-09-20,06:35:43,06:44:13,8,No,-,-,-,bb006d9b-f7a3-4dd4-bce5-f882029a0965,IMA E06,2025-10-01 03:24:30.437349+00
ACTIVE,2025-09-15,11:03:12,11:27:42,24,No,-,-,-,bb1f2e19-2d53-4f30-ba7f-a89362c74b03,IMA E06,2025-10-01 03:24:28.642092+00
INACTIVE,2025-09-29,14:40:03,14:41:06,1,No,-,-,-,bb1faae8-42b7-4ade-909c-713d32f770d5,IMA E06,2025-10-01 03:24:34.339012+00
INACTIVE,2025-09-19,12:28:07,12:30:42,3,No,-,-,-,bb37db73-b533-4d39-947e-6b4863f8bd30,IMA E06,2025-10-01 03:24:30.005057+00
INACTIVE,2025-09-17,19:26:35,19:29:09,3,No,-,-,-,bbbe494b-3410-41b6-a456-2da2727bcd49,IMA E06,2025-10-01 03:24:29.576452+00
ACTIVE,2025-09-20,21:24:49,21:28:19,4,No,-,-,-,bbc094cb-ad21-482e-ac2e-069f2112c813,IMA T19,2025-10-01 03:24:24.504481+00
ACTIVE,2025-09-24,19:33:31,19:51:31,18,No,-,-,-,bbdf6e21-9d19-4754-ab1b-6af97021eea3,IMA T19,2025-10-01 03:24:26.172856+00
ACTIVE,2025-09-30,15:44:44,15:52:44,8,No,-,-,-,bbead916-48fc-4194-a2c4-ceaa5735462d,IMA T19,2025-10-01 03:24:28.198188+00
ACTIVE,2025-09-25,02:15:26,02:18:56,4,No,-,-,-,bbf085ee-5060-43c5-948a-3c364ee6c22d,IMA E06,2025-10-01 03:24:32.188922+00
ACTIVE,2025-09-15,08:24:32,08:25:32,1,No,-,-,-,bbfe9152-ea06-424d-ab73-8e43d4638659,IMA T19,2025-10-01 03:24:22.074365+00
INACTIVE,2025-09-19,19:14:53,19:15:57,1,No,-,-,-,bc101267-804b-4853-b6e9-dc247c8ee3a8,IMA E06,2025-10-01 03:24:30.437349+00
ACTIVE,2025-09-22,19:50:44,19:57:14,6,No,-,-,-,bc21137d-880d-4854-8b40-cfb8a1762859,IMA T19,2025-10-01 03:24:25.118773+00
INACTIVE,2025-09-18,15:27:23,15:28:28,1,No,-,-,-,bc4470d9-b99c-45d8-9b82-189eed5dfb0c,IMA T19,2025-10-01 03:24:23.397716+00
ACTIVE,2025-09-18,08:02:56,08:12:56,10,No,-,-,-,bc483f93-5dd6-41cb-86aa-dc74cf99a81f,IMA T19,2025-10-01 03:24:23.397716+00
ACTIVE,2025-09-17,17:31:57,18:04:57,33,No,-,-,-,bc544886-7ffc-4919-82bf-c500d2f89f08,IMA E06,2025-10-01 03:24:29.576452+00
ACTIVE,2025-09-15,12:47:36,12:53:06,6,No,-,-,-,bc7318ec-2251-4d2a-84a3-7ff45a0d2e39,IMA E06,2025-10-01 03:24:28.642092+00
INACTIVE,2025-09-19,20:30:04,20:32:09,2,No,-,-,-,bcac60c5-bb91-4c98-83ea-2aacdfd63435,IMA E06,2025-10-01 03:24:30.437349+00
ACTIVE,2025-09-29,07:24:40,07:34:10,10,No,-,-,-,bcbb9461-b2d4-4089-876d-93b4988408a0,IMA E06,2025-10-01 03:24:33.928006+00
ACTIVE,2025-09-17,12:16:54,12:19:24,2,No,-,-,-,bccd5415-3b57-4e7b-842d-b6bb95d0db55,IMA E06,2025-10-01 03:24:29.128339+00
ACTIVE,2025-09-17,10:23:34,10:25:04,2,No,-,-,-,bcdf5c14-52cc-41b8-af74-5e54d051788c,IMA T19,2025-10-01 03:24:22.877579+00
INACTIVE,2025-09-25,13:05:43,13:08:19,3,No,-,-,-,bceafbc2-c3cb-439c-b65c-82495a4a3630,IMA T19,2025-10-01 03:24:26.172856+00
INACTIVE,2025-09-29,14:54:27,15:01:32,7,Yes,-,-,-,bcff3fc8-5de8-45ba-bad9-174539c8f30a,IMA T19,2025-10-01 03:24:27.585911+00
INACTIVE,2025-09-30,00:00:00,20:48:38,1249,No,-,-,-,bd101dc1-98e8-4d00-aa2d-170d0485bc5e,IMA E06,2025-10-01 03:24:34.339012+00
ACTIVE,2025-09-27,01:39:21,01:46:51,8,No,-,-,-,bd24c7f5-d2c5-4b97-8766-863c15fd6064,IMA E06,2025-10-01 03:24:33.48849+00
INACTIVE,2025-09-20,18:02:04,21:25:35,204,Yes,Man power,137 Meeting,-,bd3008d5-4b60-4fe5-9033-edac8152517b,IMA E06,2025-10-01 03:24:30.866611+00
INACTIVE,2025-09-27,07:08:29,07:10:34,2,Yes,Packaging / Material Issues,410 Damage IC at box exit unit,-,bd3c7dec-a5ff-48e6-934e-d4f95e80a059,IMA E06,2025-10-01 03:24:33.48849+00
INACTIVE,2025-09-20,03:23:50,03:25:48,2,No,-,-,-,bd3f84b2-b6ff-4f33-b8c8-7b3d21cca891,IMA E06,2025-10-01 03:24:30.437349+00
ACTIVE,2025-09-20,09:03:50,09:06:50,3,No,-,-,-,bd68f5fb-0655-4424-94cf-cea59865e87a,IMA E06,2025-10-01 03:24:30.437349+00
INACTIVE,2025-09-29,10:45:18,10:46:18,1,No,-,-,-,bd6de0f2-37b9-42f2-90bb-2ce355571a21,IMA E06,2025-10-01 03:24:33.928006+00
ACTIVE,2025-09-20,12:48:59,13:13:59,25,No,-,-,-,bde926cb-eb11-4c7f-aff9-08289b96a299,IMA T19,2025-10-01 03:24:24.504481+00
INACTIVE,2025-09-17,17:14:29,17:18:31,4,No,-,-,-,bdff74ea-2921-421c-bdcd-040598a71328,IMA T19,2025-10-01 03:24:22.877579+00
ACTIVE,2025-09-22,07:07:13,07:12:13,5,No,-,-,-,be0f7187-043d-4bee-9a67-344a92f6cc3b,IMA E06,2025-10-01 03:24:30.866611+00
INACTIVE,2025-09-22,06:45:32,06:48:06,3,Yes,Mechanical General,103 Start up,-,be213276-20de-4341-8496-e6daf27fd5f8,IMA E06,2025-10-01 03:24:30.866611+00
ACTIVE,2025-09-23,07:25:51,08:14:21,48,No,-,-,-,be3c3169-2ce5-4a16-9856-ebdbe8f24eb0,IMA E06,2025-10-01 03:24:31.310218+00
ACTIVE,2025-09-23,08:26:52,08:36:52,10,No,-,-,-,be40c0ae-f95f-4c9b-8202-4dafbd327978,IMA T19,2025-10-01 03:24:25.118773+00
INACTIVE,2025-09-15,05:14:08,06:11:15,57,Yes,-,-,-,be91f259-5a14-4a86-a67e-53ebf2dfb00a,IMA T19,2025-10-01 03:24:22.074365+00
ACTIVE,2025-09-16,08:45:19,08:46:19,1,No,-,-,-,be9bb7e1-da81-4a9f-8d33-714f6b61891d,IMA E06,2025-10-01 03:24:29.128339+00
INACTIVE,2025-09-25,22:35:36,22:37:31,2,Yes,-,-,-,bea4c69a-42f9-4081-b3e6-d84120691f43,IMA T19,2025-10-01 03:24:26.172856+00
ACTIVE,2025-09-27,06:28:41,06:41:41,13,No,-,-,-,bec8d256-bc3a-4b28-9d14-e8b59c4c1dca,IMA T19,2025-10-01 03:24:26.969994+00
INACTIVE,2025-09-23,21:23:33,21:27:15,4,No,-,-,-,bec9f0af-b6cd-4aee-9331-74553d172955,IMA T19,2025-10-01 03:24:25.640136+00
ACTIVE,2025-09-29,18:33:39,18:45:09,12,No,-,-,-,bef593d0-d37b-475c-afd4-4a0b68c08321,IMA T19,2025-10-01 03:24:27.585911+00
ACTIVE,2025-09-16,01:42:21,01:55:51,14,No,-,-,-,befd100d-ed2a-4a60-97c9-390bff8a3d92,IMA E06,2025-10-01 03:24:29.128339+00
INACTIVE,2025-09-25,19:57:21,20:57:55,61,No,-,-,-,bf27b179-92da-4003-a637-fdda3b788094,IMA T19,2025-10-01 03:24:26.172856+00
ACTIVE,2025-09-25,13:10:02,13:29:32,20,No,-,-,-,bf2ddde4-3384-4fda-a2ad-2830010f0eda,IMA T19,2025-10-01 03:24:26.172856+00
INACTIVE,2025-09-20,22:48:30,22:49:34,1,No,-,-,-,bf51815a-0d14-4e5b-92d1-4b4025a9de86,IMA E06,2025-10-01 03:24:30.866611+00
ACTIVE,2025-09-20,18:00:16,18:51:16,51,No,-,-,-,bf5997ca-cbab-4a8a-bafd-84d7cc32f869,IMA T19,2025-10-01 03:24:24.504481+00
INACTIVE,2025-09-20,22:24:27,22:27:32,3,Yes,Packaging / Material Issues,310 Tea bag Falling,-,bf5dde7a-1b97-4915-8a20-a55f0c079155,IMA E06,2025-10-01 03:24:30.866611+00
INACTIVE,2025-09-27,14:37:28,14:38:33,1,No,-,-,-,bf79f7d4-a5b1-4837-afca-3d69a2c0574a,IMA T19,2025-10-01 03:24:26.969994+00
ACTIVE,2025-09-25,16:40:50,17:01:20,20,No,-,-,-,bf878dc4-4d63-42a1-9ef4-fa1b00eb6d65,IMA T19,2025-10-01 03:24:26.172856+00
ACTIVE,2025-09-18,03:03:35,03:04:35,1,No,-,-,-,bf89d0e2-3138-446c-a803-26c29bf8652d,IMA E06,2025-10-01 03:24:29.576452+00
ACTIVE,2025-09-19,15:06:18,15:10:18,4,No,-,-,-,bfd5e2d0-0d72-4afa-9d3d-40f0f34e693c,IMA E06,2025-10-01 03:24:30.437349+00
INACTIVE,2025-09-28,00:00:00,01:21:25,81,Yes,-,-,-,bfe3c47a-1dd2-4d67-947b-8ee7e4392e2c,IMA T19,2025-10-01 03:24:26.969994+00
ACTIVE,2025-09-27,07:41:24,07:47:24,6,No,-,-,-,bff5bafa-caa8-4ede-b367-5eb6ffe97dc7,IMA E06,2025-10-01 03:24:33.48849+00
ACTIVE,2025-09-18,22:02:04,22:09:04,7,No,-,-,-,c0003b2c-dce7-4249-a15c-dcc350a95c30,IMA T19,2025-10-01 03:24:23.908734+00
INACTIVE,2025-09-19,01:55:13,02:19:18,24,Yes,Admin,142 Break time,-,c0021502-f277-4cb2-9559-1056e352ceeb,IMA E06,2025-10-01 03:24:30.005057+00
ACTIVE,2025-09-19,03:39:36,04:09:06,30,No,-,-,-,c00b5076-935c-4fd5-baa4-42ff1d05709d,IMA E06,2025-10-01 03:24:30.005057+00
INACTIVE,2025-09-26,11:55:41,12:33:45,38,No,-,-,-,c017b625-6a29-4034-827b-3399593ed31c,IMA E06,2025-10-01 03:24:33.059588+00
ACTIVE,2025-09-22,08:28:00,08:31:00,3,No,-,-,-,c05ca2a5-1739-4eb7-a29a-70899bab467a,IMA E06,2025-10-01 03:24:30.866611+00
INACTIVE,2025-09-15,07:33:55,07:40:09,6,Yes,Material Shortage,304 No envelope,-,c05edc52-b084-4c37-b9ba-33f3334dbf4b,IMA E06,2025-10-01 03:24:28.642092+00
ACTIVE,2025-09-22,16:16:49,16:18:19,2,No,-,-,-,c0a3c88d-e1c1-42f7-9d98-859b973332f9,IMA T19,2025-10-01 03:24:25.118773+00
ACTIVE,2025-09-25,13:18:14,13:23:44,6,No,-,-,-,c0bbcadf-1c85-4211-a42a-d8ee75f4c2a8,IMA E06,2025-10-01 03:24:32.624437+00
ACTIVE,2025-09-30,13:43:59,13:52:59,9,No,-,-,-,c0d738c5-9366-4200-aa2d-f38efa958c6b,IMA T19,2025-10-01 03:24:28.198188+00
INACTIVE,2025-09-23,06:54:48,06:56:38,2,No,-,-,-,c0f3078b-31a1-4fdf-9e2f-681236b1485a,IMA T19,2025-10-01 03:24:25.118773+00
ACTIVE,2025-09-26,13:48:53,14:25:23,36,No,-,-,-,c0ff4c56-75b9-4aac-8372-caf0e45ddd4c,IMA E06,2025-10-01 03:24:33.059588+00
ACTIVE,2025-09-17,19:32:18,19:36:48,4,No,-,-,-,c103942c-af14-4788-9721-ce659c057d09,IMA T19,2025-10-01 03:24:22.877579+00
INACTIVE,2025-09-25,06:38:40,08:29:37,111,No,-,-,-,c119a79d-cb40-47aa-ab17-4de35b20412b,IMA E06,2025-10-01 03:24:32.624437+00
ACTIVE,2025-09-15,12:54:35,13:26:35,32,No,-,-,-,c12bb853-cc4a-4733-9c81-8451c2a2af4e,IMA E06,2025-10-01 03:24:28.642092+00
ACTIVE,2025-09-27,12:56:28,13:21:28,25,No,-,-,-,c1b4ed1d-4516-4c93-9782-a0f87bf5fe66,IMA E06,2025-10-01 03:24:33.48849+00
INACTIVE,2025-09-22,10:01:21,10:56:57,56,Yes,Changeover / Setup,131 Change over,-,c1c7c00f-4ac8-4dd2-9688-6a84e740ce53,IMA E06,2025-10-01 03:24:31.310218+00
ACTIVE,2025-09-19,12:45:55,13:16:25,30,No,-,-,-,c1d147c1-b5dd-449b-9ebf-0283ecdeff5c,IMA T19,2025-10-01 03:24:23.908734+00
INACTIVE,2025-09-19,06:17:43,06:18:47,1,No,-,-,-,c1e60c54-b1ea-4404-b78b-06031fa9c623,IMA E06,2025-10-01 03:24:30.005057+00
ACTIVE,2025-09-29,10:40:12,10:45:12,5,No,-,-,-,c207ea64-2616-42b7-a842-c8951044edb4,IMA E06,2025-10-01 03:24:33.928006+00
ACTIVE,2025-09-30,06:18:52,06:24:52,6,No,-,-,-,c220606d-e4fb-49cd-a706-006e75e578a5,IMA T19,2025-10-01 03:24:28.198188+00
INACTIVE,2025-09-22,19:04:06,19:07:02,3,Yes,Breakdown (Unplanned),409 Divider not pick up,-,c22b981b-9697-4d2a-9945-81b80f36879c,IMA T19,2025-10-01 03:24:25.118773+00
ACTIVE,2025-09-19,12:21:59,12:29:29,8,No,-,-,-,c284407d-05ec-4648-8bad-3874d45e99db,IMA T19,2025-10-01 03:24:23.908734+00
INACTIVE,2025-09-15,14:23:28,14:25:58,2,No,-,-,-,c287fb95-4a22-4a8f-99b2-087c6be6df54,IMA E06,2025-10-01 03:24:28.642092+00
ACTIVE,2025-09-18,10:54:29,11:06:29,12,No,-,-,-,c2a1a800-945b-484b-8b76-4aa90bbd4e6d,IMA T19,2025-10-01 03:24:23.397716+00
ACTIVE,2025-09-25,13:10:35,13:16:35,6,No,-,-,-,c2a4dd98-629c-4040-a30a-25d6d68f1dfd,IMA E06,2025-10-01 03:24:32.624437+00
ACTIVE,2025-09-22,15:48:18,15:49:48,2,No,-,-,-,c2bcbb0f-11f7-4fa9-9144-5505a48c2a97,IMA T19,2025-10-01 03:24:25.118773+00
ACTIVE,2025-09-16,07:25:14,08:07:14,42,No,-,-,-,c2d78866-c17a-4264-87ee-556dc47e54d4,IMA E06,2025-10-01 03:24:29.128339+00
ACTIVE,2025-09-23,18:29:18,18:31:18,2,No,-,-,-,c2dec6af-8aac-40b3-9302-b1354d83b4ae,IMA T19,2025-10-01 03:24:25.640136+00
ACTIVE,2025-09-29,18:11:09,18:28:39,18,No,-,-,-,c3512ca0-1b38-4182-a7d6-a41527af4544,IMA T19,2025-10-01 03:24:27.585911+00
INACTIVE,2025-09-29,12:37:17,12:38:21,1,No,-,-,-,c3567320-2d9e-4b39-86ea-de449a8f7f58,IMA T19,2025-10-01 03:24:27.585911+00
INACTIVE,2025-09-20,15:29:51,15:37:48,8,No,-,-,-,c370fc12-924c-411e-8814-32eae2a313d9,IMA T19,2025-10-01 03:24:24.504481+00
INACTIVE,2025-09-30,18:40:21,18:49:55,10,Yes,Mechanical General,311 Crumpled filter paper,-,c3ab57bc-978e-4763-ad0b-88191c01e261,IMA T19,2025-10-01 03:24:28.198188+00
ACTIVE,2025-09-29,19:21:04,19:29:04,8,No,-,-,-,c3d64450-d0a0-4ba8-9ba2-dd5a030d7f21,IMA T19,2025-10-01 03:24:27.585911+00
INACTIVE,2025-09-18,22:25:21,00:00:00,95,No,-,-,-,c41f09b0-3f62-4ba5-99e9-45a379e834e8,IMA E06,2025-10-01 03:24:30.005057+00
INACTIVE,2025-09-17,10:25:28,10:27:02,2,No,-,-,-,c4667087-1e75-4956-a0e3-9500710c7a44,IMA T19,2025-10-01 03:24:22.877579+00
INACTIVE,2025-09-18,07:54:42,07:56:57,2,No,-,-,-,c4a7f0a0-8210-4f8d-b51c-15407b0a273c,IMA T19,2025-10-01 03:24:23.397716+00
INACTIVE,2025-09-25,22:22:32,23:40:11,78,No,-,-,-,c4ce2dfe-3dca-4aab-a67c-b154b85c2979,IMA E06,2025-10-01 03:24:32.624437+00
ACTIVE,2025-09-22,17:19:21,17:26:21,7,No,-,-,-,c4dc14a8-7101-46a1-addd-32e9e5a3dda8,IMA T19,2025-10-01 03:24:25.118773+00
INACTIVE,2025-09-27,14:57:31,15:08:06,11,Yes,Admin,137 Meeting,-,c4eccecd-e5c2-4564-8688-6f9a0a91dc31,IMA T19,2025-10-01 03:24:26.969994+00
ACTIVE,2025-09-26,04:15:15,04:50:45,36,No,-,-,-,c4fc15ad-f353-42c1-ad83-e6fd8b0e4ef5,IMA E06,2025-10-01 03:24:33.059588+00
ACTIVE,2025-09-29,13:00:02,13:23:32,24,No,-,-,-,c4fcde28-2f1a-4c02-b64e-e5dbe6cd15f3,IMA T19,2025-10-01 03:24:27.585911+00
ACTIVE,2025-09-25,04:22:53,04:38:53,16,No,-,-,-,c5152a47-7966-4b3a-bb9f-a5157ade1dc5,IMA E06,2025-10-01 03:24:32.188922+00
ACTIVE,2025-09-22,13:01:38,13:07:38,6,No,-,-,-,c529ecec-5ab4-4201-9f78-b9a40b8afc59,IMA E06,2025-10-01 03:24:31.310218+00
INACTIVE,2025-09-25,04:08:13,04:09:13,1,No,-,-,-,c56b324b-c6e4-476a-8d01-2478146f12a9,IMA E06,2025-10-01 03:24:32.188922+00
ACTIVE,2025-09-19,17:23:50,17:37:20,14,No,-,-,-,c56da3ae-7a98-4633-b15b-e309dc7e2057,IMA T19,2025-10-01 03:24:23.908734+00
INACTIVE,2025-09-20,06:05:28,06:35:33,30,No,-,-,-,c59736cb-b816-497d-900d-dd9dd77b5ef9,IMA E06,2025-10-01 03:24:30.437349+00
INACTIVE,2025-09-29,08:57:50,08:59:25,2,Yes,-,-,-,c5ac3788-bdf1-4bb4-b02d-bf8498b141c7,IMA E06,2025-10-01 03:24:33.928006+00
INACTIVE,2025-09-19,16:05:51,16:24:57,19,Yes,Admin,128 Daily CLIRT,-,c5bcc5b8-ac55-40d9-bf63-1111418dd30e,IMA E06,2025-10-01 03:24:30.437349+00
ACTIVE,2025-09-22,14:17:24,14:18:24,1,No,-,-,-,c5c22f81-26c5-4c20-be9d-734b88d8384e,IMA T19,2025-10-01 03:24:25.118773+00
ACTIVE,2025-09-27,10:11:28,10:38:58,28,No,-,-,-,c5c69cb2-272d-4d74-bda5-0c47b8252f6a,IMA T19,2025-10-01 03:24:26.969994+00
ACTIVE,2025-09-23,18:11:15,18:32:15,21,No,-,-,-,c5d42b1e-6867-4624-9d64-1c7053a5ea71,IMA E06,2025-10-01 03:24:31.74892+00
ACTIVE,2025-09-20,07:15:43,07:16:43,1,No,-,-,-,c5d63f9b-8b0d-4c17-93fd-285adc748a17,IMA T19,2025-10-01 03:24:24.504481+00
INACTIVE,2025-09-17,18:08:01,18:12:01,4,No,-,-,-,c605fb77-ece7-469d-85dd-1fa4012e21a6,IMA E06,2025-10-01 03:24:29.576452+00
ACTIVE,2025-09-16,12:14:57,13:55:57,101,No,-,-,-,c61d04df-0550-432e-8f00-c38db0eadd04,IMA T19,2025-10-01 03:24:22.877579+00
INACTIVE,2025-09-29,16:43:47,16:44:52,1,No,-,-,-,c629313b-91f9-46b0-9d46-cc170d713733,IMA E06,2025-10-01 03:24:34.339012+00
INACTIVE,2025-09-23,04:40:46,04:41:50,1,No,-,-,-,c6371ea6-3761-4803-bc1a-662c9ca7ce73,IMA E06,2025-10-01 03:24:31.310218+00
ACTIVE,2025-09-26,22:38:44,23:29:14,50,No,-,-,-,c65138bb-07fd-42f4-8dfd-e1fc58161672,IMA T19,2025-10-01 03:24:26.969994+00
ACTIVE,2025-09-29,17:10:55,17:16:25,6,No,-,-,-,c6566e95-358f-4d16-aaed-4bc51796eb27,IMA T19,2025-10-01 03:24:27.585911+00
ACTIVE,2025-09-29,08:11:57,08:14:57,3,No,-,-,-,c658dfbb-ccb8-4776-9183-25bdb9fb3592,IMA E06,2025-10-01 03:24:33.928006+00
INACTIVE,2025-09-23,02:53:08,02:57:43,5,Yes,-,-,-,c6732ec4-b2e5-4306-9e84-0b043dac8d01,IMA E06,2025-10-01 03:24:31.310218+00
ACTIVE,2025-09-20,21:14:01,21:24:01,10,No,-,-,-,c673a21e-c454-4feb-ac62-a472d03e58ab,IMA T19,2025-10-01 03:24:24.504481+00
ACTIVE,2025-09-19,12:18:29,12:27:59,10,No,-,-,-,c6769ac6-dc99-4ff6-a929-422331cb02c3,IMA E06,2025-10-01 03:24:30.005057+00
ACTIVE,2025-09-19,13:02:55,13:13:55,11,No,-,-,-,c6e36346-3431-48c2-9633-40691123dbff,IMA E06,2025-10-01 03:24:30.437349+00
INACTIVE,2025-09-20,23:15:17,23:17:17,2,Yes,Man power,137 Meeting,-,c6ee12f9-aa57-4e77-8dec-32e95aa5a392,IMA E06,2025-10-01 03:24:30.866611+00
ACTIVE,2025-09-30,12:38:15,13:36:15,58,No,-,-,-,c70e29fa-4a9e-4e25-959b-cfc8fa3aecf7,IMA T19,2025-10-01 03:24:28.198188+00
ACTIVE,2025-09-20,21:28:51,21:31:51,3,No,-,-,-,c77115ec-751c-425f-8bf0-b28970011488,IMA T19,2025-10-01 03:24:24.504481+00
INACTIVE,2025-09-20,19:54:30,20:59:05,65,Yes,Admin,142 Break time,-,c7886b62-e886-40b6-95e9-dc2653aa61fd,IMA T19,2025-10-01 03:24:24.504481+00
INACTIVE,2025-09-17,22:23:34,22:30:40,7,No,-,-,-,c79c66f4-71a2-436f-919f-adaa312cadd6,IMA E06,2025-10-01 03:24:29.576452+00
INACTIVE,2025-09-26,21:59:47,22:00:53,1,No,-,-,-,c7cc2aad-4d92-47c9-af5a-0a61c44f22f4,IMA E06,2025-10-01 03:24:33.48849+00
INACTIVE,2025-09-30,14:39:12,14:40:12,1,No,-,-,-,c7f32ffd-6adb-43f4-a333-e31ffdf6590d,IMA T19,2025-10-01 03:24:28.198188+00
ACTIVE,2025-09-23,22:55:16,22:56:16,1,No,-,-,-,c7f95c19-4588-4811-8488-8f49b07ced23,IMA T19,2025-10-01 03:24:25.640136+00
INACTIVE,2025-09-29,14:04:39,14:07:31,3,No,-,-,-,c81cd807-1f17-4596-acd6-1898ed3ab92d,IMA E06,2025-10-01 03:24:34.339012+00
INACTIVE,2025-09-15,12:53:07,12:54:07,1,No,-,-,-,c82cef2d-e91b-4fe7-9472-13a96c7a1aed,IMA E06,2025-10-01 03:24:28.642092+00
ACTIVE,2025-09-15,21:11:18,21:12:48,2,No,-,-,-,c8337613-ba3f-4fc3-8663-56207f5755b9,IMA T19,2025-10-01 03:24:22.074365+00
ACTIVE,2025-09-15,17:23:57,17:28:27,4,No,-,-,-,c86db37f-eedf-435e-9253-bc6116b26200,IMA E06,2025-10-01 03:24:28.642092+00
INACTIVE,2025-09-25,06:35:06,06:38:11,3,Yes,Mechanical General,133 Flushing out excess tea,-,c8856bb7-4915-42fb-9a64-b35f37570a00,IMA E06,2025-10-01 03:24:32.624437+00
INACTIVE,2025-09-15,21:53:52,22:16:27,23,Yes,-,-,-,c8b6f0e7-100e-49a6-b83e-6a683a1613a4,IMA E06,2025-10-01 03:24:28.642092+00
INACTIVE,2025-09-20,03:11:03,03:14:08,3,No,-,-,-,c8e3ac10-e8c1-43cb-97ec-1c0fb69d7d98,IMA E06,2025-10-01 03:24:30.437349+00
ACTIVE,2025-09-18,01:44:06,01:48:36,4,No,-,-,-,c9221696-03f5-4737-a051-c35900817658,IMA E06,2025-10-01 03:24:29.576452+00
ACTIVE,2025-09-15,06:35:20,06:36:50,2,No,-,-,-,c92d404c-ca9a-40ca-9e6e-10bc3f7b00dc,IMA E06,2025-10-01 03:24:28.198188+00
INACTIVE,2025-09-26,12:46:15,12:48:48,3,No,-,-,-,c94968c2-584d-426a-95c4-28142ce1b0f1,IMA E06,2025-10-01 03:24:33.059588+00
ACTIVE,2025-09-24,19:02:13,19:23:13,21,No,-,-,-,c94bf781-3e90-404a-a98a-3fff1d8a552a,IMA T19,2025-10-01 03:24:26.172856+00
INACTIVE,2025-09-22,07:22:17,07:24:21,2,Yes,Packaging / Material Issues,310 Tea bag Falling,-,c96a1ce5-36d7-4608-8b92-c5d64cebf7de,IMA E06,2025-10-01 03:24:30.866611+00
ACTIVE,2025-09-17,09:19:36,09:20:36,1,No,-,-,-,c96de64b-a7ac-46c5-b86b-7cc73de32524,IMA T19,2025-10-01 03:24:22.877579+00
INACTIVE,2025-09-29,17:51:46,18:02:02,10,No,-,-,-,c997374f-ef26-45e1-8997-26d6e2f6f7c2,IMA T19,2025-10-01 03:24:27.585911+00
INACTIVE,2025-09-19,16:23:16,16:24:31,1,No,-,-,-,c9c2e49c-7167-46bd-b101-723ff6bef52e,IMA T19,2025-10-01 03:24:23.908734+00
INACTIVE,2025-09-15,08:27:16,08:28:17,1,No,-,-,-,c9d431ee-7bef-4063-9e32-a91d423f41fa,IMA E06,2025-10-01 03:24:28.642092+00
ACTIVE,2025-09-29,15:18:24,15:33:24,15,No,-,-,-,c9ec939a-3484-4ac5-bb3f-e35f02f26096,IMA T19,2025-10-01 03:24:27.585911+00
INACTIVE,2025-09-23,18:55:39,18:56:56,1,Yes,Mechanical General,306 Tag Splicing failed,-,c9f6b704-c3dd-4ee8-8684-323e94f2a181,IMA E06,2025-10-01 03:24:31.74892+00
ACTIVE,2025-09-19,16:28:04,16:31:04,3,No,-,-,-,c9f903ac-494f-484a-a8af-28359f29ab6b,IMA T19,2025-10-01 03:24:23.908734+00
ACTIVE,2025-09-29,19:49:43,19:50:43,1,No,-,-,-,c9fd3b6c-7d55-41f1-b882-ac71536474f3,IMA T19,2025-10-01 03:24:27.585911+00
ACTIVE,2025-09-20,21:39:52,21:40:52,1,No,-,-,-,ca0d2637-5de0-4b61-b788-8cfcc1883c16,IMA E06,2025-10-01 03:24:30.866611+00
ACTIVE,2025-09-29,15:46:28,16:15:28,29,No,-,-,-,ca427a61-4116-4b5c-849f-582cb2070de5,IMA T19,2025-10-01 03:24:27.585911+00
ACTIVE,2025-09-18,19:07:55,19:25:25,18,No,-,-,-,ca5312d7-6013-4283-b9e5-0fd68651fda8,IMA E06,2025-10-01 03:24:30.005057+00
INACTIVE,2025-09-15,17:42:24,18:04:14,22,No,-,-,-,ca6a4f52-6e51-46cb-a126-6cb513c9ec66,IMA E06,2025-10-01 03:24:28.642092+00
INACTIVE,2025-09-17,16:10:21,16:12:25,2,No,-,-,-,ca70d28e-c128-40fb-a580-ab42289c28f6,IMA E06,2025-10-01 03:24:29.576452+00
INACTIVE,2025-09-19,15:02:25,15:03:25,1,No,-,-,-,caad0210-9804-4b6e-a502-d09059bec0a0,IMA T19,2025-10-01 03:24:23.908734+00
INACTIVE,2025-09-19,00:21:29,00:23:35,2,No,-,-,-,cab9a013-510c-455c-b89e-87249eeb8d58,IMA E06,2025-10-01 03:24:30.005057+00
ACTIVE,2025-09-22,16:16:05,16:33:35,18,No,-,-,-,cadc9f33-05aa-4d73-b690-b4e7d2d946ec,IMA E06,2025-10-01 03:24:31.310218+00
INACTIVE,2025-09-29,09:17:36,09:18:41,1,No,-,-,-,cae095d2-e50e-49c7-8241-cf46bd4a89d0,IMA E06,2025-10-01 03:24:33.928006+00
INACTIVE,2025-09-29,14:19:12,14:20:45,2,No,-,-,-,caeb95e8-a216-4422-9a0a-fea3e5f4e374,IMA E06,2025-10-01 03:24:34.339012+00
INACTIVE,2025-09-30,15:53:42,15:54:47,1,No,-,-,-,caf180df-dd94-40fd-bf0f-dc356c8fb4ee,IMA T19,2025-10-01 03:24:28.198188+00
ACTIVE,2025-09-24,09:32:20,09:37:50,6,No,-,-,-,cb219ce2-cf2d-4b7f-ad1b-7290f24a5a39,IMA T19,2025-10-01 03:24:25.640136+00
ACTIVE,2025-09-29,07:36:35,07:53:05,16,No,-,-,-,cb4c9b26-f65f-429e-8077-0e37008fa479,IMA T19,2025-10-01 03:24:27.585911+00
ACTIVE,2025-09-16,02:16:54,02:32:24,16,No,-,-,-,cb55a005-e5d6-4c04-8868-b12865eba5c3,IMA E06,2025-10-01 03:24:29.128339+00
INACTIVE,2025-09-17,22:31:08,22:32:41,2,No,-,-,-,cb8c8566-e6ee-40f1-ab6b-8b830bdd5ddd,IMA E06,2025-10-01 03:24:29.576452+00
INACTIVE,2025-09-30,13:42:42,13:43:43,1,Yes,-,-,-,cb93b7b9-39fb-4455-bbb8-cb0395becf56,IMA T19,2025-10-01 03:24:28.198188+00
INACTIVE,2025-09-20,03:15:53,03:16:57,1,No,-,-,-,cc159333-5a39-48e6-b7c8-066cbe5c9064,IMA E06,2025-10-01 03:24:30.437349+00
ACTIVE,2025-09-26,19:42:09,20:00:39,18,No,-,-,-,cc45b5fd-2aca-449d-9fbe-f5b37c84850a,IMA E06,2025-10-01 03:24:33.059588+00
ACTIVE,2025-09-29,16:05:14,16:10:44,6,No,-,-,-,cc47702c-46fc-4502-aac0-e597a39fe369,IMA E06,2025-10-01 03:24:34.339012+00
ACTIVE,2025-09-16,07:21:30,07:22:30,1,No,-,-,-,cc594652-5469-4113-a928-cfae8abf31a7,IMA E06,2025-10-01 03:24:29.128339+00
ACTIVE,2025-09-30,18:38:11,18:40:11,2,No,-,-,-,cc738a88-edff-48b1-a93e-ccd6d1b3bd36,IMA T19,2025-10-01 03:24:28.198188+00
INACTIVE,2025-09-20,00:52:10,00:57:40,6,Yes,Quality / Rework,149 closing of Hopper gate,change over,cc8f477f-214a-4111-a5ee-88f04f25e275,IMA E06,2025-10-01 03:24:30.437349+00
ACTIVE,2025-09-18,16:30:14,16:58:44,28,No,-,-,-,ccb73fce-02bb-4ce0-8979-56b8ec8e9355,IMA T19,2025-10-01 03:24:23.397716+00
ACTIVE,2025-09-20,19:26:37,19:47:07,20,No,-,-,-,ccb8d852-5cd8-4e3c-aa5d-0940c604ab32,IMA T19,2025-10-01 03:24:24.504481+00
ACTIVE,2025-09-24,02:20:24,02:40:54,20,No,-,-,-,ccc30d40-1dee-47be-bf9c-f7f55f178247,IMA E06,2025-10-01 03:24:31.74892+00
INACTIVE,2025-09-18,06:13:36,06:17:15,4,No,-,-,-,ccca783f-71b2-4f50-a792-f731673ae614,IMA T19,2025-10-01 03:24:22.877579+00
INACTIVE,2025-09-22,06:22:10,06:23:10,1,No,-,-,-,cd06b1d0-d0e8-4253-a2eb-5f202490a1f8,IMA E06,2025-10-01 03:24:30.866611+00
INACTIVE,2025-09-29,17:38:35,17:39:40,1,Yes,-,-,-,cd168986-b999-4a86-8eb9-1cf7200a68fb,IMA E06,2025-10-01 03:24:34.339012+00
INACTIVE,2025-09-26,10:55:48,11:54:52,59,Yes,Admin,137 Meeting,Meeting regarding employee survey,cd33131f-a36f-4865-a935-4923dd93c5f4,IMA E06,2025-10-01 03:24:33.059588+00
ACTIVE,2025-09-19,18:58:17,19:13:17,15,No,-,-,-,cd337b3d-a0c3-4f46-9325-3cfe4856d263,IMA T19,2025-10-01 03:24:23.908734+00
ACTIVE,2025-09-16,06:13:53,06:15:53,2,No,-,-,-,cd3da318-e623-40a4-8582-07df511407f6,IMA T19,2025-10-01 03:24:22.074365+00
INACTIVE,2025-09-23,08:45:02,08:47:08,2,No,-,-,-,cd44d002-85f6-4b63-a0ea-c3a03884065e,IMA E06,2025-10-01 03:24:31.310218+00
ACTIVE,2025-09-20,09:09:42,09:31:42,22,No,-,-,-,cd67131e-f0f8-46fa-9b73-c7abf1c83a8a,IMA T19,2025-10-01 03:24:24.504481+00
ACTIVE,2025-09-26,18:14:14,18:26:14,12,No,-,-,-,cd84c7e9-43e5-4ffd-b0de-5c70f43d7016,IMA E06,2025-10-01 03:24:33.059588+00
INACTIVE,2025-09-16,00:24:52,00:25:52,1,No,-,-,-,cd89ebb8-0606-4f18-939c-39fb157f0e95,IMA E06,2025-10-01 03:24:28.642092+00
ACTIVE,2025-09-25,10:53:07,10:56:07,3,No,-,-,-,cda01f8a-9bd8-444b-b07a-5210b4041837,IMA E06,2025-10-01 03:24:32.624437+00
ACTIVE,2025-09-20,17:16:21,17:30:51,14,No,-,-,-,cdd03031-5b0a-41c7-a208-f69a70ccadec,IMA T19,2025-10-01 03:24:24.504481+00
ACTIVE,2025-09-24,10:28:30,10:30:30,2,No,-,-,-,ce1382ab-dd2c-4a86-bc18-debc9ae1cd04,IMA E06,2025-10-01 03:24:32.188922+00
ACTIVE,2025-09-15,20:59:59,21:06:29,6,No,-,-,-,ce237dee-1690-4a8f-9794-940c035b8926,IMA T19,2025-10-01 03:24:22.074365+00
ACTIVE,2025-09-27,17:38:37,17:42:37,4,No,-,-,-,ce27a4a8-d022-4b66-9334-564e0218af0c,IMA T19,2025-10-01 03:24:26.969994+00
ACTIVE,2025-09-24,14:08:34,14:50:04,42,No,-,-,-,ce3af8e2-4b6b-4522-9e3b-fbdae22cbcbc,IMA T19,2025-10-01 03:24:25.640136+00
ACTIVE,2025-09-20,16:49:25,16:52:25,3,No,-,-,-,ce4beda1-1e39-4e15-b7db-e92f9aa9e370,IMA E06,2025-10-01 03:24:30.866611+00
ACTIVE,2025-09-16,14:06:08,14:12:38,6,No,-,-,-,ce582dfd-2cd0-4e6d-953f-bf4cd267dd66,IMA E06,2025-10-01 03:24:29.128339+00
INACTIVE,2025-09-23,20:32:09,20:33:44,2,Yes,Planned Maintenance,889 DFO cleaning,-,ce6a3abe-de3a-41e8-8b4a-fd23ebd2b69f,IMA E06,2025-10-01 03:24:31.74892+00
ACTIVE,2025-09-20,08:29:06,09:03:06,34,No,-,-,-,ce7a7a14-0e40-446f-bb70-7a28086906e7,IMA T19,2025-10-01 03:24:24.504481+00
INACTIVE,2025-09-19,20:39:48,20:40:52,1,No,-,-,-,cebf4e1b-9ea0-44f5-b7bc-efb27b3efe1f,IMA E06,2025-10-01 03:24:30.437349+00
INACTIVE,2025-09-27,23:01:43,23:02:43,1,No,-,-,-,ced37d34-f2d9-4374-9ffe-d4167769eac7,IMA E06,2025-10-01 03:24:33.48849+00
ACTIVE,2025-09-29,08:31:09,08:34:09,3,No,-,-,-,ced9f1fb-bee8-496e-aa4f-0fb22eb199cf,IMA E06,2025-10-01 03:24:33.928006+00
ACTIVE,2025-09-17,21:02:38,21:13:08,10,No,-,-,-,cefc4445-a65f-42ca-a523-baa54460b090,IMA T19,2025-10-01 03:24:22.877579+00
INACTIVE,2025-09-24,07:00:02,07:06:37,7,Yes,Mechanical General,300 Envelope splicing failed,-,cf136e3d-9367-4ad1-857f-dd8ab5a95d85,IMA E06,2025-10-01 03:24:32.188922+00
ACTIVE,2025-09-26,06:45:47,07:10:47,25,No,-,-,-,cf3de084-5f95-470b-ab04-f9fd8630801d,IMA E06,2025-10-01 03:24:33.059588+00
INACTIVE,2025-09-19,09:52:25,09:55:25,3,No,-,-,-,cf4375ac-5e74-4475-9b49-9a446c1ccc25,IMA E06,2025-10-01 03:24:30.005057+00
ACTIVE,2025-09-25,22:43:50,22:51:50,8,No,-,-,-,cf5d701e-0714-49c5-913f-0c534aa4a64e,IMA T19,2025-10-01 03:24:26.172856+00
ACTIVE,2025-09-24,12:52:06,13:20:36,28,No,-,-,-,cf659322-fe2d-4ba6-a70b-ea3f6d4739af,IMA E06,2025-10-01 03:24:32.188922+00
ACTIVE,2025-09-16,10:27:33,10:40:03,12,No,-,-,-,cf6d3b21-0153-4a50-85e5-34d2abc5afa2,IMA T19,2025-10-01 03:24:22.074365+00
INACTIVE,2025-09-17,10:32:40,10:35:42,3,No,-,-,-,cf8a88ce-f1e8-4e59-b26f-f4ca1e0a85cc,IMA T19,2025-10-01 03:24:22.877579+00
ACTIVE,2025-09-27,16:26:29,16:57:29,31,No,-,-,-,cfadf52a-8ce7-4770-a7b2-0c3f90640966,IMA T19,2025-10-01 03:24:26.969994+00
INACTIVE,2025-09-15,16:03:38,16:05:08,2,No,-,-,-,cfe6ee1a-57cd-40ee-a036-42c72495fbb5,IMA E06,2025-10-01 03:24:28.642092+00
ACTIVE,2025-09-27,18:43:10,18:53:40,10,No,-,-,-,d001d85e-d881-438e-82c3-a4d9f1f0c586,IMA T19,2025-10-01 03:24:26.969994+00
INACTIVE,2025-09-25,19:35:01,19:36:06,1,No,-,-,-,d00bf28d-926f-4903-89c2-8174b5b1b2d4,IMA E06,2025-10-01 03:24:32.624437+00
INACTIVE,2025-09-29,17:39:46,00:00:00,380,No,-,-,-,d03a6637-764a-4f85-bed3-8f49aed616bd,IMA E06,2025-10-01 03:24:34.339012+00
ACTIVE,2025-09-26,06:31:43,07:49:13,78,No,-,-,-,d03d2a92-910e-4aae-9dc2-4f3062933c76,IMA T19,2025-10-01 03:24:26.172856+00
INACTIVE,2025-09-18,16:07:18,16:09:20,2,No,-,-,-,d054bacf-7ffb-411c-88fb-cc211b40269a,IMA T19,2025-10-01 03:24:23.397716+00
ACTIVE,2025-09-26,03:09:54,03:27:54,18,No,-,-,-,d05d7734-b015-4c06-9fef-c4d82a51a011,IMA E06,2025-10-01 03:24:33.059588+00
ACTIVE,2025-09-19,08:34:10,08:43:10,9,No,-,-,-,d0629a24-9cab-4cf1-822b-262ed086a08f,IMA E06,2025-10-01 03:24:30.005057+00
ACTIVE,2025-09-22,06:18:23,06:30:53,12,No,-,-,-,d06f0b48-5b8b-46eb-b4d9-bf79e5eee1a7,IMA T19,2025-10-01 03:24:24.504481+00
ACTIVE,2025-09-24,01:13:42,01:15:12,2,No,-,-,-,d0a24b61-582a-4c0b-8185-8e8bc86d1cf6,IMA E06,2025-10-01 03:24:31.74892+00
ACTIVE,2025-09-23,09:36:44,09:39:44,3,No,-,-,-,d0c26855-8278-4159-b1c5-18f94dce524b,IMA E06,2025-10-01 03:24:31.74892+00
INACTIVE,2025-09-29,14:42:32,14:46:27,4,Yes,-,-,-,d109887e-a482-48d1-a722-ce341cf79c0d,IMA E06,2025-10-01 03:24:34.339012+00
INACTIVE,2025-09-29,17:21:59,17:22:59,1,Yes,-,-,-,d12847ee-d253-4744-9a72-41dbf5d8125c,IMA E06,2025-10-01 03:24:34.339012+00
INACTIVE,2025-09-25,12:59:00,13:02:19,3,Yes,Admin,142 Break time,-,d13b30e4-125e-4051-95de-3c8bc9360288,IMA E06,2025-10-01 03:24:32.624437+00
ACTIVE,2025-09-27,21:56:42,22:30:12,34,No,-,-,-,d1626c70-787f-47cb-a859-c89307004755,IMA E06,2025-10-01 03:24:33.48849+00
INACTIVE,2025-09-22,14:23:43,14:54:18,31,No,-,-,-,d1692293-1555-46cb-ade0-848045bb9b6e,IMA E06,2025-10-01 03:24:31.310218+00
ACTIVE,2025-09-29,06:38:10,06:40:10,2,No,-,-,-,d1a36d8c-2fe1-4f35-aba2-02fad34b477f,IMA T19,2025-10-01 03:24:27.585911+00
INACTIVE,2025-09-19,15:24:22,15:31:56,8,No,-,-,-,d1b60ad5-cc4e-4f71-83b4-1b79676d767b,IMA E06,2025-10-01 03:24:30.437349+00
INACTIVE,2025-09-17,22:27:07,22:28:12,1,No,-,-,-,d1baa63c-6692-4967-8fb4-44b6594d8b6a,IMA T19,2025-10-01 03:24:22.877579+00
INACTIVE,2025-09-19,19:41:05,19:42:05,1,No,-,-,-,d1c5f463-d37c-44fb-8f2c-83c668e62708,IMA E06,2025-10-01 03:24:30.437349+00
ACTIVE,2025-09-15,13:48:26,14:20:56,32,No,-,-,-,d1f9d5d9-0cc8-49cf-bddf-4a576f115aa6,IMA E06,2025-10-01 03:24:28.642092+00
INACTIVE,2025-09-25,22:13:50,22:14:53,1,No,-,-,-,d21fed0e-0224-422b-887f-2e4487e1d562,IMA E06,2025-10-01 03:24:32.624437+00
ACTIVE,2025-09-26,03:54:58,03:58:58,4,No,-,-,-,d224b17e-0a44-4918-8af9-91d3e65a3509,IMA E06,2025-10-01 03:24:33.059588+00
ACTIVE,2025-09-19,22:18:19,22:20:49,2,No,-,-,-,d23d2767-35e5-4159-82bc-2f3acf0d1b12,IMA T19,2025-10-01 03:24:24.504481+00
ACTIVE,2025-09-23,19:19:54,20:09:24,50,No,-,-,-,d23d758e-15cb-4996-801d-ebe78ed73a68,IMA E06,2025-10-01 03:24:31.74892+00
INACTIVE,2025-09-17,18:49:49,18:50:49,1,No,-,-,-,d2410b8a-3cb4-4c68-872b-25affed3dc06,IMA E06,2025-10-01 03:24:29.576452+00
ACTIVE,2025-09-20,09:34:02,09:35:32,2,No,-,-,-,d24b8c0d-5117-4ecd-83e4-337a29a90823,IMA T19,2025-10-01 03:24:24.504481+00
ACTIVE,2025-09-17,09:22:34,09:41:34,19,No,-,-,-,d2519ebe-c89d-4348-8df2-6f57182d463e,IMA T19,2025-10-01 03:24:22.877579+00
ACTIVE,2025-09-15,13:12:30,13:41:00,28,No,-,-,-,d259ebb9-c3bc-4e85-a930-e5c58061965f,IMA T19,2025-10-01 03:24:22.074365+00
INACTIVE,2025-09-16,01:39:54,01:41:59,2,No,-,-,-,d2804397-2b20-4a7f-8342-14ac5f1b6d77,IMA E06,2025-10-01 03:24:29.128339+00
ACTIVE,2025-09-23,22:19:11,22:25:11,6,No,-,-,-,d2ccb343-d73e-4d3e-be92-a61bf7f0f627,IMA T19,2025-10-01 03:24:25.640136+00
ACTIVE,2025-09-18,15:45:15,15:46:45,2,No,-,-,-,d2de5160-469f-47b1-a86a-a9489bf96a46,IMA T19,2025-10-01 03:24:23.397716+00
ACTIVE,2025-09-22,17:46:33,17:52:33,6,No,-,-,-,d2f2f7fd-f71b-4787-baa8-2f74cb977c9e,IMA T19,2025-10-01 03:24:25.118773+00
ACTIVE,2025-09-15,21:13:58,21:20:58,7,No,-,-,-,d2fe9524-1980-4350-b79f-39ea39edb5df,IMA T19,2025-10-01 03:24:22.074365+00
INACTIVE,2025-09-26,07:37:13,08:26:46,50,Yes,Changeover / Setup,131 Change over,-,d30940f0-293c-44e5-b08d-6bc1993ca77e,IMA E06,2025-10-01 03:24:33.059588+00
ACTIVE,2025-09-17,18:05:24,18:11:54,6,No,-,-,-,d312e33c-f648-4a6a-a0b9-2d5dba8e2b91,IMA T19,2025-10-01 03:24:22.877579+00
INACTIVE,2025-09-26,03:59:19,04:00:19,1,No,-,-,-,d31cae6a-be20-4124-a355-5fa9eb416859,IMA E06,2025-10-01 03:24:33.059588+00
ACTIVE,2025-09-19,17:55:59,18:07:59,12,No,-,-,-,d32a4127-0ec1-46c1-afff-a2a4c6bdbaeb,IMA E06,2025-10-01 03:24:30.437349+00
ACTIVE,2025-09-19,22:40:31,23:18:01,38,No,-,-,-,d35c59d4-f6a1-4802-9793-9548b88952ae,IMA E06,2025-10-01 03:24:30.437349+00
ACTIVE,2025-09-26,16:25:34,16:37:04,12,No,-,-,-,d375ed21-7d00-492c-8835-a5182315cf93,IMA E06,2025-10-01 03:24:33.059588+00
INACTIVE,2025-09-24,13:35:23,13:36:28,1,No,-,-,-,d38dba6c-ed2a-4573-a455-7e46635da039,IMA E06,2025-10-01 03:24:32.188922+00
ACTIVE,2025-09-18,01:53:19,01:54:49,2,No,-,-,-,d3b2c09d-1510-4066-9476-322b6636dfde,IMA E06,2025-10-01 03:24:29.576452+00
ACTIVE,2025-09-23,06:10:29,06:22:29,12,No,-,-,-,d3cb5276-da9e-49cb-9d72-2233d1f2d705,IMA E06,2025-10-01 03:24:31.310218+00
ACTIVE,2025-09-23,17:20:20,17:21:20,1,No,-,-,-,d452720a-f1d6-411c-8683-de7da3722fd4,IMA T19,2025-10-01 03:24:25.640136+00
ACTIVE,2025-09-23,08:37:04,09:16:34,40,No,-,-,-,d46d0360-49f7-4226-931e-c09ca6bb9687,IMA T19,2025-10-01 03:24:25.118773+00
INACTIVE,2025-09-30,10:57:00,10:59:31,3,Yes,Packaging / Material Issues,406 Box not pick up,-,d4770db1-803f-40de-b487-ccfed8f3eef4,IMA T19,2025-10-01 03:24:28.198188+00
INACTIVE,2025-09-26,15:44:31,15:47:19,3,No,-,-,-,d48fe990-b933-4be1-a582-83c798c3150c,IMA E06,2025-10-01 03:24:33.059588+00
ACTIVE,2025-09-19,07:42:40,07:55:40,13,No,-,-,-,d4e5e516-45d0-4ceb-a20c-a383ab9c2791,IMA E06,2025-10-01 03:24:30.005057+00
INACTIVE,2025-09-19,07:55:49,07:57:24,2,No,-,-,-,d510ce91-5cb6-4cf6-a3c7-99cd02694425,IMA E06,2025-10-01 03:24:30.005057+00
ACTIVE,2025-09-23,11:05:43,11:08:13,2,No,-,-,-,d5376717-1043-4c0d-9ec2-bb46e7f69358,IMA E06,2025-10-01 03:24:31.74892+00
ACTIVE,2025-09-29,14:34:19,14:39:49,6,No,-,-,-,d5910fd4-519a-4a0c-8f6e-d519e4f8d323,IMA E06,2025-10-01 03:24:34.339012+00
INACTIVE,2025-09-25,12:22:14,12:52:49,31,No,-,-,-,d599f5dc-6628-419e-a824-c224f8f6aefb,IMA E06,2025-10-01 03:24:32.624437+00
ACTIVE,2025-09-23,23:34:55,23:36:25,2,No,-,-,-,d5a2055d-66e1-49fc-8f97-6d29d4931cc3,IMA T19,2025-10-01 03:24:25.640136+00
INACTIVE,2025-09-23,00:38:48,00:39:52,1,Yes,Mechanical General,352 Knot in thread,-,d5c4e76f-7f9b-4997-b3b2-08a149c0f635,IMA E06,2025-10-01 03:24:31.310218+00
INACTIVE,2025-09-29,17:09:28,17:10:28,1,No,-,-,-,d5e704fe-2158-4348-b14f-3a1e0702bb0e,IMA T19,2025-10-01 03:24:27.585911+00
ACTIVE,2025-09-18,00:02:50,00:06:20,4,No,-,-,-,d6340c21-734e-4caa-957f-c83004e8597d,IMA E06,2025-10-01 03:24:29.576452+00
INACTIVE,2025-09-20,21:27:24,21:28:54,2,No,-,-,-,d666c31e-0548-4c5a-8a0e-a645484634da,IMA E06,2025-10-01 03:24:30.866611+00
INACTIVE,2025-09-26,12:44:51,12:45:56,1,Yes,Material Shortage,304 No envelope,-,d66e13dd-53bd-442e-aaf3-2a8f3a58e59a,IMA E06,2025-10-01 03:24:33.059588+00
ACTIVE,2025-09-29,14:16:54,14:18:54,2,No,-,-,-,d67defc7-7542-4754-9d9d-36460515f487,IMA E06,2025-10-01 03:24:34.339012+00
ACTIVE,2025-09-18,12:45:57,13:52:57,67,No,-,-,-,d68c6eaa-fa34-48fd-953f-6294431cfe7f,IMA E06,2025-10-01 03:24:30.005057+00
INACTIVE,2025-09-27,18:59:54,19:00:57,1,Yes,Packaging / Material Issues,332 Pin hole in Tea bag,-,d69be06b-724f-4c54-bf74-a9f42b2fd03e,IMA E06,2025-10-01 03:24:33.48849+00
INACTIVE,2025-09-19,16:21:31,16:22:36,1,No,-,-,-,d6d4a4fd-222d-4635-a61a-ee759c156519,IMA T19,2025-10-01 03:24:23.908734+00
ACTIVE,2025-09-26,15:07:41,15:10:41,3,No,-,-,-,d6fde3b0-27af-479d-a7e4-03d495205ff3,IMA E06,2025-10-01 03:24:33.059588+00
ACTIVE,2025-09-17,18:41:51,18:48:21,6,No,-,-,-,d710fdcf-e365-4b6b-89f7-23d399a70eb2,IMA E06,2025-10-01 03:24:29.576452+00
ACTIVE,2025-09-20,02:16:30,02:24:30,8,No,-,-,-,d717057c-1ddf-4993-a595-aa49e31c0ec1,IMA E06,2025-10-01 03:24:30.437349+00
ACTIVE,2025-09-15,06:22:45,06:25:15,2,No,-,-,-,d71ce67f-d24b-4c36-95ab-39fdd032442c,IMA T19,2025-10-01 03:24:22.074365+00
ACTIVE,2025-09-23,16:35:07,16:38:37,4,No,-,-,-,d73427bb-3d17-4e4f-bb79-857c05e7053b,IMA E06,2025-10-01 03:24:31.74892+00
ACTIVE,2025-09-18,08:47:59,09:01:59,14,No,-,-,-,d74c3b9e-b0dd-4202-a590-ef3716c91a80,IMA T19,2025-10-01 03:24:23.397716+00
INACTIVE,2025-09-19,16:20:04,16:21:04,1,No,-,-,-,d759dbf0-91d4-4aff-b712-6fd0cffc3165,IMA T19,2025-10-01 03:24:23.908734+00
ACTIVE,2025-09-29,21:21:10,21:24:10,3,No,-,-,-,d7947b93-2322-435c-baf5-26689d14041d,IMA T19,2025-10-01 03:24:28.198188+00
ACTIVE,2025-09-18,13:00:13,13:09:43,10,No,-,-,-,d7a3ddab-0d38-4535-a5a2-0a2991764206,IMA T19,2025-10-01 03:24:23.397716+00
ACTIVE,2025-09-15,09:27:55,09:38:55,11,No,-,-,-,d7b4c6d8-495f-4619-8fbc-5529434e9249,IMA E06,2025-10-01 03:24:28.642092+00
ACTIVE,2025-09-25,15:23:53,15:50:23,26,No,-,-,-,d7be2319-6314-4a1b-bd0b-625a9d6dec9d,IMA T19,2025-10-01 03:24:26.172856+00
ACTIVE,2025-09-23,17:35:11,17:42:11,7,No,-,-,-,d7d3549d-a674-4949-94cd-24bc130f6879,IMA T19,2025-10-01 03:24:25.640136+00
INACTIVE,2025-09-20,00:48:23,00:50:43,2,No,-,-,-,d7e91b94-af9f-47cd-b738-4b11d67cd1e5,IMA E06,2025-10-01 03:24:30.437349+00
INACTIVE,2025-09-24,18:49:13,18:53:47,5,Yes,Mechanical General,306 Tag Splicing failed,crumpled tag,d7f0dfa3-5042-42e8-8dc9-6746296f1890,IMA E06,2025-10-01 03:24:32.188922+00
INACTIVE,2025-09-20,17:30:59,17:32:49,2,Yes,Mechanical General,311 Crumpled filter paper,-,d801b12c-710a-41a3-a948-0dab13013b51,IMA T19,2025-10-01 03:24:24.504481+00
ACTIVE,2025-09-19,23:01:03,23:04:33,4,No,-,-,-,d80460b4-fee7-4c8f-836c-bfc6be06211b,IMA T19,2025-10-01 03:24:24.504481+00
INACTIVE,2025-09-20,05:49:45,05:50:45,1,No,-,-,-,d837e62b-fd32-418e-a1cc-23c97544a36e,IMA E06,2025-10-01 03:24:30.437349+00
INACTIVE,2025-09-29,13:05:48,13:07:22,2,Yes,-,-,-,d83f239f-a7d2-4eb4-b3d9-1b101a835c0d,IMA E06,2025-10-01 03:24:33.928006+00
ACTIVE,2025-09-22,06:49:20,07:17:21,28,No,-,-,-,d881caa8-e9ff-4946-80fd-084364426bd2,IMA T19,2025-10-01 03:24:24.504481+00
ACTIVE,2025-09-18,12:25:47,12:27:47,2,No,-,-,-,d88501bd-2c85-41e8-af4b-667a7d977aa2,IMA T19,2025-10-01 03:24:23.397716+00
ACTIVE,2025-09-16,13:56:26,14:04:26,8,No,-,-,-,d89d7335-ee70-4b10-9e8a-61064b3fb440,IMA T19,2025-10-01 03:24:22.877579+00
ACTIVE,2025-09-26,03:34:48,03:38:18,4,No,-,-,-,d8b938a3-483e-4436-8880-2859624fa6ae,IMA E06,2025-10-01 03:24:33.059588+00
ACTIVE,2025-09-17,16:10:44,16:16:44,6,No,-,-,-,d8d0cd50-0686-4fdc-980a-21f0acbd6ce3,IMA T19,2025-10-01 03:24:22.877579+00
INACTIVE,2025-09-23,05:11:49,05:13:23,2,No,-,-,-,d8d9f1a5-aadd-4b27-b88a-a087365a05a6,IMA E06,2025-10-01 03:24:31.310218+00
ACTIVE,2025-09-24,07:07:10,07:11:10,4,No,-,-,-,d9111717-85c4-4d5e-ad90-72d8e4b1c828,IMA E06,2025-10-01 03:24:32.188922+00
ACTIVE,2025-09-30,19:07:21,19:10:21,3,No,-,-,-,d911c9a6-478f-4080-a978-207a1ce945ff,IMA T19,2025-10-01 03:24:28.198188+00
INACTIVE,2025-09-18,01:49:02,01:53:06,4,No,-,-,-,d931c24a-0334-491a-bb84-e99ab25bb12f,IMA E06,2025-10-01 03:24:29.576452+00
ACTIVE,2025-09-17,16:55:00,17:12:30,18,No,-,-,-,d934c452-7751-4d68-8d44-fad99f78e352,IMA E06,2025-10-01 03:24:29.576452+00
ACTIVE,2025-09-19,12:39:52,12:45:22,6,No,-,-,-,d94a8fc4-36ad-474a-9854-ddccafa9dd74,IMA T19,2025-10-01 03:24:23.908734+00
INACTIVE,2025-09-22,13:34:26,13:44:36,10,Yes,Changeover / Setup,131 Change over,-,d95657b0-c16e-4004-a6e0-f4bab7eb4e35,IMA E06,2025-10-01 03:24:31.310218+00
ACTIVE,2025-09-23,17:49:55,18:04:55,15,No,-,-,-,d967ce1b-aa04-4e7f-af7e-99d2d872f73a,IMA E06,2025-10-01 03:24:31.74892+00
ACTIVE,2025-09-24,19:02:32,19:40:32,38,No,-,-,-,d97a4c2b-5968-42b3-bc67-a07bd9c6f84b,IMA E06,2025-10-01 03:24:32.188922+00
ACTIVE,2025-09-20,15:38:12,15:40:42,2,No,-,-,-,d991e08d-89e5-406f-8102-36ecd687f679,IMA T19,2025-10-01 03:24:24.504481+00
INACTIVE,2025-09-18,06:43:29,06:44:34,1,No,-,-,-,d9da331d-5ec1-4703-802d-fec86a986c8c,IMA E06,2025-10-01 03:24:29.576452+00
ACTIVE,2025-09-17,14:34:41,14:35:41,1,No,-,-,-,d9f5c350-bc69-4fd1-bf9e-7c874d3dadda,IMA E06,2025-10-01 03:24:29.128339+00
ACTIVE,2025-09-19,02:20:55,02:26:25,6,No,-,-,-,da27e3fb-0cf9-46ea-b969-f50b9ab50464,IMA E06,2025-10-01 03:24:30.005057+00
ACTIVE,2025-09-22,15:52:21,16:14:51,22,No,-,-,-,da30856e-2696-4b9c-ad70-7cc7cad85a72,IMA E06,2025-10-01 03:24:31.310218+00
INACTIVE,2025-09-24,02:17:44,02:19:18,2,Yes,Mechanical General,369 Clogged splicing tape,alu,da30bd46-d341-4f21-a5d8-349d0f1566eb,IMA E06,2025-10-01 03:24:31.74892+00
INACTIVE,2025-09-19,05:26:51,05:30:56,4,No,-,-,-,da6dad0f-bec5-4b27-bb62-b6dee96d038b,IMA E06,2025-10-01 03:24:30.005057+00
ACTIVE,2025-09-19,15:13:14,15:17:44,4,No,-,-,-,da85b714-76a5-4457-945c-5087e4dc8773,IMA T19,2025-10-01 03:24:23.908734+00
ACTIVE,2025-09-23,09:39:10,09:54:10,15,No,-,-,-,da8dc627-c3b8-4299-86a2-ac400dd33520,IMA T19,2025-10-01 03:24:25.118773+00
INACTIVE,2025-09-29,20:28:36,20:30:19,2,No,-,-,-,daa3085b-a92c-4a60-b22f-323625697ef6,IMA T19,2025-10-01 03:24:28.198188+00
INACTIVE,2025-09-25,22:19:58,22:21:33,2,Yes,Material Shortage,304 No envelope,-,dabab27c-04d7-4f80-bffb-f32c8882e44d,IMA E06,2025-10-01 03:24:32.624437+00
ACTIVE,2025-09-27,07:34:33,07:41:03,6,No,-,-,-,daf2401c-fb65-44a9-b93b-4b4695648c6d,IMA T19,2025-10-01 03:24:26.969994+00
ACTIVE,2025-09-18,15:29:13,15:31:43,2,No,-,-,-,db37b716-02cc-4810-ae37-7d0b695064ef,IMA T19,2025-10-01 03:24:23.397716+00
INACTIVE,2025-09-22,07:18:51,07:19:56,1,No,-,-,-,db76207e-e2d4-4024-8232-22b2be6b879b,IMA E06,2025-10-01 03:24:30.866611+00
INACTIVE,2025-09-18,14:58:15,14:59:33,1,No,-,-,-,db81bc6c-cfc6-42e6-a7b5-fca61f3975b5,IMA T19,2025-10-01 03:24:23.397716+00
ACTIVE,2025-09-15,16:59:07,17:01:37,2,No,-,-,-,dbb7dddf-1fa1-49bc-a0d7-668e4292aa94,IMA E06,2025-10-01 03:24:28.642092+00
ACTIVE,2025-09-27,18:53:29,18:59:29,6,No,-,-,-,dbbf3c15-9ff7-40e1-b5e5-76c07c7fbb9f,IMA E06,2025-10-01 03:24:33.48849+00
ACTIVE,2025-09-22,06:50:58,06:52:28,2,No,-,-,-,dc20e896-fe8a-4faa-8397-d8cf40c65301,IMA E06,2025-10-01 03:24:30.866611+00
INACTIVE,2025-09-22,09:21:32,09:23:36,2,Yes,Material Shortage,402 No flat blank,-,dc4a7ac3-a444-4086-b47d-440e8a414f21,IMA E06,2025-10-01 03:24:30.866611+00
ACTIVE,2025-09-16,12:21:18,12:31:48,10,No,-,-,-,dc522e12-c6d1-465d-80ae-9860d4c15395,IMA E06,2025-10-01 03:24:29.128339+00
ACTIVE,2025-09-15,17:21:16,17:22:46,2,No,-,-,-,dc975b73-4d9c-415c-95a4-355ea8a2995d,IMA E06,2025-10-01 03:24:28.642092+00
ACTIVE,2025-09-18,22:09:30,22:10:30,1,No,-,-,-,dca04721-81cf-4574-bf1b-8e02e5b21e09,IMA T19,2025-10-01 03:24:23.908734+00
ACTIVE,2025-09-26,09:30:36,09:33:06,2,No,-,-,-,dcc1a310-5559-48f5-9641-4305f7f2b958,IMA E06,2025-10-01 03:24:33.059588+00
ACTIVE,2025-09-22,17:24:21,18:06:21,42,No,-,-,-,dce1403d-0d58-47b5-9ac1-18287c8d0ddc,IMA E06,2025-10-01 03:24:31.310218+00
ACTIVE,2025-09-29,15:13:19,15:17:49,4,No,-,-,-,dd2294aa-9e17-4652-b677-db7916f23387,IMA T19,2025-10-01 03:24:27.585911+00
INACTIVE,2025-09-19,01:21:48,01:23:22,2,No,-,-,-,dd507496-b098-40b9-81a1-584ecb491ad8,IMA E06,2025-10-01 03:24:30.005057+00
ACTIVE,2025-09-17,10:44:12,10:45:12,1,No,-,-,-,dd57ee3f-f5f1-4fab-a25b-9136723a2b64,IMA T19,2025-10-01 03:24:22.877579+00
INACTIVE,2025-09-29,21:38:26,21:40:02,2,Yes,-,-,-,dd9daf2f-ed02-4cc3-ad4e-739dd8bc6775,IMA T19,2025-10-01 03:24:28.198188+00
INACTIVE,2025-09-23,11:08:41,12:15:15,67,Yes,Admin,142 Break time,-,ddd3b17c-578d-4f75-98bc-3da1b228ef9e,IMA E06,2025-10-01 03:24:31.74892+00
INACTIVE,2025-09-24,06:54:13,06:55:13,1,No,-,-,-,de0e81f8-934e-40ab-8ec3-38e156f737f3,IMA E06,2025-10-01 03:24:32.188922+00
ACTIVE,2025-09-30,18:18:23,18:27:23,9,No,-,-,-,de29a869-bfcd-4ac2-8bb9-37bf0edeab6f,IMA T19,2025-10-01 03:24:28.198188+00
ACTIVE,2025-09-22,08:31:39,09:04:39,33,No,-,-,-,de35d363-24d4-4edc-9f9b-7a30205a1568,IMA E06,2025-10-01 03:24:30.866611+00
ACTIVE,2025-09-29,07:24:09,07:29:09,5,No,-,-,-,de7090d3-9888-4c14-b5eb-fc67ffaa7ce7,IMA T19,2025-10-01 03:24:27.585911+00
INACTIVE,2025-09-19,17:54:56,17:55:56,1,No,-,-,-,de789e67-45b7-4e48-a176-4b0f151705e3,IMA E06,2025-10-01 03:24:30.437349+00
ACTIVE,2025-09-29,14:46:19,14:54:19,8,No,-,-,-,dedfa593-aa62-4935-b936-a8a8e6c01400,IMA T19,2025-10-01 03:24:27.585911+00
ACTIVE,2025-09-15,06:29:04,07:05:34,36,No,-,-,-,def18f7a-0bf8-4ba8-9554-21f06f4aa86a,IMA T19,2025-10-01 03:24:22.074365+00
INACTIVE,2025-09-25,00:00:00,06:08:15,368,Yes,Mechanical General,352 Knot in thread,-,def566b2-1660-4e30-a475-bff79701a4d2,IMA T19,2025-10-01 03:24:26.172856+00
INACTIVE,2025-09-27,19:55:28,21:00:33,65,Yes,-,-,-,df218d95-7537-4b68-ae6f-f4a62334ebbe,IMA T19,2025-10-01 03:24:26.969994+00
ACTIVE,2025-09-19,10:30:42,11:11:12,40,No,-,-,-,df22b713-62ee-4170-a91f-66b9a3da6c63,IMA E06,2025-10-01 03:24:30.005057+00
ACTIVE,2025-09-18,18:14:47,18:26:47,12,No,-,-,-,df393174-fae0-45b9-b96e-a4e502a64674,IMA E06,2025-10-01 03:24:30.005057+00
ACTIVE,2025-09-17,20:31:27,20:36:27,5,No,-,-,-,df3ac2ff-c05a-47bc-921c-21602d6f793f,IMA E06,2025-10-01 03:24:29.576452+00
INACTIVE,2025-09-26,09:22:30,09:23:33,1,No,-,-,-,df6a95b1-1bee-4120-96dc-3905099c421f,IMA E06,2025-10-01 03:24:33.059588+00
INACTIVE,2025-09-22,15:10:45,15:34:46,24,Yes,Admin,143 TEA BREAK,-,df757236-1595-4a2b-9f92-5aa31b1bb1ab,IMA E06,2025-10-01 03:24:31.310218+00
INACTIVE,2025-09-24,19:51:45,19:53:50,2,Yes,Breakdown (Unplanned),-,chancing theiread and cleaning,dfc4a4eb-f618-403e-9806-51a5822f7aa0,IMA T19,2025-10-01 03:24:26.172856+00
ACTIVE,2025-09-29,14:21:11,14:24:41,4,No,-,-,-,dfe7f822-1ecb-4d84-9faf-40e0abc2edfa,IMA E06,2025-10-01 03:24:34.339012+00
ACTIVE,2025-09-15,16:47:53,17:16:53,29,No,-,-,-,dff32fc4-53f1-49b9-a7f0-d3f54374f346,IMA T19,2025-10-01 03:24:22.074365+00
ACTIVE,2025-09-24,06:35:25,06:48:55,14,No,-,-,-,e004d727-7f78-4cad-a2df-932b12bc7269,IMA E06,2025-10-01 03:24:32.188922+00
ACTIVE,2025-09-29,16:29:42,16:31:42,2,No,-,-,-,e042ae4d-c1c7-42fa-a27d-936395dc8d2b,IMA E06,2025-10-01 03:24:34.339012+00
INACTIVE,2025-09-29,10:12:22,10:13:57,2,No,-,-,-,e0463223-27af-4311-a179-7b7f02885c76,IMA E06,2025-10-01 03:24:33.928006+00
ACTIVE,2025-09-24,21:08:51,21:17:51,9,No,-,-,-,e05be7f4-159a-4d64-b08a-ca2ff7cc7bdc,IMA T19,2025-10-01 03:24:26.172856+00
ACTIVE,2025-09-15,19:37:19,19:55:49,18,No,-,-,-,e06cdcc5-d614-44b2-aeaf-4f46851228d5,IMA E06,2025-10-01 03:24:28.642092+00
INACTIVE,2025-09-25,10:09:40,10:11:15,2,Yes,Packaging / Material Issues,334 Faulty teabag knot,-,e072646d-9c4e-44be-8db6-3946bcdda86c,IMA E06,2025-10-01 03:24:32.624437+00
ACTIVE,2025-09-15,17:56:46,18:26:16,30,No,-,-,-,e0ae09b9-7794-4746-865c-67535c505907,IMA T19,2025-10-01 03:24:22.074365+00
ACTIVE,2025-09-29,16:22:28,16:41:58,20,No,-,-,-,e0bdad13-f3a3-4787-8368-415f693418c3,IMA T19,2025-10-01 03:24:27.585911+00
ACTIVE,2025-09-23,01:07:28,01:18:28,11,No,-,-,-,e0c61606-e3b6-4915-8ada-e5ac35fefefa,IMA E06,2025-10-01 03:24:31.310218+00
ACTIVE,2025-09-26,12:39:17,13:55:18,76,No,-,-,-,e0c8f41d-c1dd-4a5d-b97f-1ac4d49d2212,IMA T19,2025-10-01 03:24:26.172856+00
ACTIVE,2025-09-25,10:35:57,10:45:27,10,No,-,-,-,e0d6a21e-4c10-43b5-8f1b-fc9b6662c49b,IMA E06,2025-10-01 03:24:32.624437+00
ACTIVE,2025-09-24,17:55:19,17:57:49,2,No,-,-,-,e0dd8135-f9e9-4130-9a8d-29bebdee199d,IMA E06,2025-10-01 03:24:32.188922+00
INACTIVE,2025-09-23,08:38:05,08:43:34,5,No,-,-,-,e0ea6668-223e-4bd7-98b7-5c115d3c8497,IMA E06,2025-10-01 03:24:31.310218+00
INACTIVE,2025-09-17,22:19:50,22:21:26,2,No,-,-,-,e0f599a9-89a9-4b05-9569-29a7f65644a1,IMA T19,2025-10-01 03:24:22.877579+00
ACTIVE,2025-09-26,22:16:51,22:28:51,12,No,-,-,-,e1220abc-78fa-4d36-b2da-1014aed6ea89,IMA E06,2025-10-01 03:24:33.48849+00
ACTIVE,2025-09-24,05:31:06,05:37:36,6,No,-,-,-,e1aff7a3-8321-4842-9902-c8541a11e6b2,IMA E06,2025-10-01 03:24:31.74892+00
ACTIVE,2025-09-26,20:24:17,20:25:17,1,No,-,-,-,e1c83c56-4b09-447f-a696-2df87ff30da7,IMA E06,2025-10-01 03:24:33.059588+00
ACTIVE,2025-09-15,15:46:17,16:46:47,60,No,-,-,-,e1d7885e-3b55-407d-acbb-42afd7a3c0d3,IMA T19,2025-10-01 03:24:22.074365+00
INACTIVE,2025-09-27,19:20:38,19:24:41,4,Yes,-,-,-,e1ea77f2-bd99-428b-ae3f-3b5c10412dd6,IMA T19,2025-10-01 03:24:26.969994+00
ACTIVE,2025-09-24,23:43:28,23:46:28,3,No,-,-,-,e1f293fa-fb7c-4153-a5d3-7c0aa4f5b797,IMA E06,2025-10-01 03:24:32.188922+00
INACTIVE,2025-09-25,23:30:07,00:00:00,30,No,-,-,-,e229a5c2-c7d1-4ca4-b07e-c611d783bd64,IMA T19,2025-10-01 03:24:26.172856+00
ACTIVE,2025-09-19,14:50:39,14:57:09,6,No,-,-,-,e2365cd6-89a8-4395-9999-496b2d5dbe70,IMA T19,2025-10-01 03:24:23.908734+00
ACTIVE,2025-09-17,22:23:43,22:24:43,1,No,-,-,-,e25d6eda-f193-4512-ab7e-9ef9431b6b00,IMA T19,2025-10-01 03:24:22.877579+00
ACTIVE,2025-09-29,06:53:57,06:58:57,5,No,-,-,-,e2715ee5-c58e-4917-a150-df3924a437d1,IMA T19,2025-10-01 03:24:27.585911+00
INACTIVE,2025-09-30,17:05:18,17:09:55,5,Yes,Mechanical General,317 Crumpled Tag,-,e2734e1a-3b45-4662-bce0-ac9033faeec8,IMA T19,2025-10-01 03:24:28.198188+00
INACTIVE,2025-09-15,08:31:58,08:36:19,4,No,-,-,-,e27b4157-1203-418a-acc7-22e1bc659b26,IMA T19,2025-10-01 03:24:22.074365+00
INACTIVE,2025-09-25,08:51:20,08:57:01,6,No,-,-,-,e284b024-1a84-4c88-82b8-868c04e2cfe9,IMA E06,2025-10-01 03:24:32.624437+00
INACTIVE,2025-09-27,22:58:46,22:59:51,1,Yes,-,-,-,e2a0b646-0ba9-4cb7-b373-8279a73f5243,IMA E06,2025-10-01 03:24:33.48849+00
INACTIVE,2025-09-29,10:46:32,10:50:09,4,Yes,-,-,-,e2adc114-8540-40d0-96ce-8088dfa81522,IMA E06,2025-10-01 03:24:33.928006+00
ACTIVE,2025-09-27,09:54:36,10:00:06,6,No,-,-,-,e2e00e53-101c-4e84-8538-faf9893e36c4,IMA T19,2025-10-01 03:24:26.969994+00
ACTIVE,2025-09-23,22:32:15,22:33:45,2,No,-,-,-,e2efab5f-6d29-4141-a724-918d2792e03f,IMA T19,2025-10-01 03:24:25.640136+00
ACTIVE,2025-09-30,14:55:19,15:17:19,22,No,-,-,-,e32c96f6-ad36-4610-aae7-ab76372d7369,IMA T19,2025-10-01 03:24:28.198188+00
ACTIVE,2025-09-25,04:39:04,04:54:04,15,No,-,-,-,e32f7102-6797-43e2-aa7c-51c09203367b,IMA E06,2025-10-01 03:24:32.624437+00
ACTIVE,2025-09-29,08:53:09,08:55:09,2,No,-,-,-,e358d785-93a3-4bc5-b42d-b1dab2c71ac9,IMA E06,2025-10-01 03:24:33.928006+00
ACTIVE,2025-09-26,17:14:29,17:20:59,6,No,-,-,-,e38ccb57-63da-4851-85f7-9edf9a3d63f9,IMA T19,2025-10-01 03:24:26.969994+00
ACTIVE,2025-09-22,22:01:39,22:24:09,22,No,-,-,-,e39f7db6-af47-4b50-8d78-bf97f3ad5630,IMA T19,2025-10-01 03:24:25.118773+00
INACTIVE,2025-09-23,11:08:43,12:15:48,67,Yes,Admin,142 Break time,-,e3a23cd4-a942-4d69-85aa-6b5c1a59bc8c,IMA T19,2025-10-01 03:24:25.118773+00
INACTIVE,2025-09-22,16:42:55,16:44:56,2,Yes,Material Shortage,304 No envelope,-,e3f1ea31-3af4-4f4b-a292-a165b88fdc1e,IMA E06,2025-10-01 03:24:31.310218+00
INACTIVE,2025-09-26,16:37:16,16:40:21,3,Yes,Mechanical General,400 Excess glue,-,e3f34512-19f1-456a-9b00-b3bdd3738f5e,IMA E06,2025-10-01 03:24:33.059588+00
ACTIVE,2025-09-19,04:09:39,04:18:39,9,No,-,-,-,e40551b7-841c-40cb-8a1f-029d0b6e40d7,IMA E06,2025-10-01 03:24:30.005057+00
INACTIVE,2025-09-22,19:23:44,19:26:09,2,Yes,Breakdown (Unplanned),317 Crumpled Tag,after splice,e422bece-8cba-430e-b0f3-2912eb4bd73e,IMA T19,2025-10-01 03:24:25.118773+00
ACTIVE,2025-09-20,15:38:42,15:53:12,14,No,-,-,-,e43b393e-c13e-415e-8a6a-bc0392204125,IMA E06,2025-10-01 03:24:30.866611+00
INACTIVE,2025-09-24,23:46:55,23:48:30,2,Yes,Material Shortage,304 No envelope,-,e4565903-e3de-4ea7-a937-ca7eabfad8f7,IMA E06,2025-10-01 03:24:32.188922+00
ACTIVE,2025-09-27,15:29:16,15:34:16,5,No,-,-,-,e4625447-508d-4854-bc29-caa7327b1046,IMA E06,2025-10-01 03:24:33.48849+00
ACTIVE,2025-09-22,23:49:58,00:00:00,10,No,-,-,-,e4a084d6-176e-4d6f-9b65-49db34f51a10,IMA E06,2025-10-01 03:24:31.310218+00
ACTIVE,2025-09-29,17:23:04,17:29:34,6,No,-,-,-,e4b5a61c-ab4f-4557-8ab2-2c16f2055747,IMA E06,2025-10-01 03:24:34.339012+00
ACTIVE,2025-09-25,15:50:40,15:57:40,7,No,-,-,-,e4da51b2-0e24-444c-8cf5-13a6a4693103,IMA T19,2025-10-01 03:24:26.172856+00
ACTIVE,2025-09-20,00:00:00,00:19:02,19,No,-,-,-,e4e2bdec-6aa6-45e1-8ff3-d444f80f419e,IMA E06,2025-10-01 03:24:30.437349+00
ACTIVE,2025-09-22,12:18:19,12:19:19,1,No,-,-,-,e542211e-72ed-49c0-8663-58ace90a4e03,IMA T19,2025-10-01 03:24:25.118773+00
ACTIVE,2025-09-20,09:54:57,09:59:57,5,No,-,-,-,e55afc45-29eb-42a6-bc5c-df43ff2bad4c,IMA E06,2025-10-01 03:24:30.866611+00
INACTIVE,2025-09-22,15:35:12,15:51:29,16,No,-,-,-,e5694574-9661-4f79-aeb7-75e4eb52c0dc,IMA E06,2025-10-01 03:24:31.310218+00
INACTIVE,2025-09-18,10:04:43,10:06:18,2,No,-,-,-,e592756f-cf51-4ac1-8c9e-475b55d32d39,IMA T19,2025-10-01 03:24:23.397716+00
ACTIVE,2025-09-20,22:34:07,22:35:37,2,No,-,-,-,e59e5a2d-7723-4066-9115-05301420c3df,IMA E06,2025-10-01 03:24:30.866611+00
ACTIVE,2025-09-23,16:49:07,16:50:07,1,No,-,-,-,e5b7e8b1-ef0b-40f0-969f-fb3731a622dd,IMA T19,2025-10-01 03:24:25.640136+00
INACTIVE,2025-09-26,05:53:09,05:54:13,1,No,-,-,-,e5c96943-473e-419f-9710-1f1d77749560,IMA E06,2025-10-01 03:24:33.059588+00
INACTIVE,2025-09-19,18:55:02,18:56:37,2,No,-,-,-,e5cdf79c-75b0-4fe0-a23b-0bf86a366bb3,IMA T19,2025-10-01 03:24:23.908734+00
ACTIVE,2025-09-20,16:47:04,17:00:34,14,No,-,-,-,e5e1ea7c-f98e-4178-bab1-54260037e712,IMA T19,2025-10-01 03:24:24.504481+00
INACTIVE,2025-09-25,03:13:05,03:14:10,1,No,-,-,-,e5ff77fc-115d-4875-924e-c5c546ddf32b,IMA E06,2025-10-01 03:24:32.188922+00
INACTIVE,2025-09-15,06:23:36,06:26:10,3,No,-,-,-,e609f02b-ccc4-4846-b08c-63de7b63fade,IMA E06,2025-10-01 03:24:28.198188+00
INACTIVE,2025-09-15,22:36:05,22:41:40,6,No,-,-,-,e6113633-5f24-4293-a9e6-c841e0c5dee0,IMA T19,2025-10-01 03:24:22.074365+00
INACTIVE,2025-09-19,16:18:32,16:19:32,1,No,-,-,-,e6122ad6-1065-42ef-b2eb-f49ae6e17604,IMA T19,2025-10-01 03:24:23.908734+00
ACTIVE,2025-09-29,13:07:30,13:08:30,1,No,-,-,-,e61361b4-710c-403e-84e3-b57fa448dcf7,IMA E06,2025-10-01 03:24:33.928006+00
INACTIVE,2025-09-17,13:13:12,13:22:07,9,No,-,-,-,e6258e4a-df3f-4fd1-9291-c2623c3aaa2c,IMA T19,2025-10-01 03:24:22.877579+00
ACTIVE,2025-09-18,18:14:08,18:29:38,16,No,-,-,-,e668ac72-b42d-432f-b119-287aa42f37e9,IMA T19,2025-10-01 03:24:23.397716+00
INACTIVE,2025-09-23,04:45:10,04:48:44,4,No,-,-,-,e669431e-b109-4949-a4dd-dc41d0fe6e5b,IMA E06,2025-10-01 03:24:31.310218+00
ACTIVE,2025-09-20,21:44:50,21:53:50,9,No,-,-,-,e66a3410-b350-4d8b-b6ac-c486b16500e8,IMA T19,2025-10-01 03:24:24.504481+00
ACTIVE,2025-09-23,13:53:57,14:00:57,7,No,-,-,-,e6a2de1f-287d-4237-ba66-7f6466bac81d,IMA T19,2025-10-01 03:24:25.640136+00
ACTIVE,2025-09-24,17:03:54,17:15:24,12,No,-,-,-,e6b29627-49c5-40b2-9da1-cf07b06dc6f8,IMA T19,2025-10-01 03:24:25.640136+00
ACTIVE,2025-09-24,10:36:50,10:41:20,4,No,-,-,-,e6c1dd9b-1e50-4b2d-9835-5374fae5af83,IMA T19,2025-10-01 03:24:25.640136+00
ACTIVE,2025-09-16,08:48:09,09:14:39,26,No,-,-,-,e6cb6306-913b-4fc4-a5d4-845ee74c5cbb,IMA T19,2025-10-01 03:24:22.074365+00
INACTIVE,2025-09-29,19:52:05,19:53:10,1,No,-,-,-,e6d62cf7-d2d6-4988-9565-bffa149633ce,IMA T19,2025-10-01 03:24:27.585911+00
INACTIVE,2025-09-26,17:17:24,17:18:52,1,No,-,-,-,e6eef6e4-78dd-4465-9571-a5148753154e,IMA E06,2025-10-01 03:24:33.059588+00
ACTIVE,2025-09-16,07:05:51,07:07:21,2,No,-,-,-,e74451f8-8ccb-4d1c-bed5-a788b5d81211,IMA E06,2025-10-01 03:24:29.128339+00
INACTIVE,2025-09-27,21:21:38,21:23:38,2,Yes,-,-,-,e744c42a-45f7-45da-bbdf-d46ad2170002,IMA T19,2025-10-01 03:24:26.969994+00
INACTIVE,2025-09-29,08:08:18,08:09:52,2,Yes,-,-,-,e759a7f1-9b53-46f5-b54d-84570a0e86a5,IMA E06,2025-10-01 03:24:33.928006+00
ACTIVE,2025-09-25,19:28:53,19:42:53,14,No,-,-,-,e75b26bd-dde9-4e35-9cd3-8e998e24f3c0,IMA T19,2025-10-01 03:24:26.172856+00
INACTIVE,2025-09-17,16:52:32,16:54:37,2,No,-,-,-,e76f91a7-89ed-4567-af69-a75273c27349,IMA E06,2025-10-01 03:24:29.576452+00
ACTIVE,2025-09-25,19:04:47,19:07:17,2,No,-,-,-,e7e114c6-1589-4534-9045-e8fb72ad1968,IMA T19,2025-10-01 03:24:26.172856+00
INACTIVE,2025-09-19,09:10:03,09:11:03,1,No,-,-,-,e7f3c84f-1530-432f-b34d-fbbbe3419752,IMA T19,2025-10-01 03:24:23.908734+00
ACTIVE,2025-09-29,16:11:42,16:12:42,1,No,-,-,-,e8208793-21a7-4446-abdc-86302ff2d442,IMA E06,2025-10-01 03:24:34.339012+00
ACTIVE,2025-09-27,10:00:30,10:10:30,10,No,-,-,-,e8256180-725c-4668-b2fc-9daba32960e8,IMA T19,2025-10-01 03:24:26.969994+00
INACTIVE,2025-09-19,18:38:09,18:39:25,1,No,-,-,-,e8316ab6-c4dc-4c90-920f-00dbf8f15940,IMA T19,2025-10-01 03:24:23.908734+00
INACTIVE,2025-09-22,19:57:28,20:58:03,61,Yes,Admin,142 Break time,-,e85dc0de-ead9-4307-a36c-47d0e4c8379f,IMA T19,2025-10-01 03:24:25.118773+00
ACTIVE,2025-09-15,19:24:30,19:28:00,4,No,-,-,-,e87b6e38-3763-45ad-ad81-86b73b040dc4,IMA E06,2025-10-01 03:24:28.642092+00
ACTIVE,2025-09-27,05:31:09,06:13:39,42,No,-,-,-,e883739c-6ee5-401c-b8cf-af13c32fda2f,IMA E06,2025-10-01 03:24:33.48849+00
INACTIVE,2025-09-25,16:07:30,16:08:35,1,No,-,-,-,e8a0efdd-386d-4972-9e0d-93fe20a4a601,IMA E06,2025-10-01 03:24:32.624437+00
INACTIVE,2025-09-23,23:10:07,23:11:11,1,No,-,-,-,e8a1b939-33f2-4864-aafe-45efc132ec4f,IMA E06,2025-10-01 03:24:31.74892+00
ACTIVE,2025-09-17,16:17:10,16:32:10,15,No,-,-,-,e8a36e38-1946-4dbb-8e1d-f944c1ea9761,IMA T19,2025-10-01 03:24:22.877579+00
INACTIVE,2025-09-29,09:50:45,09:52:45,2,Yes,-,-,-,e8accdde-2d6d-42c0-bebd-03658ee42929,IMA E06,2025-10-01 03:24:33.928006+00
ACTIVE,2025-09-19,06:07:24,06:23:24,16,No,-,-,-,e8c90b7d-97a4-4d9c-bbb2-06020333365b,IMA T19,2025-10-01 03:24:23.908734+00
INACTIVE,2025-09-24,23:32:22,23:33:57,2,Yes,Packaging / Material Issues,406 Box not pick up,-,e8ca7b2b-9d16-44da-b6f3-ebd7cacaa9f7,IMA E06,2025-10-01 03:24:32.188922+00
INACTIVE,2025-09-24,23:21:59,23:24:40,3,Yes,Material Shortage,304 No envelope,-,e8cca08d-ea20-4597-8e10-05a211fd334b,IMA E06,2025-10-01 03:24:32.188922+00
INACTIVE,2025-09-19,06:22:09,06:26:13,4,No,-,-,-,e8e5fc32-adf7-4553-9b69-e05fe3444ea1,IMA E06,2025-10-01 03:24:30.005057+00
ACTIVE,2025-09-23,23:21:19,23:23:19,2,No,-,-,-,e8e6c571-d5cd-4c07-afa9-74c51cec387f,IMA T19,2025-10-01 03:24:25.640136+00
ACTIVE,2025-09-19,06:32:27,06:40:27,8,No,-,-,-,e8ef86a4-0cfd-4019-8aab-46c765c75ef7,IMA T19,2025-10-01 03:24:23.908734+00
ACTIVE,2025-09-29,06:32:49,06:34:19,2,No,-,-,-,e9042757-9ad3-4e28-bb87-8740ecb552d7,IMA T19,2025-10-01 03:24:27.585911+00
ACTIVE,2025-09-27,15:12:23,15:23:53,12,No,-,-,-,e91ee998-aa5c-4284-a311-9121c59d1d27,IMA E06,2025-10-01 03:24:33.48849+00
ACTIVE,2025-09-18,06:26:01,06:27:01,1,No,-,-,-,e9326875-4911-498b-a573-c931d743558f,IMA T19,2025-10-01 03:24:22.877579+00
ACTIVE,2025-09-24,21:18:17,21:36:47,18,No,-,-,-,e959d5da-c372-451b-a46b-cb3d9ec9dc2b,IMA T19,2025-10-01 03:24:26.172856+00
ACTIVE,2025-09-27,15:40:31,15:41:31,1,No,-,-,-,e9844e03-e20d-492b-bf6a-7d924c2c548b,IMA E06,2025-10-01 03:24:33.48849+00
INACTIVE,2025-09-23,05:18:20,05:20:21,2,No,-,-,-,e9c080fb-c515-4364-9923-b4204b11b399,IMA E06,2025-10-01 03:24:31.310218+00
INACTIVE,2025-09-26,16:24:33,16:25:33,1,No,-,-,-,e9cc7ea2-c0b8-446d-b172-d1d07d2d66a2,IMA E06,2025-10-01 03:24:33.059588+00
ACTIVE,2025-09-23,18:35:42,18:52:42,17,No,-,-,-,e9de5e42-825a-4f43-943c-3f68e9fe8831,IMA E06,2025-10-01 03:24:31.74892+00
ACTIVE,2025-09-25,10:06:06,10:07:06,1,No,-,-,-,e9debc59-9bd8-467b-a286-9c69e2daa429,IMA E06,2025-10-01 03:24:32.624437+00
ACTIVE,2025-09-16,06:20:07,06:30:07,10,No,-,-,-,e9e7797c-484d-4df7-af22-b9586e926fe2,IMA E06,2025-10-01 03:24:29.128339+00
INACTIVE,2025-09-15,21:15:27,21:16:32,1,No,-,-,-,ea28ee54-91c6-4d84-931d-c6c84ff82875,IMA E06,2025-10-01 03:24:28.642092+00
ACTIVE,2025-09-29,12:37:53,12:40:53,3,No,-,-,-,ea32eaa9-811c-4042-98a3-dd190b26780a,IMA E06,2025-10-01 03:24:33.928006+00
INACTIVE,2025-09-27,17:54:40,18:15:49,21,No,-,-,-,ea3f31ad-f808-44e5-a92c-2ae69c377f8e,IMA E06,2025-10-01 03:24:33.48849+00
ACTIVE,2025-09-25,08:57:03,08:58:03,1,No,-,-,-,ea451640-f622-4853-a006-b5d537ea92c2,IMA E06,2025-10-01 03:24:32.624437+00
INACTIVE,2025-09-25,14:21:56,14:23:01,1,No,-,-,-,ea610c0a-09a1-4e9b-b6b0-ed90bb5bb235,IMA E06,2025-10-01 03:24:32.624437+00
INACTIVE,2025-09-27,07:15:07,07:19:12,4,Yes,Packaging / Material Issues,410 Damage IC at box exit unit,-,ea6884c0-b424-4814-96e7-317b2330a5cb,IMA E06,2025-10-01 03:24:33.48849+00
INACTIVE,2025-09-22,06:36:56,06:44:57,8,Yes,Mechanical General,417 Blurred Date code,-,ea832b22-b278-4b86-8eaf-72e9abd48c71,IMA T19,2025-10-01 03:24:24.504481+00
ACTIVE,2025-09-18,10:44:10,10:45:10,1,No,-,-,-,eaab606d-9064-4134-a5ed-593e4ffb6768,IMA T19,2025-10-01 03:24:23.397716+00
ACTIVE,2025-09-29,16:01:28,16:04:28,3,No,-,-,-,eab5dc9e-e21d-411e-ba60-fbd937003ced,IMA E06,2025-10-01 03:24:34.339012+00
ACTIVE,2025-09-29,06:31:32,06:32:32,1,No,-,-,-,eaec60dd-209f-48a9-89c2-6548dbeb70c9,IMA E06,2025-10-01 03:24:33.928006+00
INACTIVE,2025-09-26,20:17:45,20:19:20,2,Yes,Mechanical General,307 Filter paper splicing failed,-,eb16dd24-1078-47bf-b6b3-2bcb8cb3fa70,IMA E06,2025-10-01 03:24:33.059588+00
INACTIVE,2025-09-22,08:05:27,08:06:31,1,No,-,-,-,eb885e07-0d90-4737-ad0e-cd1cb4af8f34,IMA E06,2025-10-01 03:24:30.866611+00
INACTIVE,2025-09-25,23:53:53,23:55:53,2,No,-,-,-,eba66a48-3aa2-4416-b2d8-399aa8ee897c,IMA E06,2025-10-01 03:24:32.624437+00
INACTIVE,2025-09-18,15:52:08,15:55:13,3,No,-,-,-,ebb075e7-0c69-40ce-b297-d32f5c9e8c7f,IMA T19,2025-10-01 03:24:23.397716+00
INACTIVE,2025-09-29,10:16:23,10:18:23,2,Yes,-,-,-,ebde0960-7e12-4a6d-bc92-aa15e5b52ad5,IMA E06,2025-10-01 03:24:33.928006+00
ACTIVE,2025-09-29,14:07:36,14:09:06,2,No,-,-,-,ebf3b942-81b3-4f06-a986-33323fb3945a,IMA E06,2025-10-01 03:24:34.339012+00
ACTIVE,2025-09-26,20:01:12,20:04:12,3,No,-,-,-,ebfc0168-68c8-46ed-80fc-3f6326cee07f,IMA E06,2025-10-01 03:24:33.059588+00
ACTIVE,2025-09-22,15:04:14,15:10:44,6,No,-,-,-,ec5fd8b0-a929-4dbf-b61a-e07e40eb4690,IMA T19,2025-10-01 03:24:25.118773+00
INACTIVE,2025-09-15,09:25:24,09:26:28,1,No,-,-,-,ec6fe0f1-8cc8-4136-a752-6598019a8e08,IMA E06,2025-10-01 03:24:28.642092+00
ACTIVE,2025-09-17,19:42:23,19:53:53,12,No,-,-,-,ec910fb1-1edc-49bf-8cd2-640ea96c38da,IMA T19,2025-10-01 03:24:22.877579+00
ACTIVE,2025-09-25,18:05:34,18:29:04,24,No,-,-,-,ecced642-4b9a-4c8d-b483-822ec1a4e1f4,IMA T19,2025-10-01 03:24:26.172856+00
INACTIVE,2025-09-23,16:45:14,16:46:18,1,No,-,-,-,ecd31a75-e575-448a-9fc8-fae7d7f35c3b,IMA E06,2025-10-01 03:24:31.74892+00
ACTIVE,2025-09-24,14:51:54,15:09:24,18,No,-,-,-,ecf7a9d8-3f87-483c-bd2f-e9b5a1f72677,IMA T19,2025-10-01 03:24:25.640136+00
ACTIVE,2025-09-26,15:01:02,15:10:02,9,No,-,-,-,ed058561-f89a-401c-a11a-0ec4ff8311c5,IMA T19,2025-10-01 03:24:26.172856+00
ACTIVE,2025-09-15,12:26:08,12:37:38,12,No,-,-,-,ed1da9f0-9dcd-4c1a-bedb-e01f87a03c92,IMA E06,2025-10-01 03:24:28.642092+00
ACTIVE,2025-09-20,12:13:52,12:38:22,24,No,-,-,-,ed7d1123-eb8e-405a-bc4c-59c8305c6d88,IMA E06,2025-10-01 03:24:30.866611+00
ACTIVE,2025-09-26,22:47:11,23:34:41,48,No,-,-,-,ed8ded3b-ded8-4117-8960-404d527cebe2,IMA E06,2025-10-01 03:24:33.48849+00
INACTIVE,2025-09-29,18:45:32,18:50:41,5,Yes,-,-,-,edbb218b-7761-43a3-8780-9e9fa710e67d,IMA T19,2025-10-01 03:24:27.585911+00
ACTIVE,2025-09-27,17:36:55,17:37:55,1,No,-,-,-,edd60607-63e0-4e69-89dc-7b37b8b885e8,IMA T19,2025-10-01 03:24:26.969994+00
INACTIVE,2025-09-20,21:41:19,22:12:49,32,Yes,Packaging / Material Issues,310 Tea bag Falling,sample creation Time,eddaf025-3043-487b-aa01-e3f1121faf71,IMA E06,2025-10-01 03:24:30.866611+00
INACTIVE,2025-09-29,13:39:19,13:40:19,1,No,-,-,-,ee06de34-c21f-43c4-bbf8-9bfa6334a2c8,IMA T19,2025-10-01 03:24:27.585911+00
ACTIVE,2025-09-22,13:17:12,13:21:42,4,No,-,-,-,ee1d2194-8307-479c-9022-e178825b109d,IMA E06,2025-10-01 03:24:31.310218+00
INACTIVE,2025-09-27,19:29:01,19:31:01,2,Yes,-,-,-,ee2b173a-1c07-4fb3-91f7-d7215cbe10bb,IMA T19,2025-10-01 03:24:26.969994+00
INACTIVE,2025-09-18,16:02:20,16:19:20,17,Yes,-,-,-,eeafbb15-67a9-4de8-a0a0-340b0d32342f,IMA E06,2025-10-01 03:24:30.005057+00
ACTIVE,2025-09-15,22:59:32,23:01:02,2,No,-,-,-,eec3701e-f734-4daf-b321-389d70c036bd,IMA T19,2025-10-01 03:24:22.074365+00
INACTIVE,2025-09-18,06:04:32,06:06:44,2,No,-,-,-,eefd7b1b-938f-4d5d-a69a-06213de5e644,IMA T19,2025-10-01 03:24:22.877579+00
INACTIVE,2025-09-26,19:56:57,20:59:03,62,Yes,Admin,142 Break time,-,ef29752b-1584-455e-a8c2-b729b8062f99,IMA T19,2025-10-01 03:24:26.969994+00
ACTIVE,2025-09-20,00:38:04,00:47:34,10,No,-,-,-,ef3aeb00-ceb4-4ffc-8af2-54f16357c986,IMA E06,2025-10-01 03:24:30.437349+00
ACTIVE,2025-09-22,07:25:03,07:26:03,1,No,-,-,-,ef41231f-dcd9-4af3-b0d8-f7f19261c0bc,IMA E06,2025-10-01 03:24:30.866611+00
ACTIVE,2025-09-18,22:10:48,22:27:48,17,No,-,-,-,ef7b0ed0-747b-4df3-b754-84c3eb1ed67b,IMA T19,2025-10-01 03:24:23.908734+00
INACTIVE,2025-09-30,07:21:46,07:32:50,11,Yes,Material Shortage,100 No MP/Waiting for MP,meet the supervisor operator 2821,ef8c1d82-be64-411e-ae5c-4323a9fcf2b2,IMA T19,2025-10-01 03:24:28.198188+00
INACTIVE,2025-09-25,22:00:21,22:01:55,2,No,-,-,-,efbf65d3-ffaa-43be-88f4-e44bec0aa193,IMA E06,2025-10-01 03:24:32.624437+00
ACTIVE,2025-09-17,07:50:49,07:58:19,8,No,-,-,-,efcebf9f-ba72-4521-af39-13dbf7db31f9,IMA E06,2025-10-01 03:24:29.128339+00
INACTIVE,2025-09-26,17:52:59,17:58:59,6,Yes,Quality / Rework,127 Reworks,-,efd4b462-5703-4f2b-a314-84fd398b1b12,IMA E06,2025-10-01 03:24:33.059588+00
INACTIVE,2025-09-24,01:15:14,01:16:19,1,No,-,-,-,efd5d198-8881-49e7-98f0-b38584fd03c5,IMA E06,2025-10-01 03:24:31.74892+00
INACTIVE,2025-09-29,14:50:28,14:52:03,2,Yes,-,-,-,efdaee82-d71e-4eb7-8378-b87775046baf,IMA E06,2025-10-01 03:24:34.339012+00
INACTIVE,2025-09-20,18:00:55,18:01:55,1,No,-,-,-,efdd2b37-2772-4e99-9988-74038335869a,IMA E06,2025-10-01 03:24:30.866611+00
ACTIVE,2025-09-20,00:51:02,00:52:02,1,No,-,-,-,eff02060-c734-4e6f-84e9-a561231ee1c6,IMA E06,2025-10-01 03:24:30.437349+00
INACTIVE,2025-09-18,00:01:05,00:02:40,2,No,-,-,-,efffe961-ce00-4058-9010-f880892649bf,IMA E06,2025-10-01 03:24:29.576452+00
ACTIVE,2025-09-23,06:04:45,06:53:45,49,No,-,-,-,f012fa47-8e19-4363-b4f3-9f1f246ef66b,IMA T19,2025-10-01 03:24:25.118773+00
ACTIVE,2025-09-15,12:45:24,12:46:24,1,No,-,-,-,f033fb57-a857-4a29-9115-ed4a70bdf7d7,IMA E06,2025-10-01 03:24:28.642092+00
INACTIVE,2025-09-20,03:17:55,03:18:55,1,No,-,-,-,f037944e-49b5-45d7-83cd-f2e59435cc32,IMA E06,2025-10-01 03:24:30.437349+00
ACTIVE,2025-09-20,09:08:52,09:50:22,42,No,-,-,-,f0384aa7-2122-4fc3-a027-b241f864c3e9,IMA E06,2025-10-01 03:24:30.866611+00
INACTIVE,2025-09-15,22:14:37,22:15:42,1,No,-,-,-,f03e3487-f8d9-4898-b1e7-ccb1851a2213,IMA T19,2025-10-01 03:24:22.074365+00
ACTIVE,2025-09-19,20:32:20,20:38:20,6,No,-,-,-,f05e902e-9456-4986-8fed-49388c4b6a41,IMA E06,2025-10-01 03:24:30.437349+00
INACTIVE,2025-09-24,10:30:40,10:32:11,2,Yes,Material Shortage,304 No envelope,-,f070fd4c-d9e6-407f-a1e3-23a6811ad717,IMA E06,2025-10-01 03:24:32.188922+00
ACTIVE,2025-09-19,07:59:57,08:17:27,18,No,-,-,-,f076d8b1-885b-4448-b933-968160eb1a3f,IMA E06,2025-10-01 03:24:30.005057+00
ACTIVE,2025-09-18,13:46:44,13:49:14,2,No,-,-,-,f07f2dd7-6988-4974-87e9-cb1089c8cc7d,IMA T19,2025-10-01 03:24:23.397716+00
ACTIVE,2025-09-29,16:19:19,16:22:19,3,No,-,-,-,f09d7a60-78dd-438f-80fd-88bb840fc4ac,IMA T19,2025-10-01 03:24:27.585911+00
INACTIVE,2025-09-17,10:43:01,10:45:35,3,No,-,-,-,f0bd471e-81c2-4d0d-a253-73a1ba50015c,IMA E06,2025-10-01 03:24:29.128339+00
ACTIVE,2025-09-19,09:38:30,10:14:30,36,No,-,-,-,f0cef3ef-acf3-42c2-8999-501345aa2dce,IMA T19,2025-10-01 03:24:23.908734+00
ACTIVE,2025-09-18,00:46:41,01:43:11,56,No,-,-,-,f0ed7133-fa8a-441f-b655-d548e7a75193,IMA E06,2025-10-01 03:24:29.576452+00
INACTIVE,2025-09-24,03:04:14,03:06:18,2,Yes,Mechanical General,307 Filter paper splicing failed,-,f126563d-df5f-41bd-a34c-a40d83be623d,IMA E06,2025-10-01 03:24:31.74892+00
INACTIVE,2025-09-20,09:07:00,09:08:35,2,No,-,-,-,f133a86e-3267-4eb6-88bc-4672d61410a1,IMA E06,2025-10-01 03:24:30.866611+00
ACTIVE,2025-09-18,15:31:53,15:35:23,4,No,-,-,-,f1466bb8-89e6-49fa-8b66-d60f1b6e93ec,IMA E06,2025-10-01 03:24:30.005057+00
INACTIVE,2025-09-15,21:42:35,21:46:07,4,No,-,-,-,f175b0c9-0ad5-433f-b092-ff0bdefc4990,IMA T19,2025-10-01 03:24:22.074365+00
ACTIVE,2025-09-23,10:39:10,10:46:40,8,No,-,-,-,f18098bd-9316-41b2-b93b-cc340ef5eb23,IMA T19,2025-10-01 03:24:25.118773+00
INACTIVE,2025-09-22,07:02:01,07:03:36,2,No,-,-,-,f1908994-5229-46f2-8137-87619a97f20b,IMA E06,2025-10-01 03:24:30.866611+00
ACTIVE,2025-09-25,02:20:50,03:12:50,52,No,-,-,-,f1b8dfe1-f814-4ddb-bafa-25d372597f40,IMA E06,2025-10-01 03:24:32.188922+00
INACTIVE,2025-09-19,16:35:56,16:37:01,1,No,-,-,-,f1c66b10-9fbd-4f1e-9f58-238d91cd1089,IMA E06,2025-10-01 03:24:30.437349+00
INACTIVE,2025-09-15,09:38:56,09:41:31,3,No,-,-,-,f1cc9f53-5f33-4091-b2b7-d307f072e3f8,IMA E06,2025-10-01 03:24:28.642092+00
INACTIVE,2025-09-29,20:17:16,20:20:42,3,Yes,-,-,-,f201ce6d-ffc7-4d31-a985-76f7cd8d25c3,IMA T19,2025-10-01 03:24:28.198188+00
INACTIVE,2025-09-20,06:44:38,06:46:42,2,No,-,-,-,f21f6689-b72e-43ae-9d85-ae6a9b0c1812,IMA E06,2025-10-01 03:24:30.437349+00
ACTIVE,2025-09-24,15:51:05,15:56:05,5,No,-,-,-,f25eb56d-3ed9-472d-8a49-02d25412da08,IMA E06,2025-10-01 03:24:32.188922+00
ACTIVE,2025-09-19,23:25:33,23:27:33,2,No,-,-,-,f277c6b8-c2c6-4606-9c7e-b55ff528261c,IMA T19,2025-10-01 03:24:24.504481+00
INACTIVE,2025-09-24,09:35:04,09:37:09,2,No,-,-,-,f28d6ab1-076d-4bce-ac2b-675094864c7e,IMA E06,2025-10-01 03:24:32.188922+00
INACTIVE,2025-09-23,19:18:24,19:19:29,1,No,-,-,-,f2b532ef-7526-4c18-906d-a41cfb70b444,IMA E06,2025-10-01 03:24:31.74892+00
ACTIVE,2025-09-29,13:44:04,13:46:34,2,No,-,-,-,f2c454cb-c2d4-4533-bcf2-543110912597,IMA T19,2025-10-01 03:24:27.585911+00
INACTIVE,2025-09-23,14:10:16,14:11:20,1,No,-,-,-,f2e55521-1a68-4ef8-9fd9-5a2a41ccbc41,IMA E06,2025-10-01 03:24:31.74892+00
INACTIVE,2025-09-27,19:26:56,20:17:04,50,No,-,-,-,f2e8453d-9300-4178-8a3d-34f17dc345ee,IMA E06,2025-10-01 03:24:33.48849+00
ACTIVE,2025-09-20,17:50:31,17:52:01,2,No,-,-,-,f2f21ebd-94ea-4069-a2de-8fc1bdc2883c,IMA E06,2025-10-01 03:24:30.866611+00
ACTIVE,2025-09-19,18:41:34,18:48:34,7,No,-,-,-,f3043b74-419f-44a5-bf10-d7fd78cb0be4,IMA T19,2025-10-01 03:24:23.908734+00
ACTIVE,2025-09-26,06:30:01,06:31:31,2,No,-,-,-,f3344c54-17b9-4dcc-b1ab-281d7b3ff2db,IMA T19,2025-10-01 03:24:26.172856+00
INACTIVE,2025-09-29,08:15:16,08:16:50,2,No,-,-,-,f33daea4-b2b1-4f00-ab74-a629c8bc7f90,IMA E06,2025-10-01 03:24:33.928006+00
ACTIVE,2025-09-25,19:09:20,19:16:20,7,No,-,-,-,f361e5fc-fbd2-45e3-a1ce-f8bf71abd33b,IMA T19,2025-10-01 03:24:26.172856+00
ACTIVE,2025-09-29,19:30:19,19:32:19,2,No,-,-,-,f3831667-895f-459f-903a-5109ae0764d8,IMA T19,2025-10-01 03:24:27.585911+00
INACTIVE,2025-09-26,06:42:05,06:44:40,3,Yes,Mechanical General,306 Tag Splicing failed,-,f39f73c4-4e34-49de-9699-96b47541072f,IMA E06,2025-10-01 03:24:33.059588+00
ACTIVE,2025-09-18,20:40:26,20:46:26,6,No,-,-,-,f3a47bb3-1070-4c13-98cb-4d9d6ef24281,IMA E06,2025-10-01 03:24:30.005057+00
ACTIVE,2025-09-15,10:22:36,10:50:06,28,No,-,-,-,f3f5f3bc-5ada-43f9-bb5b-49c226374e0e,IMA E06,2025-10-01 03:24:28.642092+00
ACTIVE,2025-09-27,10:43:21,10:47:51,4,No,-,-,-,f411edbd-1d1c-45a6-b409-01938d3ef79e,IMA T19,2025-10-01 03:24:26.969994+00
INACTIVE,2025-09-16,00:26:59,00:28:33,2,No,-,-,-,f43f569f-c8ee-4de3-8e91-8a605f88ece5,IMA E06,2025-10-01 03:24:28.642092+00
ACTIVE,2025-09-18,17:12:01,18:08:01,56,No,-,-,-,f4505866-112e-46d3-9035-9d61610df91f,IMA E06,2025-10-01 03:24:30.005057+00
INACTIVE,2025-09-27,19:18:44,19:26:19,8,Yes,Packaging / Material Issues,332 Pin hole in Tea bag,-,f4833d6e-e2c5-44d3-9423-c8b3417fbd4d,IMA E06,2025-10-01 03:24:33.48849+00
INACTIVE,2025-09-26,00:04:39,00:24:44,20,No,-,-,-,f49272d2-a38c-4c21-9a8f-48ce22a1a4f6,IMA E06,2025-10-01 03:24:33.059588+00
ACTIVE,2025-09-17,18:05:42,18:07:42,2,No,-,-,-,f4a3dd54-c19a-436e-bfba-319ce91e6acc,IMA E06,2025-10-01 03:24:29.576452+00
ACTIVE,2025-09-19,07:48:17,07:58:47,10,No,-,-,-,f4b45010-3f43-4884-8b3f-dfc49bde3ac4,IMA T19,2025-10-01 03:24:23.908734+00
INACTIVE,2025-09-20,16:43:17,16:46:12,3,Yes,Mechanical General,103 Start up,-,f4b94331-cd11-45b6-a330-7139b5dc6c7c,IMA T19,2025-10-01 03:24:24.504481+00
ACTIVE,2025-09-25,09:43:34,10:02:34,19,No,-,-,-,f4cfc4ab-8f81-4456-9878-abe57b6e59fa,IMA E06,2025-10-01 03:24:32.624437+00
ACTIVE,2025-09-25,19:04:04,19:30:04,26,No,-,-,-,f4eba8c2-71e8-4347-a617-7011909d8fa8,IMA E06,2025-10-01 03:24:32.624437+00
ACTIVE,2025-09-22,06:23:31,06:26:01,2,No,-,-,-,f51804c0-6280-41ad-a636-41e295f59bd9,IMA E06,2025-10-01 03:24:30.866611+00
INACTIVE,2025-09-23,08:53:15,08:56:50,4,Yes,Packaging / Material Issues,349 Tag dettached from teabag,-,f522ebd6-ec0a-47c4-a43a-d7e02043b8c9,IMA E06,2025-10-01 03:24:31.310218+00
INACTIVE,2025-09-15,10:52:50,10:53:56,1,No,-,-,-,f542832b-a38c-40c0-9d8c-ffcc61020521,IMA E06,2025-10-01 03:24:28.642092+00
ACTIVE,2025-09-20,00:58:04,01:12:04,14,No,-,-,-,f56730a9-520a-46e5-9e17-53829db17928,IMA E06,2025-10-01 03:24:30.437349+00
ACTIVE,2025-09-24,22:40:15,23:30:15,50,No,-,-,-,f575d607-5078-411c-88aa-dc180019e1ae,IMA T19,2025-10-01 03:24:26.172856+00
INACTIVE,2025-09-29,16:47:56,16:49:00,1,No,-,-,-,f582e1b7-4c67-45a8-b3eb-f309347aae1d,IMA E06,2025-10-01 03:24:34.339012+00
ACTIVE,2025-09-19,22:01:15,22:15:15,14,No,-,-,-,f583af89-971e-4a20-8380-ffb84810de00,IMA T19,2025-10-01 03:24:24.504481+00
INACTIVE,2025-09-20,15:32:24,15:34:29,2,No,-,-,-,f5ba39d8-b963-4c96-a58b-4ddc2e21d0af,IMA E06,2025-10-01 03:24:30.866611+00
ACTIVE,2025-09-19,13:14:40,13:52:40,38,No,-,-,-,f5c6de63-9bb7-4b1a-bbb2-bcaf115f8a23,IMA E06,2025-10-01 03:24:30.437349+00
INACTIVE,2025-09-30,19:50:30,20:00:28,10,Yes,-,-,-,f5da2c3d-4b0b-40b9-aa23-02ee2b0b2876,IMA T19,2025-10-01 03:24:28.198188+00
ACTIVE,2025-09-27,16:08:40,16:11:40,3,No,-,-,-,f5e6bd25-06eb-4601-9ca5-0e83547cbcc5,IMA T19,2025-10-01 03:24:26.969994+00
ACTIVE,2025-09-23,09:33:25,09:38:55,6,No,-,-,-,f60c26ac-4084-4712-8a5d-f7a47d75387f,IMA T19,2025-10-01 03:24:25.118773+00
INACTIVE,2025-09-25,03:19:48,03:20:53,1,No,-,-,-,f6103ea0-1c76-41c9-8df8-5f338641a100,IMA E06,2025-10-01 03:24:32.188922+00
ACTIVE,2025-09-18,18:34:28,19:05:28,31,No,-,-,-,f62415d6-c69d-402c-b017-d8e690eef3ad,IMA E06,2025-10-01 03:24:30.005057+00
ACTIVE,2025-09-23,10:13:05,11:03:05,50,No,-,-,-,f64766d7-c236-48ac-80c1-17def1e9fe18,IMA E06,2025-10-01 03:24:31.74892+00
ACTIVE,2025-09-29,13:04:38,13:05:38,1,No,-,-,-,f6502dee-821d-4ed5-9254-459fb48cddf9,IMA E06,2025-10-01 03:24:33.928006+00
ACTIVE,2025-09-30,19:17:24,19:35:54,18,No,-,-,-,f651ab9d-2b83-41bf-9ff9-76bc32038564,IMA T19,2025-10-01 03:24:28.198188+00
INACTIVE,2025-09-18,21:58:39,22:00:11,2,No,-,-,-,f654f251-ad82-40a3-b36e-00beb8d977d4,IMA T19,2025-10-01 03:24:23.908734+00
ACTIVE,2025-09-27,00:26:33,00:31:03,4,No,-,-,-,f65c4725-89ab-434e-b3c6-da1006806ed0,IMA E06,2025-10-01 03:24:33.48849+00
ACTIVE,2025-09-23,17:45:06,17:49:06,4,No,-,-,-,f6aef225-bd49-4e69-b5b2-039e7233ae72,IMA T19,2025-10-01 03:24:25.640136+00
INACTIVE,2025-09-22,13:32:25,13:33:59,2,Yes,Admin,128 Daily CLIRT,-,f6bb68cd-d730-49cc-a5d8-5b4429889895,IMA T19,2025-10-01 03:24:25.118773+00
ACTIVE,2025-09-17,11:06:58,11:09:58,3,No,-,-,-,f6c82f0e-a4c6-4162-b1fb-1ed7219925a5,IMA T19,2025-10-01 03:24:22.877579+00
INACTIVE,2025-09-18,09:25:01,09:28:35,4,No,-,-,-,f6eb8276-4bbc-4d3e-9059-7b8156b10e8e,IMA T19,2025-10-01 03:24:23.397716+00
INACTIVE,2025-09-29,07:06:46,07:10:37,4,Yes,-,-,-,f6f34c5f-9fc8-4acd-b25c-b710202d6db8,IMA T19,2025-10-01 03:24:27.585911+00
ACTIVE,2025-09-16,11:03:03,11:05:33,2,No,-,-,-,f6ff2969-639e-4b4a-adb0-bad783d0a32c,IMA E06,2025-10-01 03:24:29.128339+00
INACTIVE,2025-09-19,23:21:04,23:25:09,4,Yes,Admin,128 Daily CLIRT,-,f7088abf-7d46-49a6-888e-a1d3125c9d29,IMA T19,2025-10-01 03:24:24.504481+00
ACTIVE,2025-09-26,12:34:55,12:44:26,10,No,-,-,-,f70c0a22-977f-419f-9b45-c54addd699e4,IMA E06,2025-10-01 03:24:33.059588+00
ACTIVE,2025-09-23,19:54:50,19:56:20,2,No,-,-,-,f7218ba6-b629-4650-9f90-b6aff9b31e6e,IMA T19,2025-10-01 03:24:25.640136+00
ACTIVE,2025-09-24,23:34:16,23:42:16,8,No,-,-,-,f735f97c-af43-4f8a-bb9b-c065b44988c7,IMA E06,2025-10-01 03:24:32.188922+00
ACTIVE,2025-09-20,12:39:47,12:48:47,9,No,-,-,-,f7633ddc-0a6a-4bd7-bf69-9a8a693b4d70,IMA T19,2025-10-01 03:24:24.504481+00
ACTIVE,2025-09-27,21:34:52,21:53:22,18,No,-,-,-,f778fb9c-1952-47c2-bcef-57a07aea3c98,IMA E06,2025-10-01 03:24:33.48849+00
INACTIVE,2025-09-29,16:28:06,16:29:39,2,No,-,-,-,f7c6355f-821e-48b3-a891-b482028845ea,IMA E06,2025-10-01 03:24:34.339012+00
ACTIVE,2025-09-24,02:43:10,03:02:10,19,No,-,-,-,f7e154c5-b563-4c30-97fa-f12abd2742c3,IMA E06,2025-10-01 03:24:31.74892+00
ACTIVE,2025-09-18,05:20:23,05:26:23,6,No,-,-,-,f820ae95-0439-416f-8d62-e7132dc35e46,IMA E06,2025-10-01 03:24:29.576452+00
ACTIVE,2025-09-17,12:13:44,12:17:14,4,No,-,-,-,f8365c86-28ae-4325-8293-847c8f625f91,IMA T19,2025-10-01 03:24:22.877579+00
ACTIVE,2025-09-27,17:19:48,17:32:18,12,No,-,-,-,f8691896-ed55-455e-8882-3dbe721ad8d5,IMA T19,2025-10-01 03:24:26.969994+00
ACTIVE,2025-09-17,08:04:12,08:09:42,6,No,-,-,-,f8781bb0-633e-454d-a764-4d3fcb663090,IMA T19,2025-10-01 03:24:22.877579+00
INACTIVE,2025-09-26,15:22:44,15:42:14,20,No,-,-,-,f8b979b3-7a9f-4f52-8c6d-1c5c642b00d0,IMA E06,2025-10-01 03:24:33.059588+00
INACTIVE,2025-09-25,04:59:24,05:00:29,1,No,-,-,-,f8c326c1-d3cb-4a00-a43b-340b050c25b8,IMA E06,2025-10-01 03:24:32.624437+00
INACTIVE,2025-09-27,07:47:53,07:49:57,2,Yes,Material Shortage,304 No envelope,-,f8d58423-542e-4c0c-b70d-ebd3f4e877aa,IMA E06,2025-10-01 03:24:33.48849+00
ACTIVE,2025-09-20,21:33:49,21:34:49,1,No,-,-,-,f8dd002d-d35e-4872-8d1f-9de29d7dc1a6,IMA E06,2025-10-01 03:24:30.866611+00
ACTIVE,2025-09-19,12:34:14,12:53:44,20,No,-,-,-,f9352643-1729-45c1-84fb-a7032df3cb33,IMA E06,2025-10-01 03:24:30.437349+00
ACTIVE,2025-09-22,13:34:05,13:38:05,4,No,-,-,-,f940b7b6-d36d-4e92-8128-ad876f90f311,IMA T19,2025-10-01 03:24:25.118773+00
ACTIVE,2025-09-15,09:27:36,09:53:36,26,No,-,-,-,f943905b-2a77-4776-be5b-426bc4e818ba,IMA T19,2025-10-01 03:24:22.074365+00
ACTIVE,2025-09-16,00:55:27,00:56:57,2,No,-,-,-,f963d25d-e266-4cd4-8765-6d478756a222,IMA E06,2025-10-01 03:24:29.128339+00
INACTIVE,2025-09-17,11:10:28,12:13:33,63,No,-,-,-,f9afabf4-c1e8-4acd-8f91-272ed023cd65,IMA T19,2025-10-01 03:24:22.877579+00
ACTIVE,2025-09-18,21:38:12,21:40:12,2,No,-,-,-,f9c16265-3723-4247-abc8-1120636cee96,IMA T19,2025-10-01 03:24:23.908734+00
ACTIVE,2025-09-18,13:49:49,13:52:19,2,No,-,-,-,fa10ed56-e4b7-4049-9bbc-db9509e67b4f,IMA T19,2025-10-01 03:24:23.397716+00
ACTIVE,2025-09-15,09:44:13,10:18:43,34,No,-,-,-,fa3c5161-eadf-4ba7-a6ec-1143fb17605e,IMA E06,2025-10-01 03:24:28.642092+00
INACTIVE,2025-09-25,13:29:54,13:32:58,3,Yes,Admin,128 Daily CLIRT,-,fa746e53-e6c2-4848-8d23-45472b1c36f9,IMA T19,2025-10-01 03:24:26.172856+00
ACTIVE,2025-09-30,10:54:35,10:56:35,2,No,-,-,-,fab4885e-acd4-4c38-87df-bba7ef4b4252,IMA T19,2025-10-01 03:24:28.198188+00
ACTIVE,2025-09-15,18:28:18,18:32:48,4,No,-,-,-,fad33b1e-0377-4db7-b44f-e73d1ea479a0,IMA T19,2025-10-01 03:24:22.074365+00
INACTIVE,2025-09-15,16:25:35,16:58:52,33,No,-,-,-,faf82ed0-caee-4895-82da-e6dba797e658,IMA E06,2025-10-01 03:24:28.642092+00
ACTIVE,2025-09-29,17:17:10,17:21:40,4,No,-,-,-,fb023061-d08e-4311-ac01-d088c7c2ad45,IMA E06,2025-10-01 03:24:34.339012+00
INACTIVE,2025-09-15,13:26:45,13:30:49,4,No,-,-,-,fb1575a3-e6a7-4def-82ef-d921a0b1ef91,IMA E06,2025-10-01 03:24:28.642092+00
ACTIVE,2025-09-25,07:44:05,08:29:35,46,No,-,-,-,fb195c57-66bf-4d61-894e-a5fc63119864,IMA T19,2025-10-01 03:24:26.172856+00
INACTIVE,2025-09-18,16:01:54,16:04:58,3,No,-,-,-,fb40ed04-fc3b-439c-9538-7bcd1558177f,IMA T19,2025-10-01 03:24:23.397716+00
ACTIVE,2025-09-16,05:42:14,05:56:14,14,No,-,-,-,fb4c7ca6-bb00-46f2-a9e3-ccb908875ae4,IMA E06,2025-10-01 03:24:29.128339+00
ACTIVE,2025-09-18,12:14:26,12:31:56,18,No,-,-,-,fb7d7341-f7a4-47d5-8097-04edfc85fbf0,IMA E06,2025-10-01 03:24:29.576452+00
ACTIVE,2025-09-23,22:54:50,23:09:50,15,No,-,-,-,fba1efc7-a3cd-4146-ad75-50b727ddbe98,IMA E06,2025-10-01 03:24:31.74892+00
ACTIVE,2025-09-26,07:14:32,07:36:32,22,No,-,-,-,fba50628-2efe-4aea-9fae-ee8ca8ddac70,IMA E06,2025-10-01 03:24:33.059588+00
ACTIVE,2025-09-26,06:33:09,06:41:09,8,No,-,-,-,fbbc38e1-8e47-4901-928a-7f3213d71a5c,IMA E06,2025-10-01 03:24:33.059588+00
ACTIVE,2025-09-18,06:44:35,06:49:35,5,No,-,-,-,fbd0f28c-51db-46d3-a2f5-d09db75c6767,IMA E06,2025-10-01 03:24:29.576452+00
ACTIVE,2025-09-29,14:28:22,14:35:22,7,No,-,-,-,fbe9f363-1269-4d13-aa07-26fa84c9823e,IMA T19,2025-10-01 03:24:27.585911+00
ACTIVE,2025-09-27,18:51:09,18:52:39,2,No,-,-,-,fc07a793-596e-4a53-adc2-958f84f53707,IMA E06,2025-10-01 03:24:33.48849+00
ACTIVE,2025-09-22,20:58:40,21:31:40,33,No,-,-,-,fc163ddf-d512-4ce7-8537-e21ca8f0214c,IMA T19,2025-10-01 03:24:25.118773+00
ACTIVE,2025-09-18,02:18:24,02:30:24,12,No,-,-,-,fc346e6d-b50b-4076-a2ec-22c758654cfb,IMA E06,2025-10-01 03:24:29.576452+00
INACTIVE,2025-09-24,05:19:53,05:20:57,1,Yes,Mechanical General,149 closing of Hopper gate,-,fc38289a-ccde-4a53-a225-0d8b5c790bd2,IMA E06,2025-10-01 03:24:31.74892+00
INACTIVE,2025-09-30,18:55:38,18:56:42,1,No,-,-,-,fc40d7ac-06d0-4781-99c0-b04ba65ab79e,IMA T19,2025-10-01 03:24:28.198188+00
ACTIVE,2025-09-19,08:46:00,09:05:30,20,No,-,-,-,fc77f54b-1f1a-467a-9f93-8ba9e26440a2,IMA E06,2025-10-01 03:24:30.005057+00
ACTIVE,2025-09-27,01:29:32,01:32:32,3,No,-,-,-,fc7ef871-89b4-42e9-a569-476151a53d41,IMA E06,2025-10-01 03:24:33.48849+00
ACTIVE,2025-09-23,12:16:16,12:46:46,30,No,-,-,-,fc8113ce-d54c-4f86-8bda-f6cbb27723aa,IMA T19,2025-10-01 03:24:25.118773+00
ACTIVE,2025-09-17,22:42:38,22:46:08,4,No,-,-,-,fc923dc5-878d-4181-8119-dc748cb16cd9,IMA T19,2025-10-01 03:24:22.877579+00
ACTIVE,2025-09-27,09:49:13,09:54:13,5,No,-,-,-,fcb561ee-d43b-40e1-81da-954381dd2855,IMA T19,2025-10-01 03:24:26.969994+00
INACTIVE,2025-09-15,18:26:42,18:28:15,2,No,-,-,-,fce32e46-528c-4370-ad51-de75075b7e30,IMA T19,2025-10-01 03:24:22.074365+00
ACTIVE,2025-09-27,06:18:41,06:28:11,10,No,-,-,-,fd05215c-add5-4928-9b22-f2cf97926fa6,IMA T19,2025-10-01 03:24:26.969994+00
ACTIVE,2025-09-19,05:31:06,06:00:36,30,No,-,-,-,fd47e8e4-7124-4323-b92c-fa39361808c8,IMA E06,2025-10-01 03:24:30.005057+00
ACTIVE,2025-09-22,16:23:06,16:54:06,31,No,-,-,-,fd8e66eb-822e-4896-bd96-443a6285c770,IMA T19,2025-10-01 03:24:25.118773+00
INACTIVE,2025-09-25,04:09:38,04:11:14,2,Yes,Packaging / Material Issues,334 Faulty teabag knot,-,fda2a7f5-bf0f-409e-81cf-6eea04086fa6,IMA E06,2025-10-01 03:24:32.188922+00
ACTIVE,2025-09-22,07:20:00,07:22:00,2,No,-,-,-,fdc833eb-908e-45fe-b220-e31596f414e1,IMA E06,2025-10-01 03:24:30.866611+00
ACTIVE,2025-09-22,06:29:10,06:35:40,6,No,-,-,-,fe272849-fe81-449b-9d27-cc36970a061c,IMA E06,2025-10-01 03:24:30.866611+00
INACTIVE,2025-09-23,15:12:40,15:54:47,42,No,-,-,-,fe2cfd70-299e-46f9-8a3f-888281cd97f2,IMA E06,2025-10-01 03:24:31.74892+00
ACTIVE,2025-09-15,21:27:28,21:34:58,8,No,-,-,-,fe432a70-a093-4596-8ea0-e929c76c313c,IMA E06,2025-10-01 03:24:28.642092+00
ACTIVE,2025-09-18,17:09:40,17:30:10,20,No,-,-,-,fe5683ac-d1fc-40bf-9a3f-2612d3808879,IMA T19,2025-10-01 03:24:23.397716+00
INACTIVE,2025-09-23,00:55:31,00:57:36,2,Yes,Mechanical General,149 closing of Hopper gate,-,fe6335be-2efb-47fa-bf2b-34ad1d19793f,IMA E06,2025-10-01 03:24:31.310218+00
ACTIVE,2025-09-30,08:30:46,08:35:16,4,No,-,-,-,fe707a39-939a-4b7e-aa09-b6ccd1ce8103,IMA T19,2025-10-01 03:24:28.198188+00
ACTIVE,2025-09-22,13:23:11,13:32:11,9,No,-,-,-,fe73faf3-ed05-42c0-ac1f-20ed7879a4e2,IMA T19,2025-10-01 03:24:25.118773+00
INACTIVE,2025-09-23,14:07:52,14:08:56,1,No,-,-,-,fe8f39bc-2bd4-4feb-a556-4183c839cc7c,IMA E06,2025-10-01 03:24:31.74892+00
ACTIVE,2025-09-17,22:28:58,22:31:58,3,No,-,-,-,feb078db-a227-4342-9f85-196f5983339c,IMA T19,2025-10-01 03:24:22.877579+00
INACTIVE,2025-09-15,14:55:37,15:01:02,5,No,-,-,-,fedd13b5-7077-4044-b315-001e86c3a799,IMA E06,2025-10-01 03:24:28.642092+00
ACTIVE,2025-09-29,15:09:49,15:12:49,3,No,-,-,-,ff2e9f61-6ea5-4340-8fbc-60c7e90af73a,IMA T19,2025-10-01 03:24:27.585911+00
INACTIVE,2025-09-19,16:25:56,16:27:03,1,No,-,-,-,ff5036a7-e338-4c67-83b9-44dbfe7fd0e1,IMA T19,2025-10-01 03:24:23.908734+00
INACTIVE,2025-09-22,18:45:14,18:46:19,1,No,-,-,-,ff594373-8f54-479d-8265-eabdbe26958b,IMA E06,2025-10-01 03:24:31.310218+00
ACTIVE,2025-09-18,03:23:50,03:37:20,14,No,-,-,-,ff662112-10ef-43d7-8393-0caa12c40b9d,IMA E06,2025-10-01 03:24:29.576452+00
ACTIVE,2025-09-17,16:14:26,16:21:26,7,No,-,-,-,ff6cff12-d2dd-4da2-9440-84420911588a,IMA E06,2025-10-01 03:24:29.576452+00
INACTIVE,2025-09-22,07:47:02,07:48:26,1,No,-,-,-,ff6d7754-8c55-4e47-bd9e-42a1aba03711,IMA E06,2025-10-01 03:24:30.866611+00
ACTIVE,2025-09-20,09:32:09,09:33:39,2,No,-,-,-,ff9b638b-c7c5-427b-a071-ad48dbd81055,IMA T19,2025-10-01 03:24:24.504481+00
INACTIVE,2025-09-18,18:08:26,18:09:26,1,No,-,-,-,ffafde97-0036-4021-9c29-61d912ebafea,IMA E06,2025-10-01 03:24:30.005057+00
ACTIVE,2025-09-24,14:03:15,14:37:15,34,No,-,-,-,ffbb5331-252e-4123-bfaf-3981e0eda491,IMA E06,2025-10-01 03:24:32.188922+00
ACTIVE,2025-09-24,07:32:07,07:34:37,2,No,-,-,-,ffbc11c0-a596-4109-be0d-6f2258d5222b,IMA E06,2025-10-01 03:24:32.188922+00
INACTIVE,2025-09-27,11:09:38,12:20:44,71,Yes,Admin,142 Break time,-,ffbe227d-151f-472e-a9ff-d7fa81209b70,IMA E06,2025-10-01 03:24:33.48849+00
INACTIVE,2025-09-22,07:53:33,07:56:07,3,No,-,-,-,fff445a4-0014-453f-9163-30e2b06932a1,IMA E06,2025-10-01 03:24:30.866611+00
